tendigit_fips,year,subdivisionname,subdivisiontype,county,taxtype,purpose2,description,duration,millagepercent,votesfor,votesagainst,votes_pct_for,votes_pct_against,fips_id,margin_against,failed_levy,close_3,close_5,close_7_5
3900108350,2014,Bratton,Township,Adams,Property,roads,A,5,2,159,207,43.442623138427734,56.557376861572266,3900108350,6.557376861572266,1,0,0,1
3900108350,2015,Bratton,Township,Adams,Property,roads,A,5,2,228,210,52.05479431152344,47.94520568847656,3900108350,-2.0547943115234375,0,1,1,1
3900108350,2020,Bratton,Township,Adams,property,roads,R,5,2,449,270,62.447845458984375,37.552154541015625,3900108350,-12.447845458984375,0,0,0,0
3900147012,1992,Manchester,Village,Adams,Property,roads,A,5,1,282,209,57.433807373046875,42.566192626953125,3947012,-7.433807373046875,0,0,0,1
3900147012,2016,Manchester,Village,Adams,Property,roads,A,5,5,252,1353,15.700934410095215,84.29906463623047,3947012,34.29906463623047,1,0,0,0
3900147012,2020,Manchester,Village,Adams,property,roads,R,5,5,416,171,70.86882781982422,29.13117218017578,3947012,-20.86882781982422,0,0,0,0
3900158366,2020,Oliver,Township,Adams,property,roads,A,5,2,243,231,51.26582336425781,48.73417663574219,3900158366,-1.2658233642578125,0,1,1,1
3900171206,2018,Seaman,Village,Adams,Property,roads,A,5,2,252,87,74.3362808227539,25.663719177246094,3971206,-24.336280822753906,0,0,0,0
3900171206,2021,Seaman,Village,Adams,property,roads,R,5,2,126,38,76.82926940917969,23.170730590820313,3971206,-26.829269409179688,0,0,0,0
3900184294,1993,West Union,Village,Adams,Property,roads,R,5,2,475,124,79.298828125,20.701171875,3984294,-29.298828125,0,0,0,0
3900184294,1997,West Union,Village,Adams,Property,roads,R,5,.5,247,85,74.39759063720703,25.60240936279297,3984294,-24.39759063720703,0,0,0,0
3900184294,2001,West Union,Village,Adams,Property,roads,R,5,2,537,323,62.44186019897461,37.55813980102539,3984294,-12.44186019897461,0,0,0,0
3900184294,2006,West Union,Village,Adams,Property,roads,R,5,2.5,305,502,37.7943000793457,62.2056999206543,3984294,12.205699920654297,1,0,0,0
3900184294,2007,West Union,Village,Adams,Property,roads,R,5,2.5,329,372,46.932952880859375,53.067047119140625,3984294,3.067047119140625,1,0,1,1
3900184294,2011,West Union,Village,Adams,Property,roads,A,5,2.5,174,554,23.901098251342773,76.0988998413086,3984294,26.098899841308594,1,0,0,0
3900184294,2013,West Union,Village,Adams,Property,roads,A,5,2.5,262,298,46.78571319580078,53.21428680419922,3984294,3.2142868041992188,1,0,1,1
3900185876,2019,Winchester,Village,Adams,property,roads,A,5,1.5,111,52,68.09815979003906,31.901840209960938,3985876,-18.098159790039063,0,0,0,0
3900327944,1992,Fort Shawnee,Village,Allen,Property,roads,R,-999,1,1165,899,56.44379806518555,43.55620193481445,3927944,-6.443798065185547,0,0,0,1
3900327944,1997,Fort Shawnee,Village,Allen,Property,roads,R,5,1,859,446,65.8237533569336,34.176246643066406,3927944,-15.823753356933594,0,0,0,0
3900327944,2002,Fort Shawnee,Village,Allen,Property,roads,R,5,1,869,349,71.346466064453125,28.653533935546875,3927944,-21.346466064453125,0,0,0,0
3900327944,2007,Fort Shawnee,Village,Allen,Property,roads,R,5,1,587,382,60.57791519165039,39.42208480834961,3927944,-10.57791519165039,0,0,0,0
3900334118,1998,Harrod,Village,Allen,Property,roads,R,5,1.8,59,19,75.64102935791016,24.358970642089844,3934118,-25.641029357910156,0,0,0,0
3900371955,2006,Shawnee,Township,Allen,Property,roads,A,1000,.75,1389,1966,41.40089416503906,58.59910583496094,3900371955,8.5991058349609375,1,0,0,0
3900502568,2014,Ashland,City,Ashland,Income,roads,A,5,.25,2232,2567,46.50968933105469,53.49031066894531,3902568,3.4903106689453125,1,0,1,1
3900502568,2015,Ashland,City,Ashland,Income,roads,A,5,.25,2317,2956,43.94083023071289,56.05916976928711,3902568,6.059169769287109,1,0,0,1
3900502568,2016,Ashland,City,Ashland,Income,roads,A,5,.25,4730,3680,56.24256896972656,43.75743103027344,3902568,-6.2425689697265625,0,0,0,1
3900502568,2020,Ashland,City,Ashland,income,roads,R,5,.25,2372,635,78.88260650634766,21.117393493652344,3902568,-28.882606506347656,0,0,0,0
3900503562,2018,Bailey Lakes,Village,Ashland,Property,roads,A,5,5,73,72,50.344825744628906,49.655174255371094,3903562,-0.34482574462890625,0,1,1,1
3900515672,1995,Clear Creek,Township,Ashland,Property,roads,A,5,2,215,169,55.98958206176758,44.01041793823242,3900515672,-5.989582061767578,0,0,0,1
3900515672,2000,Clear Creek,Township,Ashland,Property,roads,R,5,2,141,68,67.464111328125,32.535888671875,3900515672,-17.464111328125,0,0,0,0
3900515672,2002,Clear Creek,Township,Ashland,Property,roads,A,5,2.5,139,173,44.5512809753418,55.4487190246582,3900515672,5.448719024658203,1,0,0,1
3900515672,2003,Clear Creek,Township,Ashland,Property,roads,A,5,1.9,119,138,46.30350112915039,53.69649887084961,3900515672,3.6964988708496094,1,0,1,1
3900515672,2004,Clear Creek,Township,Ashland,Property,roads,R,5,2,315,184,63.126251220703125,36.873748779296875,3900515672,-13.126251220703125,0,0,0,0
3900515672,2010,Clear Creek,Township,Ashland,Property,roads,R,5,2,70,45,60.869564056396484,39.130435943603516,3900515672,-10.869564056396484,0,0,0,0
3900515672,2014,Clear Creek,Township,Ashland,Property,roads,A,5,1,143,169,45.83333206176758,54.16666793823242,3900515672,4.166667938232422,1,0,1,1
3900515672,2016,Clear Creek,Township,Ashland,Property,roads,A,5,1,318,267,54.35897445678711,45.64102554321289,3900515672,-4.358974456787109,0,0,1,1
3900515672,2019,Clear Creek,Township,Ashland,property,roads,R,5,2,131,64,67.17948913574219,32.82051086425781,3900515672,-17.179489135742188,0,0,0,0
3900515672,2021,Clear Creek,Township,Ashland,property,roads,R,5,1,139,64,68.47290802001953,31.52709197998047,3900515672,-18.47290802001953,0,0,0,0
3900531682,2014,Green,Township,Ashland,Property,roads,A,5,1.84,352,372,48.6187858581543,51.3812141418457,3900531682,1.3812141418457031,1,1,1,1
3900531682,2015,Green,Township,Ashland,Property,roads,A,5,1.84,270,318,45.918365478515625,54.081634521484375,3900531682,4.081634521484375,1,0,1,1
3900533236,1994,Hanover,Township,Ashland,Property,roads,A,-999,1.2,194,101,65.76271057128906,34.23728942871094,3900533236,-15.762710571289063,0,0,0,0
3900533236,1999,Hanover,Township,Ashland,Property,roads,R,5,1.2,212,56,79.10447692871094,20.895523071289063,3900533236,-29.104476928710938,0,0,0,0
3900533236,2004,Hanover,Township,Ashland,Property,roads,R,5,1.2,335,167,66.73307037353516,33.266929626464844,3900533236,-16.733070373535156,0,0,0,0
3900533236,2009,Hanover,Township,Ashland,Property,roads,R,5,1.2,268,106,71.65775299072266,28.342247009277344,3900533236,-21.657752990722656,0,0,0,0
3900533236,2014,Hanover,Township,Ashland,Property,roads,R,5,1.2,226,107,67.86786651611328,32.13213348388672,3900533236,-17.86786651611328,0,0,0,0
3900533236,2020,Hanover,Township,Ashland,property,roads,R,5,1.2,144,22,86.74698638916016,13.253013610839844,3900533236,-36.746986389160156,0,0,0,0
3900537660,1994,Jackson,Township,Ashland,Property,roads,A,-999,1,269,255,51.33587646484375,48.66412353515625,3900537660,-1.33587646484375,0,1,1,1
3900541272,1991,Lake,Township,Ashland,Property,roads,R,5,1.5,227,2603,8.021201133728027,91.97879791259766,3900541272,41.978797912597656,1,0,0,0
3900541272,1997,Lake,Township,Ashland,Property,roads,A,5,1.5,62,38,62,38,3900541272,-12,0,0,0,0
3900541272,2001,Lake,Township,Ashland,Property,roads,R,5,1.5,169,29,85.3535385131836,14.646461486816406,3900541272,-35.353538513183594,0,0,0,0
3900541272,2004,Lake,Township,Ashland,Property,roads,A,5,1.5,68,73,48.226951599121094,51.773048400878906,3900541272,1.7730484008789063,1,1,1,1
3900541272,2010,Lake,Township,Ashland,Property,roads,R,5,1.5,108,47,69.67742156982422,30.32257843017578,3900541272,-19.67742156982422,0,0,0,0
3900541272,2014,Lake,Township,Ashland,Property,roads,R,5,1.5,227,43,84.0740737915039,15.925926208496094,3900541272,-34.074073791503906,0,0,0,0
3900541272,2021,Lake,Township,Ashland,property,roads,R,5,1.5,110,27,80.2919692993164,19.708030700683594,3900541272,-30.291969299316406,0,0,0,0
3900550050,1994,Mifflin,Township,Ashland,Property,roads,R,5,2,315,171,64.81481170654297,35.18518829345703,3900550050,-14.814811706542969,0,0,0,0
3900550050,1995,Mifflin,Township,Ashland,Property,roads,A,5,2,119,102,53.846153259277344,46.153846740722656,3900550050,-3.8461532592773438,0,0,1,1
3900550050,1998,Mifflin,Township,Ashland,Property,roads,A,-999,2,186,116,61.58940505981445,38.41059494018555,3900550050,-11.589405059814453,0,0,0,0
3900550050,2002,Mifflin,Township,Ashland,Property,roads,R,5,2,261,137,65.57788848876953,34.42211151123047,3900550050,-15.577888488769531,0,0,0,0
3900550050,2008,Mifflin,Township,Ashland,Property,roads,R,5,2,168,193,46.53739547729492,53.46260452270508,3900550050,3.462604522705078,1,0,1,1
3900550050,2013,Mifflin,Township,Ashland,Property,roads,R,5,2,391,103,79.14979553222656,20.850204467773438,3900550050,-29.149795532226563,0,0,0,0
3900550050,2018,Mifflin,Township,Ashland,Property,roads,R,5,2,251,124,66.93333435058594,33.06666564941406,3900550050,-16.933334350585938,0,0,0,0
3900550610,1995,Milton,Township,Ashland,Property,roads,R,5,2.5,314,139,69.315673828125,30.684326171875,3900550610,-19.315673828125,0,0,0,0
3900550610,2003,Milton,Township,Ashland,Property,roads,R,5,2.5,131,206,38.87240219116211,61.12759780883789,3900550610,11.12759780883789,1,0,0,0
3900550610,2008,Milton,Township,Ashland,Property,roads,R,5,2.5,395,286,58.00293731689453,41.99706268310547,3900550610,-8.002937316894531,0,0,0,0
3900550610,2013,Milton,Township,Ashland,Property,roads,R,5,2.5,474,36,92.94117736816406,7.0588226318359375,3900550610,-42.94117736816406,0,0,0,0
3900550610,2018,Milton,Township,Ashland,Property,roads,R,5,2.5,733,120,85.9320068359375,14.0679931640625,3900550610,-35.9320068359375,0,0,0,0
3900550610,2020,Milton,Township,Ashland,property,roads,R,5,2.5,773,458,62.79447555541992,37.20552444458008,3900550610,-12.794475555419922,0,0,0,0
3900551086,1993,Mohican,Township,Ashland,Property,roads,R,5,4.2,502,406,55.28634262084961,44.71365737915039,3900551086,-5.286342620849609,0,0,0,1
3900551086,1997,Mohican,Township,Ashland,Property,roads,A,1000,3,381,146,72.29601287841797,27.70398712158203,3900551086,-22.29601287841797,0,0,0,0
3900551086,1998,Mohican,Township,Ashland,Property,roads,R,5,4.2,262,425,38.13682556152344,61.86317443847656,3900551086,11.863174438476563,1,0,0,0
3900551086,2002,Mohican,Township,Ashland,Property,roads,A,1000,3,61,135,31.12244987487793,68.87754821777344,3900551086,18.877548217773438,1,0,0,0
3900551086,2007,Mohican,Township,Ashland,Property,roads,R,5,4.2,315,126,71.42857360839844,28.571426391601563,3900551086,-21.428573608398438,0,0,0,0
3900551086,2011,Mohican,Township,Ashland,Property,roads,R,5,4.2,286,102,73.71134185791016,26.288658142089844,3900551086,-23.711341857910156,0,0,0,0
3900551688,1994,Montgomery,Township,Ashland,Property,roads,A,5,1,190,137,58.10397720336914,41.89602279663086,3900551688,-8.10397720336914,0,0,0,0
3900551688,2007,Montgomery,Township,Ashland,Property,roads,A,5,3.3,436,77,84.99024963378906,15.009750366210938,3900551688,-34.99024963378906,0,0,0,0
3900558562,1997,Orange,Township,Ashland,Property,roads,R,5,2,364,167,68.5499038696289,31.450096130371094,3900558562,-18.549903869628906,0,0,0,0
3900558562,1998,Orange,Township,Ashland,Property,roads,A,5,1,465,207,69.19642639160156,30.803573608398438,3900558562,-19.196426391601563,0,0,0,0
3900558562,2002,Orange,Township,Ashland,Property,roads,R,5,2,177,260,40.50343322753906,59.49656677246094,3900558562,9.4965667724609375,1,0,0,0
3900558562,2007,Orange,Township,Ashland,Property,roads,R,5,2,594,281,67.885711669921875,32.114288330078125,3900558562,-17.885711669921875,0,0,0,0
3900558562,2008,Orange,Township,Ashland,Property,roads,R,5,1,627,616,50.44247817993164,49.55752182006836,3900558562,-0.4424781799316406,0,1,1,1
3900558562,2012,Orange,Township,Ashland,Property,roads,R,5,1,217,337,39.169673919677734,60.830326080322266,3900558562,10.830326080322266,1,0,0,0
3900558562,2016,Orange,Township,Ashland,Property,roads,R,5,1,531,514,50.81339645385742,49.18660354614258,3900558562,-0.8133964538574219,0,1,1,1
3900558562,2021,Orange,Township,Ashland,property,roads,R,5,1,232,88,72.5,27.5,3900558562,-22.5,0,0,0,0
3900561756,1991,Perry,Township,Ashland,Property,roads,R,5,2,364,245,59.77011489868164,40.22988510131836,3900561756,-9.77011489868164,0,0,0,0
3900561756,1999,Perry,Township,Ashland,Property,roads,R,5,2,267,132,66.91728973388672,33.08271026611328,3900561756,-16.91728973388672,0,0,0,0
3900561756,2004,Perry,Township,Ashland,Property,roads,R,5,2,452,669,40.32114028930664,59.67885971069336,3900561756,9.67885971069336,1,0,0,0
3900561756,2010,Perry,Township,Ashland,Property,roads,R,5,2,318,435,42.231075286865234,57.768924713134766,3900561756,7.768924713134766,1,0,0,0
3900561756,2011,Perry,Township,Ashland,Property,roads,R,5,2,449,102,81.48820495605469,18.511795043945313,3900561756,-31.488204956054688,0,0,0,0
3900561756,2020,Perry,Township,Ashland,property,roads,R,5,2,684,291,70.15384674072266,29.846153259277344,3900561756,-20.153846740722656,0,0,0,0
3900568966,1993,Ruggles,Township,Ashland,Property,roads,R,5,2.74,123,115,51.68067169189453,48.31932830810547,3900568966,-1.6806716918945313,0,1,1,1
3900568966,1997,Ruggles,Township,Ashland,Property,roads,A,5,1.9,107,85,55.72916793823242,44.27083206176758,3900568966,-5.729167938232422,0,0,0,1
3900568966,2001,Ruggles,Township,Ashland,Property,roads,R,5,3.1,143,285,33.411216735839844,66.58878326416016,3900568966,16.588783264160156,1,0,0,0
3900568966,2003,Ruggles,Township,Ashland,Property,roads,R,5,1.3,180,83,68.4410629272461,31.558937072753906,3900568966,-18.441062927246094,0,0,0,0
3900568966,2006,Ruggles,Township,Ashland,Property,roads,R,5,1.9,189,130,59.247650146484375,40.752349853515625,3900568966,-9.247650146484375,0,0,0,0
3900568966,2009,Ruggles,Township,Ashland,Property,roads,R,5,1.9,274,73,78.96253967285156,21.037460327148438,3900568966,-28.962539672851563,0,0,0,0
3900568966,2010,Ruggles,Township,Ashland,Property,roads,R,5,1.3,295,127,69.90521240234375,30.09478759765625,3900568966,-19.90521240234375,0,0,0,0
3900568966,2014,Ruggles,Township,Ashland,Property,roads,R,5,1.9,245,98,71.42857360839844,28.571426391601563,3900568966,-21.428573608398438,0,0,0,0
3900568966,2015,Ruggles,Township,Ashland,Property,roads,A,5,1,135,92,59.47136688232422,40.52863311767578,3900568966,-9.471366882324219,0,0,0,0
3900575357,1992,Sullivan,Township,Ashland,Property,roads,A,cpt,1.5,464,51,90.09708404541016,9.902915954589844,3900575357,-40.097084045410156,0,0,0,0
3900575357,1997,Sullivan,Township,Ashland,Property,roads,A,5,1,299,114,72.3970947265625,27.6029052734375,3900575357,-22.3970947265625,0,0,0,0
3900577532,1991,Vermillion,Township,Ashland,Property,roads,R,5,.8,857,95,90.02101135253906,9.9789886474609375,3900577532,-40.02101135253906,0,0,0,0
3900577532,1995,Troy,Township,Ashland,Property,roads,A,5,1.8,141,74,65.5813980102539,34.418601989746094,3900577532,-15.581398010253906,0,0,0,0
3900577532,2001,Troy,Township,Ashland,Property,roads,R,5,1.8,188,285,39.746299743652344,60.253700256347656,3900577532,10.253700256347656,1,0,0,0
3900577532,2002,Troy,Township,Ashland,Property,roads,R,5,1.8,97,120,44.700462341308594,55.299537658691406,3900577532,5.299537658691406,1,0,0,1
3900577532,2006,Troy,Township,Ashland,Property,roads,A,5,3,199,122,61.993770599365234,38.006229400634766,3900577532,-11.993770599365234,0,0,0,0
3900577532,2010,Troy,Township,Ashland,Property,roads,R,5,1.8,283,574,33.02217102050781,66.97782897949219,3900577532,16.977828979492188,1,0,0,0
3900577532,2012,Troy,Township,Ashland,Property,roads,R,5,1.8,250,172,59.24170684814453,40.75829315185547,3900577532,-9.241706848144531,0,0,0,0
3900577532,2017,Troy,Township,Ashland,Property,roads,R,5,1.8,262,42,86.18421173095703,13.815788269042969,3900577532,-36.18421173095703,0,0,0,0
3900577532,2020,Troy,Township,Ashland,property,roads,R,5,1.8,425,170,71.42857360839844,28.571426391601563,3900577532,-21.428573608398438,0,0,0,0
3900579758,1993,Vermillion,Township,Ashland,Property,roads,R,5,.8,328,199,62.23908996582031,37.76091003417969,3900579758,-12.239089965820313,0,0,0,0
3900579758,1996,Vermillion,Township,Ashland,Property,roads,A,-999,1.5,332,213,60.91743087768555,39.08256912231445,3900579758,-10.917430877685547,0,0,0,0
3900579758,1998,Vermillion,Township,Ashland,Property,roads,R,5,.8,607,263,69.7701187133789,30.229881286621094,3900579758,-19.770118713378906,0,0,0,0
3900579758,1999,Vermillion,Township,Ashland,Property,roads,R,5,1.5,544,93,85.40031433105469,14.599685668945313,3900579758,-35.40031433105469,0,0,0,0
3900579758,2002,Vermillion,Township,Ashland,Property,roads,R,5,.8,189,148,56.08308792114258,43.91691207885742,3900579758,-6.083087921142578,0,0,0,1
3900579758,2004,Vermillion,Township,Ashland,Property,roads,R,5,1.5,348,278,55.5910530090332,44.4089469909668,3900579758,-5.591053009033203,0,0,0,1
3900579758,2008,Vermillion,Township,Ashland,Property,roads,R,5,.08,559,646,46.39004135131836,53.60995864868164,3900579758,3.6099586486816406,1,0,1,1
3900579758,2010,Vermillion,Township,Ashland,Property,roads,R,5,1.5,784,214,78.55711364746094,21.442886352539063,3900579758,-28.557113647460938,0,0,0,0
3900579758,2012,Vermillion,Township,Ashland,Property,roads,R,5,.8,640,360,64,36,3900579758,-14,0,0,0,0
3900579758,2014,Vermillion,Township,Ashland,Property,roads,R,5,1.5,578,242,70.48780822753906,29.512191772460938,3900579758,-20.487808227539063,0,0,0,0
3900579758,2019,Vermillion,Township,Ashland,property,roads,R,5,1.5,458,101,81.93202209472656,18.067977905273438,3900579758,-31.932022094726563,0,0,0,0
3900579758,2021,Vermillion,Township,Ashland,property,roads,R,5,.8,305,122,71.42857360839844,28.571426391601563,3900579758,-21.428573608398438,0,0,0,0
3900702050,2011,Andover,Village,Ashtabula,Property,roads,R,5,2,319,189,62.7952766418457,37.2047233581543,3902050,-12.795276641845703,0,0,0,0
3900702064,1993,Andover,Township,Ashtabula,Property,roads,R,5,2,296,129,69.64705657958984,30.352943420410156,3900702064,-19.647056579589844,0,0,0,0
3900702064,1994,Andover,Township,Ashtabula,Property,roads,R,5,1,305,174,63.674320220947266,36.325679779052734,3900702064,-13.674320220947266,0,0,0,0
3900702064,1997,Andover,Township,Ashtabula,Property,roads,A,5,2,108,59,64.67066192626953,35.32933807373047,3900702064,-14.670661926269531,0,0,0,0
3900702064,1998,Andover,Township,Ashtabula,Property,roads,R,5,2,293,178,62.20806884765625,37.79193115234375,3900702064,-12.20806884765625,0,0,0,0
3900702064,2000,Andover,Township,Ashtabula,Property,roads,R,5,1,368,234,61.12957000732422,38.87042999267578,3900702064,-11.129570007324219,0,0,0,0
3900702064,2001,Andover,Township,Ashtabula,Property,roads,R,5,2,319,136,70.109893798828125,29.890106201171875,3900702064,-20.109893798828125,0,0,0,0
3900702064,2002,Andover,Township,Ashtabula,Property,roads,R,5,2,236,201,54.00457763671875,45.99542236328125,3900702064,-4.00457763671875,0,0,1,1
3900702064,2005,Andover,Township,Ashtabula,Property,roads,R,5,1,245,183,57.24299240112305,42.75700759887695,3900702064,-7.242992401123047,0,0,0,1
3900702064,2006,Andover,Township,Ashtabula,Property,roads,R,5,2,360,251,58.919803619384766,41.080196380615234,3900702064,-8.919803619384766,0,0,0,0
3900702064,2009,Andover,Township,Ashtabula,Property,roads,R,5,1,280,150,65.11627960205078,34.88372039794922,3900702064,-15.116279602050781,0,0,0,0
3900702064,2011,Andover,Township,Ashtabula,Property,roads,R,5,2,319,189,62.7952766418457,37.2047233581543,3900702064,-12.795276641845703,0,0,0,0
3900702064,2012,Andover,Township,Ashtabula,Property,roads,R,5,2,471,313,60.07653045654297,39.92346954345703,3900702064,-10.076530456542969,0,0,0,0
3900702064,2014,Andover,Township,Ashtabula,Property,roads,R,5,1,336,141,70.44025421142578,29.55974578857422,3900702064,-20.44025421142578,0,0,0,0
3900702064,2017,Andover,Township,Ashtabula,Property,roads,R,5,2,234,96,70.909088134765625,29.090911865234375,3900702064,-20.909088134765625,0,0,0,0
3900702064,2018,Andover,Township,Ashtabula,Property,roads,R,5,2,453,181,71.45110321044922,28.54889678955078,3900702064,-21.45110321044922,0,0,0,0
3900702064,2019,Andover,Township,Ashtabula,property,roads,R,5,1,281,84,76.986297607421875,23.013702392578125,3900702064,-26.986297607421875,0,0,0,0
3900702064,2021,Andover,Township,Ashtabula,property,roads,R,5,2,190,72,72.51908111572266,27.480918884277344,3900702064,-22.519081115722656,0,0,0,0
3900702638,2007,Ashtabula,City,Ashtabula,Income,roads,A,2,.2,1258,2387,34.513031005859375,65.486968994140625,3902638,15.486968994140625,1,0,0,0
3900702638,2008,Ashtabula,City,Ashtabula,Income,roads,A,3,.15,2445,4596,34.725181579589844,65.27481842041016,3902638,15.274818420410156,1,0,0,0
3900702638,2019,Ashtabula,City,Ashtabula,property,roads,A,5,4,1354,992,57.71525955200195,42.28474044799805,3902638,-7.715259552001953,0,0,0,0
3900702652,1992,Ashtabula,Township,Ashtabula,Property,roads,R,5,1,1083,581,65.084136962890625,34.915863037109375,3900702652,-15.084136962890625,0,0,0,0
3900702652,1997,Ashtabula,Township,Ashtabula,Property,roads,R,5,1,375,213,63.775508880615234,36.224491119384766,3900702652,-13.775508880615234,0,0,0,0
3900702652,2001,Ashtabula,Township,Ashtabula,Property,roads,A,5,1,353,271,56.57051467895508,43.42948532104492,3900702652,-6.570514678955078,0,0,0,1
3900702652,2002,Ashtabula,Township,Ashtabula,Property,roads,R,5,1,784,478,62.12361145019531,37.87638854980469,3900702652,-12.123611450195313,0,0,0,0
3900702652,2005,Ashtabula,Township,Ashtabula,Property,roads,R,5,1,1049,654,61.59718322753906,38.40281677246094,3900702652,-11.597183227539063,0,0,0,0
3900702652,2006,Ashtabula,Township,Ashtabula,Property,roads,A,5,.25,1150,1011,53.216102600097656,46.783897399902344,3900702652,-3.2161026000976563,0,0,1,1
3900702652,2008,Ashtabula,Township,Ashtabula,Property,roads,A,5,.5,866,826,51.18203353881836,48.81796646118164,3900702652,-1.1820335388183594,0,1,1,1
3900702652,2010,Ashtabula,Township,Ashtabula,Property,roads,R,5,1,1322,537,71.1135025024414,28.886497497558594,3900702652,-21.113502502441406,0,0,0,0
3900702652,2011,Ashtabula,Township,Ashtabula,Property,roads,R,5,1.25,1253,575,68.54486083984375,31.45513916015625,3900702652,-18.54486083984375,0,0,0,0
3900702652,2012,Ashtabula,Township,Ashtabula,Property,roads,R,5,.5,1646,837,66.29077911376953,33.70922088623047,3900702652,-16.29077911376953,0,0,0,0
3900702652,2014,Ashtabula,Township,Ashtabula,Property,roads,A,5,1,998,631,61.26457977294922,38.73542022705078,3900702652,-11.264579772949219,0,0,0,0
3900702652,2015,Ashtabula,Township,Ashtabula,Property,roads,R,5,1,1222,404,75.15375518798828,24.84624481201172,3900702652,-25.15375518798828,0,0,0,0
3900702652,2016,Ashtabula,Township,Ashtabula,Property,roads,R,5,1.25,1753,571,75.43029022216797,24.56970977783203,3900702652,-25.43029022216797,0,0,0,0
3900702652,2017,Ashtabula,Township,Ashtabula,Property,roads,R,5,.5,901,274,76.68085479736328,23.31914520263672,3900702652,-26.68085479736328,0,0,0,0
3900702652,2018,Ashtabula,Township,Ashtabula,Property,roads,R,5,1,1420,452,75.85469818115234,24.145301818847656,3900702652,-25.854698181152344,0,0,0,0
3900702652,2020,Ashtabula,Township,Ashtabula,property,roads,R,5,1,1801,641,73.75102233886719,26.248977661132813,3900702652,-23.751022338867188,0,0,0,0
3900702652,2021,Ashtabula,Township,Ashtabula,property,roads,R,5,1.25,633,213,74.82269287109375,25.17730712890625,3900702652,-24.82269287109375,0,0,0,0
3900703156,1992,Austinburg,Township,Ashtabula,Property,roads,R,-999,2,598,317,65.355194091796875,34.644805908203125,3900703156,-15.355194091796875,0,0,0,0
3900703156,1994,Austinburg,Township,Ashtabula,Property,roads,R,5,1,484,301,61.65605163574219,38.34394836425781,3900703156,-11.656051635742188,0,0,0,0
3900703156,1997,Austinburg,Township,Ashtabula,Property,roads,R,5,2,474,264,64.22764587402344,35.77235412597656,3900703156,-14.227645874023438,0,0,0,0
3900703156,1999,Austinburg,Township,Ashtabula,Property,roads,R,5,1,378,176,68.231048583984375,31.768951416015625,3900703156,-18.231048583984375,0,0,0,0
3900703156,2002,Austinburg,Township,Ashtabula,Property,roads,R,5,2,580,274,67.91568756103516,32.084312438964844,3900703156,-17.915687561035156,0,0,0,0
3900703156,2004,Austinburg,Township,Ashtabula,Property,roads,R,5,1,745,522,58.800315856933594,41.199684143066406,3900703156,-8.800315856933594,0,0,0,0
3900703156,2007,Austinburg,Township,Ashtabula,Property,roads,R,5,2,454,200,69.41896057128906,30.581039428710938,3900703156,-19.418960571289063,0,0,0,0
3900703156,2009,Austinburg,Township,Ashtabula,Property,roads,R,5,1,587,232,71.67277526855469,28.327224731445313,3900703156,-21.672775268554688,0,0,0,0
3900703156,2012,Austinburg,Township,Ashtabula,Property,roads,R,5,2,770,414,65.033782958984375,34.966217041015625,3900703156,-15.033782958984375,0,0,0,0
3900703156,2014,Austinburg,Township,Ashtabula,Property,roads,R,5,1,614,206,74.8780517578125,25.1219482421875,3900703156,-24.8780517578125,0,0,0,0
3900703156,2017,Austinburg,Township,Ashtabula,Property,roads,R,5,2,489,172,73.97882080078125,26.02117919921875,3900703156,-23.97882080078125,0,0,0,0
3900703156,2019,Austinburg,Township,Ashtabula,property,roads,R,5,1,514,151,77.2932357788086,22.706764221191406,3900703156,-27.293235778808594,0,0,0,0
3900713890,2003,Cherry Valley,Township,Ashtabula,Property,roads,A,4,4,68,120,36.17021179199219,63.82978820800781,3900713890,13.829788208007813,1,0,0,0
3900716560,1994,Colebrook,Township,Ashtabula,Property,roads,R,5,1.25,134,76,63.80952453613281,36.19047546386719,3900716560,-13.809524536132813,0,0,0,0
3900716560,1999,Colebrook,Township,Ashtabula,Property,roads,R,5,1.25,109,34,76.2237777709961,23.776222229003906,3900716560,-26.223777770996094,0,0,0,0
3900716560,2004,Colebrook,Township,Ashtabula,Property,roads,R,4,1.25,197,166,54.26997375488281,45.73002624511719,3900716560,-4.2699737548828125,0,0,1,1
3900716560,2008,Colebrook,Township,Ashtabula,Property,roads,R,4,1.25,245,132,64.98674011230469,35.01325988769531,3900716560,-14.986740112304688,0,0,0,0
3900716560,2013,Colebrook,Township,Ashtabula,Property,roads,A,5,1.9,85,111,43.367347717285156,56.632652282714844,3900716560,6.632652282714844,1,0,0,1
3900716560,2014,Colebrook,Township,Ashtabula,Property,roads,A,5,1.9,67,68,49.62963104248047,50.37036895751953,3900716560,0.37036895751953125,1,1,1,1
3900716560,2015,Colebrook,Township,Ashtabula,Property,roads,A,5,1.9,75,51,59.52381134033203,40.47618865966797,3900716560,-9.523811340332031,0,0,0,0
3900716560,2016,Colebrook,Township,Ashtabula,Property,roads,R,4,1.25,239,126,65.47945404052734,34.520545959472656,3900716560,-15.479454040527344,0,0,0,0
3900716560,2019,Colebrook,Township,Ashtabula,property,roads,R,5,1.9,113,56,66.86390686035156,33.13609313964844,3900716560,-16.863906860351563,0,0,0,0
3900716560,2020,Colebrook,Township,Ashtabula,property,roads,R,5,1.25,263,149,63.83495330810547,36.16504669189453,3900716560,-13.834953308105469,0,0,0,0
3900718350,2004,Conneaut,City,Ashtabula,Income,roads,A,1000,.15,2120,3136,40.33485412597656,59.66514587402344,3918350,9.6651458740234375,1,0,0,0
3900718350,2012,Conneaut,City,Ashtabula,Property,roads,A,10,2.75,2244,2414,48.1751823425293,51.8248176574707,3918350,1.8248176574707031,1,1,1,1
3900718350,2013,Conneaut,City,Ashtabula,Property,roads,A,5,2.75,1299,1042,55.48910903930664,44.51089096069336,3918350,-5.489109039306641,0,0,0,1
3900718350,2017,Conneaut,City,Ashtabula,Property,roads,R,5,2.75,1465,788,65.0244140625,34.9755859375,3918350,-15.0244140625,0,0,0,0
3900721672,1994,Denmark,Township,Ashtabula,Property,roads,A,5,1,122,91,57.27699661254883,42.72300338745117,3900721672,-7.276996612548828,0,0,0,1
3900721672,1998,Denmark,Township,Ashtabula,Property,roads,R,5,1,175,84,67.56756591796875,32.43243408203125,3900721672,-17.56756591796875,0,0,0,0
3900721672,2000,Denmark,Township,Ashtabula,Property,roads,A,5,1.5,102,83,55.135135650634766,44.864864349365234,3900721672,-5.135135650634766,0,0,0,1
3900721672,2003,Denmark,Township,Ashtabula,Property,roads,R,5,1,104,44,70.27027130126953,29.72972869873047,3900721672,-20.27027130126953,0,0,0,0
3900721672,2005,Denmark,Township,Ashtabula,Property,roads,R,5,1.5,139,82,62.89592742919922,37.10407257080078,3900721672,-12.895927429199219,0,0,0,0
3900721672,2009,Denmark,Township,Ashtabula,Property,roads,R,5,1,56,18,75.67567443847656,24.324325561523438,3900721672,-25.675674438476563,0,0,0,0
3900721672,2010,Denmark,Township,Ashtabula,Property,roads,R,5,1.5,190,72,72.51908111572266,27.480918884277344,3900721672,-22.519081115722656,0,0,0,0
3900721672,2013,Denmark,Township,Ashtabula,Property,roads,R,5,1,136,45,75.13812255859375,24.86187744140625,3900721672,-25.13812255859375,0,0,0,0
3900721672,2014,Denmark,Township,Ashtabula,Property,roads,R,5,1.5,168,48,77.77777862548828,22.22222137451172,3900721672,-27.77777862548828,0,0,0,0
3900721672,2018,Denmark,Township,Ashtabula,Property,roads,R,5,1,179,79,69.37984466552734,30.620155334472656,3900721672,-19.379844665527344,0,0,0,0
3900721672,2019,Denmark,Township,Ashtabula,property,roads,R,5,1.5,110,45,70.967742919921875,29.032257080078125,3900721672,-20.967742919921875,0,0,0,0
3900722344,1994,Dorset,Township,Ashtabula,Property,roads,R,5,1,123,54,69.49152374267578,30.50847625732422,3900722344,-19.49152374267578,0,0,0,0
3900722344,1999,Dorset,Township,Ashtabula,Property,roads,A,5,1,79,22,78.21781921386719,21.782180786132813,3900722344,-28.217819213867188,0,0,0,0
3900722344,2003,Dorset,Township,Ashtabula,Property,roads,R,5,1,174,48,78.37837982177734,21.621620178222656,3900722344,-28.378379821777344,0,0,0,0
3900722344,2008,Dorset,Township,Ashtabula,Property,roads,R,5,1,269,121,68.97435760498047,31.02564239501953,3900722344,-18.97435760498047,0,0,0,0
3900722344,2014,Dorset,Township,Ashtabula,Property,roads,R,5,1,95,31,75.3968276977539,24.603172302246094,3900722344,-25.396827697753906,0,0,0,0
3900729610,1993,Geneva,City,Ashtabula,Property,roads,A,5,2,680,924,42.39401626586914,57.60598373413086,3929610,7.605983734130859,1,0,0,0
3900729610,1994,Geneva,City,Ashtabula,Property,roads,A,5,2,618,640,49.12559509277344,50.87440490722656,3929610,0.8744049072265625,1,1,1,1
3900729610,1998,Geneva,City,Ashtabula,Income,roads,A,2,.5,620,1127,35.489410400390625,64.510589599609375,3929610,14.510589599609375,1,0,0,0
3900729610,2001,Geneva,City,Ashtabula,Property,roads,A,5,3,327,404,44.73324203491211,55.26675796508789,3929610,5.266757965087891,1,0,0,1
3900729624,1994,Geneva,Township,Ashtabula,Property,roads,R,5,1,310,365,45.925926208496094,54.074073791503906,3900729624,4.074073791503906,1,0,1,1
3900729624,1996,Geneva,Township,Ashtabula,Property,roads,A,5,2,516,713,41.985355377197266,58.014644622802734,3900729624,8.014644622802734,1,0,0,0
3900729624,1997,Geneva,Township,Ashtabula,Property,roads,A,5,1,406,421,49.093109130859375,50.906890869140625,3900729624,0.906890869140625,1,1,1,1
3900729624,1998,Geneva,Township,Ashtabula,Property,roads,A,5,1,247,307,44.5848388671875,55.4151611328125,3900729624,5.4151611328125,1,0,0,1
3900729624,1999,Geneva,Township,Ashtabula,Property,roads,A,5,1,273,155,63.7850456237793,36.2149543762207,3900729624,-13.785045623779297,0,0,0,0
3900729624,2003,Geneva,Township,Ashtabula,Property,roads,R,5,1,338,265,56.05306625366211,43.94693374633789,3900729624,-6.053066253662109,0,0,0,1
3900729624,2008,Geneva,Township,Ashtabula,Property,roads,R,5,1,910,591,60.62624740600586,39.37375259399414,3900729624,-10.62624740600586,0,0,0,0
3900729624,2013,Geneva,Township,Ashtabula,Property,roads,R,5,1,409,221,64.9206314086914,35.079368591308594,3900729624,-14.920631408691406,0,0,0,0
3900729624,2017,Geneva,Township,Ashtabula,Property,roads,A,5,1,84,53,61.31386947631836,38.68613052368164,3900729624,-11.31386947631836,0,0,0,0
3900729624,2018,Geneva,Township,Ashtabula,Property,roads,R,5,1,693,332,67.60975646972656,32.39024353027344,3900729624,-17.609756469726563,0,0,0,0
3900729624,2021,Geneva,Township,Ashtabula,property,roads,R,5,1,259,167,60.79812240600586,39.20187759399414,3900729624,-10.79812240600586,0,0,0,0
3900729652,1991,Geneva-on-the-Lake,Village,Ashtabula,Property,roads,R,-999,1.5,280,208,57.37704849243164,42.62295150756836,3929652,-7.377048492431641,0,0,0,1
3900729652,1995,Geneva-on-the-Lake,Village,Ashtabula,Property,roads,R,5,1.5,278,116,70.5583724975586,29.441627502441406,3929652,-20.558372497558594,0,0,0,0
3900729652,2000,Geneva-on-the-Lake,Village,Ashtabula,Property,roads,A,4,1.5,265,180,59.550559997558594,40.449440002441406,3929652,-9.550559997558594,0,0,0,0
3900729652,2004,Geneva-on-the-Lake,Village,Ashtabula,Property,roads,R,4,1.5,382,196,66.0899658203125,33.9100341796875,3929652,-16.0899658203125,0,0,0,0
3900729652,2009,Geneva-on-the-Lake,Village,Ashtabula,Property,roads,R,4,1.5,80,31,72.07207489013672,27.92792510986328,3929652,-22.07207489013672,0,0,0,0
3900729652,2012,Geneva-on-the-Lake,Village,Ashtabula,Property,roads,A,4,.5,204,259,44.06047439575195,55.93952560424805,3929652,5.939525604248047,1,0,0,1
3900729652,2013,Geneva-on-the-Lake,Village,Ashtabula,Property,roads,R,4,1.5,56,39,58.94736862182617,41.05263137817383,3929652,-8.947368621826172,0,0,0,0
3900729652,2016,Geneva on the Lake,Village,Ashtabula,Property,roads,R,5,1.5,297,151,66.29463958740234,33.705360412597656,3929652,-16.294639587402344,0,0,0,0
3900729652,2018,Geneva on the Lake,Village,Ashtabula,Property,roads,A,5,.9,191,155,55.20231246948242,44.79768753051758,3929652,-5.202312469482422,0,0,0,1
3900729652,2021,Geneva on the Lake,Village,Ashtabula,property,roads,R,5,1.5,113,76,59.788360595703125,40.211639404296875,3929652,-9.788360595703125,0,0,0,0
3900733642,1992,Harpersfield,Township,Ashtabula,Property,roads,R,5,1,461,151,75.32679748535156,24.673202514648438,3900733642,-25.326797485351563,0,0,0,0
3900733642,1993,Harpersfield,Township,Ashtabula,Property,roads,A,5,1,136,114,54.400001525878906,45.599998474121094,3900733642,-4.400001525878906,0,0,1,1
3900733642,1996,Harpersfield,Township,Ashtabula,Property,roads,R,5,1,657,404,61.92271423339844,38.07728576660156,3900733642,-11.922714233398438,0,0,0,0
3900733642,1997,Harpersfield,Township,Ashtabula,Property,roads,R,5,1,485,238,67.08160400390625,32.91839599609375,3900733642,-17.08160400390625,0,0,0,0
3900733642,2001,Harpersfield,Township,Ashtabula,Property,roads,R,5,1,385,195,66.37931060791016,33.620689392089844,3900733642,-16.379310607910156,0,0,0,0
3900733642,2003,Harpersfield,Township,Ashtabula,Property,roads,R,5,1,148,118,55.63909912109375,44.36090087890625,3900733642,-5.63909912109375,0,0,0,1
3900733642,2006,Harpersfield,Township,Ashtabula,Property,roads,R,5,1,725,361,66.75875091552734,33.241249084472656,3900733642,-16.758750915527344,0,0,0,0
3900733642,2008,Harpersfield,Township,Ashtabula,Property,roads,R,5,1,499,333,59.97595977783203,40.02404022216797,3900733642,-9.975959777832031,0,0,0,0
3900733642,2011,Harpersfield,Township,Ashtabula,Property,roads,R,5,1,637,348,64.67005157470703,35.32994842529297,3900733642,-14.670051574707031,0,0,0,0
3900733642,2013,Harpersfield,Township,Ashtabula,Property,roads,R,5,1,103,31,76.86566925048828,23.13433074951172,3900733642,-26.86566925048828,0,0,0,0
3900733642,2016,Harpersfield,Township,Ashtabula,Property,roads,R,5,1.5,881,476,64.92262268066406,35.07737731933594,3900733642,-14.922622680664063,0,0,0,0
3900733642,2017,Harpersfield,Township,Ashtabula,Property,roads,R,5,1.5,427,305,58.33333206176758,41.66666793823242,3900733642,-8.333332061767578,0,0,0,0
3900733642,2019,Hartsgrove,Township,Ashtabula,property,roads,R,5,2,174,66,72.5,27.5,3900733642,-22.5,0,0,0,0
3900733642,2021,Harpersfield,Township,Ashtabula,property,roads,R,5,1.5,367,174,67.83734130859375,32.16265869140625,3900733642,-17.83734130859375,0,0,0,0
3900734300,1991,Hartsgrove,Township,Ashtabula,Property,roads,A,-999,2,175,278,38.63134765625,61.36865234375,3900734300,11.36865234375,1,0,0,0
3900734300,1992,Hartsgrove,Township,Ashtabula,Property,roads,A,-999,2,238,303,43.99260711669922,56.00739288330078,3900734300,6.007392883300781,1,0,0,1
3900734300,1993,Hartsgrove,Township,Ashtabula,Property,roads,A,5,2,203,223,47.65258026123047,52.34741973876953,3900734300,2.3474197387695313,1,1,1,1
3900734300,1994,Hartsgrove,Township,Ashtabula,Property,roads,A,5,2,185,196,48.55643081665039,51.44356918334961,3900734300,1.4435691833496094,1,1,1,1
3900734300,1995,Hartsgrove,Township,Ashtabula,Property,roads,A,5,2,214,160,57.2192497253418,42.7807502746582,3900734300,-7.219249725341797,0,0,0,1
3900734300,1997,Hartsgrove,Township,Ashtabula,Property,roads,A,5,1.5,216,160,57.446807861328125,42.553192138671875,3900734300,-7.446807861328125,0,0,0,1
3900734300,1999,Hartsgrove,Township,Ashtabula,Property,roads,R,1000,2,256,169,60.235294342041016,39.764705657958984,3900734300,-10.235294342041016,0,0,0,0
3900734300,2001,Hartsgrove,Township,Ashtabula,Property,roads,R,5,1.5,316,159,66.52631378173828,33.47368621826172,3900734300,-16.52631378173828,0,0,0,0
3900734300,2004,Hartsgrove,Township,Ashtabula,Property,roads,R,5,2,397,261,60.334346771240234,39.665653228759766,3900734300,-10.334346771240234,0,0,0,0
3900734300,2006,Hartsgrove,Township,Ashtabula,Property,roads,A,1,1,263,271,49.25093460083008,50.74906539916992,3900734300,0.7490653991699219,1,1,1,1
3900734300,2007,Hartsgrove,Township,Ashtabula,Property,roads,R,1000,1.5,117,54,68.421051025390625,31.578948974609375,3900734300,-18.421051025390625,0,0,0,0
3900734300,2009,Hartsgrove,Township,Ashtabula,Property,roads,R,5,2,233,205,53.196346282958984,46.803653717041016,3900734300,-3.1963462829589844,0,0,1,1
3900734300,2014,Hartsgrove,Township,Ashtabula,Property,roads,R,5,2,249,184,57.505775451660156,42.494224548339844,3900734300,-7.505775451660156,0,0,0,0
3900738500,1993,Jefferson,Village,Ashtabula,Property,roads,R,5,2,542,310,63.61502456665039,36.38497543334961,3938500,-13.61502456665039,0,0,0,0
3900738500,1998,Jefferson,Village,Ashtabula,Property,roads,R,5,2,874,426,67.23076629638672,32.76923370361328,3938500,-17.23076629638672,0,0,0,0
3900738500,2003,Jefferson,Village,Ashtabula,Property,roads,R,5,2,567,335,62.86030960083008,37.13969039916992,3938500,-12.860309600830078,0,0,0,0
3900738500,2008,Jefferson,Village,Ashtabula,Property,roads,R,5,2,949,496,65.67474365234375,34.32525634765625,3938500,-15.67474365234375,0,0,0,0
3900738500,2010,Jefferson,Village,Ashtabula,Property,roads,R,5,1.5,452,281,61.66439437866211,38.33560562133789,3938500,-11.66439437866211,0,0,0,0
3900738500,2013,Jefferson,Village,Ashtabula,Property,roads,R,5,2,525,263,66.6243667602539,33.375633239746094,3938500,-16.624366760253906,0,0,0,0
3900738500,2019,Jefferson,Village,Ashtabula,property,roads,R,5,2,534,174,75.4237289428711,24.576271057128906,3938500,-25.423728942871094,0,0,0,0
3900738500,2021,Jefferson,Village,Greene,property,roads,A,5,3,99,114,46.47887420654297,53.52112579345703,3938500,3.5211257934570313,1,0,1,1
3900738514,1994,Jefferson,Township,Ashtabula,Property,roads,A,5,2,220,224,49.5495491027832,50.4504508972168,3900738514,0.4504508972167969,1,1,1,1
3900738514,2001,Jefferson,Township,Ashtabula,Property,roads,R,5,1.5,367,218,62.735042572021484,37.264957427978516,3900738514,-12.735042572021484,0,0,0,0
3900738514,2006,Jefferson,Township,Ashtabula,Property,roads,R,5,1.5,270,174,60.81081008911133,39.18918991088867,3900738514,-10.810810089111328,0,0,0,0
3900738514,2010,Jefferson,Township,Ashtabula,Property,roads,R,5,1.5,452,281,61.66439437866211,38.33560562133789,3900738514,-11.66439437866211,0,0,0,0
3900738514,2015,Jefferson,Township,Ashtabula,Property,roads,R,5,1.5,424,230,64.83180236816406,35.16819763183594,3900738514,-14.831802368164063,0,0,0,0
3900738514,2021,Jefferson,Township,Ashtabula,property,roads,R,5,1.5,69,16,81.17646789550781,18.823532104492188,3900738514,-31.176467895507813,0,0,0,0
3900740404,1991,Kingsville,Township,Ashtabula,Property,roads,R,-999,1.5,428,148,74.30555725097656,25.694442749023438,3900740404,-24.305557250976563,0,0,0,0
3900740404,1994,Kingsville,Township,Ashtabula,Property,roads,A,1000,3,338,351,49.056602478027344,50.943397521972656,3900740404,0.94339752197265625,1,1,1,1
3900740404,1996,Kingsville,Township,Ashtabula,Property,roads,A,5,4,413,407,50.36585235595703,49.63414764404297,3900740404,-0.36585235595703125,0,1,1,1
3900740404,2000,Kingsville,Township,Ashtabula,Property,roads,R,5,4,599,248,70.7201919555664,29.279808044433594,3900740404,-20.720191955566406,0,0,0,0
3900740404,2001,Kingsville,Township,Ashtabula,Property,roads,R,5,1.5,103,52,66.45161437988281,33.54838562011719,3900740404,-16.451614379882813,0,0,0,0
3900740404,2005,Kingsville,Township,Ashtabula,Property,roads,R,5,1.5,367,280,56.72333908081055,43.27666091918945,3900740404,-6.723339080810547,0,0,0,1
3900740404,2010,Kingsville,Township,Ashtabula,Property,roads,R,5,4,357,294,54.83871078491211,45.16128921508789,3900740404,-4.838710784912109,0,0,1,1
3900740404,2015,Kingsville,Township,Ashtabula,Property,roads,R,5,4,465,159,74.51923370361328,25.48076629638672,3900740404,-24.51923370361328,0,0,0,0
3900740404,2021,Kingsville,Township,Ashtabula,property,roads,R,5,4,235,197,54.39814758300781,45.60185241699219,3900740404,-4.3981475830078125,0,0,1,1
3900742742,1993,Lenox,Township,Ashtabula,Property,roads,R,5,2,385,322,54.4554443359375,45.5445556640625,3900742742,-4.4554443359375,0,0,1,1
3900742742,1997,Lenox,Township,Ashtabula,Property,roads,R,5,2,189,155,54.94186019897461,45.05813980102539,3900742742,-4.941860198974609,0,0,1,1
3900742742,2001,Lenox,Township,Ashtabula,Property,roads,R,5,2,299,67,81.6939926147461,18.306007385253906,3900742742,-31.693992614746094,0,0,0,0
3900742742,2004,Lenox,Township,Ashtabula,Property,roads,R,5,2,203,346,36.976322174072266,63.023677825927734,3900742742,13.023677825927734,1,0,0,0
3900742742,2010,Lenox,Township,Ashtabula,Property,roads,R,5,2,89,110,44.72361755371094,55.27638244628906,3900742742,5.2763824462890625,1,0,0,1
3900742742,2016,Lenox,Township,Ashtabula,Property,roads,R,5,2,167,221,43.041236877441406,56.958763122558594,3900742742,6.958763122558594,1,0,0,1
3900751296,1994,Monroe,Township,Ashtabula,Property,roads,R,5,2,417,196,68.0261001586914,31.973899841308594,3900751296,-18.026100158691406,0,0,0,0
3900751296,1996,Monroe,Township,Ashtabula,Property,roads,R,5,2,405,320,55.86206817626953,44.13793182373047,3900751296,-5.862068176269531,0,0,0,1
3900751296,1998,Monroe,Township,Ashtabula,Property,roads,A,5,2,297,239,55.41044616699219,44.58955383300781,3900751296,-5.4104461669921875,0,0,0,1
3900751296,1999,Monroe,Township,Ashtabula,Property,roads,A,5,3,145,144,50.173011779785156,49.826988220214844,3900751296,-0.17301177978515625,0,1,1,1
3900751296,2000,Monroe,Township,Ashtabula,Property,roads,R,5,2,261,303,46.27659606933594,53.72340393066406,3900751296,3.7234039306640625,1,0,1,1
3900751296,2003,Monroe,Township,Ashtabula,Property,roads,A,5,1.5,317,229,58.05860900878906,41.94139099121094,3900751296,-8.0586090087890625,0,0,0,0
3900751296,2005,Monroe,Township,Ashtabula,Property,roads,R,5,2,223,243,47.85407638549805,52.14592361450195,3900751296,2.145923614501953,1,1,1,1
3900751296,2006,Monroe,Township,Ashtabula,Property,roads,R,5,1.5,431,104,80.56074523925781,19.439254760742188,3900751296,-30.560745239257813,0,0,0,0
3900751296,2009,Monroe,Township,Ashtabula,Property,roads,R,5,2,572,243,70.184051513671875,29.815948486328125,3900751296,-20.184051513671875,0,0,0,0
3900751296,2010,Monroe,Township,Ashtabula,Property,roads,R,5,2,536,229,70.06536102294922,29.93463897705078,3900751296,-20.06536102294922,0,0,0,0
3900751296,2011,Monroe,Township,Ashtabula,Property,roads,R,5,1.5,326,200,61.97718811035156,38.02281188964844,3900751296,-11.977188110351563,0,0,0,0
3900751296,2014,Monroe,Township,Ashtabula,Property,roads,R,5,2,403,197,67.16666412353516,32.833335876464844,3900751296,-17.166664123535156,0,0,0,0
3900751296,2015,Monroe,Township,Ashtabula,Property,roads,R,5,2,438,277,61.25873947143555,38.74126052856445,3900751296,-11.258739471435547,0,0,0,0
3900751296,2018,Monroe,Township,Ashtabula,Property,roads,R,5,1.5,463,79,85.42435455322266,14.575645446777344,3900751296,-35.424354553222656,0,0,0,0
3900751296,2020,Monroe,Township,Ashtabula,property,roads,R,5,1.5,688,299,69.7061767578125,30.2938232421875,3900751296,-19.7061767578125,0,0,0,0
3900752066,1994,Morgan,Township,Ashtabula,Property,roads,R,-999,1.5,112,487,18.697830200195313,81.30216979980469,3900752066,31.302169799804688,1,0,0,0
3900752066,1995,Morgan,Township,Ashtabula,Property,roads,R,5,1.5,162,82,66.39344024658203,33.60655975341797,3900752066,-16.39344024658203,0,0,0,0
3900752066,1998,Morgan,Township,Ashtabula,Property,roads,R,5,1.5,264,591,30.877193450927734,69.122802734375,3900752066,19.122802734375,1,0,0,0
3900752066,1999,Morgan,Township,Ashtabula,Property,roads,R,5,1.5,152,68,69.090911865234375,30.909088134765625,3900752066,-19.090911865234375,0,0,0,0
3900752066,2000,Morgan,Township,Ashtabula,Property,roads,R,5,3,95,1320,6.713780879974365,93.28621673583984,3900752066,43.286216735839844,1,0,0,0
3900752066,2001,Morgan,Township,Ashtabula,Property,roads,R,5,1.5,111,182,37.88396072387695,62.11603927612305,3900752066,12.116039276123047,1,0,0,0
3900752066,2004,Morgan,Township,Ashtabula,Property,roads,R,5,1.5,64,202,24.060150146484375,75.939849853515625,3900752066,25.939849853515625,1,0,0,0
3900752066,2005,Morgan,Township,Ashtabula,Property,roads,R,5,1.5,186,173,51.810585021972656,48.189414978027344,3900752066,-1.8105850219726563,0,1,1,1
3900752066,2007,Morgan,Township,Ashtabula,Property,roads,R,5,1.5,118,28,80.82191467285156,19.178085327148438,3900752066,-30.821914672851563,0,0,0,0
3900752066,2008,Morgan,Township,Ashtabula,Property,roads,R,5,1.5,66,328,16.75126838684082,83.24873352050781,3900752066,33.24873352050781,1,0,0,0
3900752066,2010,Morgan,Township,Ashtabula,Property,roads,R,5,3,159,1206,11.648351669311523,88.35164642333984,3900752066,38.351646423339844,1,0,0,0
3900752066,2011,Morgan,Township,Ashtabula,Property,roads,R,5,1.5,182,111,62.11603927612305,37.88396072387695,3900752066,-12.116039276123047,0,0,0,0
3900752066,2012,Morgan,Township,Ashtabula,Property,roads,R,5,1.5,217,345,38.612098693847656,61.387901306152344,3900752066,11.387901306152344,1,0,0,0
3900752066,2016,Morgan,Township,Ashtabula,Property,roads,R,5,3,29,270,9.698996543884277,90.3010025024414,3900752066,40.301002502441406,1,0,0,0
3900752066,2019,Morgan,Township,Ashtabula,property,roads,R,5,3,104,75,58.10055923461914,41.89944076538086,3900752066,-8.10055923461914,0,0,0,0
3900752066,2021,Morgan,Township,Ashtabula,property,roads,R,5,1.5,158,64,71.171173095703125,28.828826904296875,3900752066,-21.171173095703125,0,0,0,0
3900754964,1998,New Lyme,Township,Ashtabula,Property,roads,A,5,5,167,1174,12.45339298248291,87.5466079711914,3900754964,37.546607971191406,1,0,0,0
3900754964,2003,New Lyme,Township,Ashtabula,Property,roads,R,5,5,127,801,13.685344696044922,86.31465148925781,3900754964,36.31465148925781,1,0,0,0
3900754964,2008,New Lyme,Township,Ashtabula,Property,roads,R,5,5,101,2022,4.757418632507324,95.242584228515625,3900754964,45.242584228515625,1,0,0,0
3900754964,2011,New Lyme,Township,Ashtabula,Property,roads,R,5,5,79,182,30.268199920654297,69.73179626464844,3900754964,19.731796264648438,1,0,0,0
3900754964,2017,New Lyme,Township,Ashtabula,Property,roads,R,5,5,245,53,82.21476745605469,17.785232543945313,3900754964,-32.21476745605469,0,0,0,0
3900756700,2008,North Kingsville,Village,Ashtabula,Property,roads,A,5,2,90,521,14.729950904846191,85.270050048828125,3956700,35.270050048828125,1,0,0,0
3900756700,2011,North Kingsville,Village,Ashtabula,Property,roads,A,5,2,222,521,29.878870010375977,70.12113189697266,3956700,20.121131896972656,1,0,0,0
3900756700,2012,North Kingsville,Village,Ashtabula,Property,roads,A,5,2,453,427,51.477272033691406,48.522727966308594,3956700,-1.4772720336914063,0,1,1,1
3900756700,2016,North Kingsville,Village,Ashtabula,Income,roads,A,-999,.3,322,433,42.64900588989258,57.35099411010742,3956700,7.350994110107422,1,0,0,1
3900758856,1995,Orwell,Village,Ashtabula,Property,roads,R,5,1,416,659,38.69767379760742,61.30232620239258,3958856,11.302326202392578,1,0,0,0
3900758856,2000,Orwell,Village,Ashtabula,Property,roads,R,5,1,374,194,65.8450698852539,34.154930114746094,3958856,-15.845069885253906,0,0,0,0
3900758856,2010,Orwell,Village,Ashtabula,Property,roads,R,5,.5,458,421,52.10466384887695,47.89533615112305,3958856,-2.104663848876953,0,1,1,1
3900758870,1991,Orwell,Township,Ashtabula,Property,roads,R,5,.5,530,656,44.688026428222656,55.311973571777344,3900758870,5.311973571777344,1,0,0,1
3900758870,1995,Orwell,Township,Ashtabula,Property,roads,R,5,1,416,177,70.15177154541016,29.848228454589844,3900758870,-20.151771545410156,0,0,0,0
3900758870,2000,Orwell,Township,Ashtabula,Property,roads,R,5,1,374,1320,22.077922821044922,77.92207336425781,3900758870,27.922073364257813,1,0,0,0
3900758870,2005,Orwell,Township,Ashtabula,Property,roads,R,5,1,607,275,68.82086181640625,31.17913818359375,3900758870,-18.82086181640625,0,0,0,0
3900758870,2010,Orwell,Township,Ashtabula,Property,roads,R,5,.5,458,1206,27.524038314819336,72.47595977783203,3900758870,22.47595977783203,1,0,0,0
3900758870,2016,Orwell,Township,Ashtabula,Property,roads,R,5,.5,469,372,55.766944885253906,44.233055114746094,3900758870,-5.766944885253906,0,0,0,1
3900762568,1991,Pierpont,Township,Ashtabula,Property,roads,R,5,3,297,1841,13.891487121582031,86.10851287841797,3900762568,36.10851287841797,1,0,0,0
3900762568,1994,Pierpont,Township,Ashtabula,Property,roads,A,-999,2,194,140,58.083831787109375,41.916168212890625,3900762568,-8.083831787109375,0,0,0,0
3900762568,1997,Pierpont,Township,Ashtabula,Property,roads,R,5,3,259,71,78.48484802246094,21.515151977539063,3900762568,-28.484848022460938,0,0,0,0
3900762568,1998,Pierpont,Township,Ashtabula,Property,roads,R,5,2,324,129,71.52317810058594,28.476821899414063,3900762568,-21.523178100585938,0,0,0,0
3900762568,2001,Pierpont,Township,Ashtabula,Property,roads,R,5,3,227,75,75.16556549072266,24.834434509277344,3900762568,-25.165565490722656,0,0,0,0
3900762568,2003,Pierpont,Township,Ashtabula,Property,roads,R,5,2,349,69,83.4928207397461,16.507179260253906,3900762568,-33.492820739746094,0,0,0,0
3900762568,2005,Pierpont,Township,Ashtabula,Property,roads,R,5,3,202,98,67.33333587646484,32.666664123535156,3900762568,-17.333335876464844,0,0,0,0
3900762568,2006,Pierpont,Township,Ashtabula,Property,roads,R,5,2,224,92,70.886077880859375,29.113922119140625,3900762568,-20.886077880859375,0,0,0,0
3900762568,2010,Pierpont,Township,Ashtabula,Property,roads,R,5,3,359,82,81.40589904785156,18.594100952148438,3900762568,-31.405899047851563,0,0,0,0
3900762568,2011,Pierpont,Township,Ashtabula,Property,roads,R,5,2,329,74,81.6377182006836,18.362281799316406,3900762568,-31.637718200683594,0,0,0,0
3900762568,2015,Pierpont,Township,Ashtabula,Property,roads,R,5,3,225,69,76.530609130859375,23.469390869140625,3900762568,-26.530609130859375,0,0,0,0
3900762568,2016,Pierpont,Township,Ashtabula,Property,roads,R,5,2,252,94,72.832366943359375,27.167633056640625,3900762568,-22.832366943359375,0,0,0,0
3900762568,2020,Pierpont,Township,Ashtabula,property,roads,R,5,2,331,172,65.80516815185547,34.19483184814453,3900762568,-15.805168151855469,0,0,0,0
3900763772,1996,Plymouth,Township,Ashtabula,Property,roads,A,-999,2,402,295,57.67575454711914,42.32424545288086,3900763772,-7.675754547119141,0,0,0,0
3900763772,1998,Plymouth,Township,Ashtabula,Property,roads,A,5,1,581,315,64.84375,35.15625,3900763772,-14.84375,0,0,0,0
3900763772,1999,Plymouth,Township,Ashtabula,Property,roads,A,5,1.5,422,179,70.21630859375,29.78369140625,3900763772,-20.21630859375,0,0,0,0
3900763772,2004,Plymouth,Township,Ashtabula,Property,roads,R,5,1.5,202,179,53.01837158203125,46.98162841796875,3900763772,-3.01837158203125,0,0,1,1
3900763772,2009,Plymouth,Township,Ashtabula,Property,roads,R,5,1.5,481,167,74.2283935546875,25.7716064453125,3900763772,-24.2283935546875,0,0,0,0
3900763772,2013,Plymouth,Township,Ashtabula,Property,roads,R,5,3,566,180,75.8713150024414,24.128684997558594,3900763772,-25.871315002441406,0,0,0,0
3900763772,2018,Plymouth,Township,Ashtabula,Property,roads,R,5,1.5,411,323,55.99454879760742,44.00545120239258,3900763772,-5.994548797607422,0,0,0,1
3900763772,2020,Plymouth,Township,Ashtabula,property,roads,R,5,3,746,377,66.42920684814453,33.57079315185547,3900763772,-16.42920684814453,0,0,0,0
3900767846,1997,Rock Creek,Village,Ashtabula,Property,roads,R,5,2,120,95,55.8139533996582,44.1860466003418,3967846,-5.813953399658203,0,0,0,1
3900767846,2001,Rock Creek,Village,Ashtabula,Property,roads,R,5,2,99,182,35.23131561279297,64.76868438720703,3967846,14.768684387207031,1,0,0,0
3900767846,2007,Rock Creek,Village,Ashtabula,Property,roads,R,5,2,131,89,59.54545593261719,40.45454406738281,3967846,-9.5454559326171875,0,0,0,0
3900767846,2012,Rock Creek,Village,Ashtabula,Property,roads,R,5,2,94,81,53.71428680419922,46.28571319580078,3967846,-3.7142868041992188,0,0,1,1
3900767846,2014,Rock Creek,Village,Ashtabula,Property,roads,A,5,1.5,67,295,18.50828742980957,81.49171447753906,3967846,31.491714477539063,1,0,0,0
3900767846,2017,Rock Creek,Village,Ashtabula,Property,roads,R,5,2,89,16,84.76190185546875,15.23809814453125,3967846,-34.76190185546875,0,0,0,0
3900767846,2020,Rock Creek,Village,Ashtabula,property,roads,R,5,2,204,67,75.2767562866211,24.723243713378906,3967846,-25.276756286621094,0,0,0,0
3900768224,1993,Rome,Township,Ashtabula,Property,roads,A,-999,1,147,673,17.926828384399414,82.07317352294922,3900768224,32.07317352294922,1,0,0,0
3900768224,1997,Rome,Township,Ashtabula,Property,roads,R,-999,1,217,65,76.95035552978516,23.049644470214844,3900768224,-26.950355529785156,0,0,0,0
3900768224,2001,Rome,Township,Ashtabula,Property,roads,A,5,1,174,38,82.075469970703125,17.924530029296875,3900768224,-32.075469970703125,0,0,0,0
3900768224,2002,Rome,Township,Ashtabula,Property,roads,R,5,1,65,139,31.86274528503418,68.13725280761719,3900768224,18.137252807617188,1,0,0,0
3900768224,2007,Rome,Township,Ashtabula,Property,roads,R,5,2,91,28,76.47058868408203,23.52941131591797,3900768224,-26.47058868408203,0,0,0,0
3900768224,2012,Rome,Township,Ashtabula,Property,roads,R,5,2,194,177,52.29110336303711,47.70889663696289,3900768224,-2.2911033630371094,0,1,1,1
3900768224,2017,Rome,Township,Ashtabula,Property,roads,R,5,2,235,83,73.89936828613281,26.100631713867188,3900768224,-23.899368286132813,0,0,0,0
3900768224,2020,Rome,Township,Ashtabula,property,roads,R,5,2,278,158,63.76146697998047,36.23853302001953,3900768224,-13.761466979980469,0,0,0,0
3900770646,1999,Saybrook,Township,Ashtabula,Property,roads,R,5,1,1022,433,70.24054718017578,29.75945281982422,3900770646,-20.24054718017578,0,0,0,0
3900770646,2004,Saybrook,Township,Ashtabula,Property,roads,R,5,2,968,1005,49.062339782714844,50.937660217285156,3900770646,0.93766021728515625,1,1,1,1
3900770646,2008,Saybrook,Township,Ashtabula,Property,roads,R,5,2.75,1322,2933,31.0693302154541,68.93067169189453,3900770646,18.93067169189453,1,0,0,0
3900770646,2011,Saybrook,Township,Ashtabula,Property,roads,R,5,2.75,982,1334,42.400691986083984,57.599308013916016,3900770646,7.599308013916016,1,0,0,0
3900770646,2017,Saybrook,Township,Ashtabula,Property,roads,R,5,2.75,1403,717,66.17924499511719,33.82075500488281,3900770646,-16.179244995117188,0,0,0,0
3900770646,2019,Saybrook,Township,Ashtabula,property,roads,R,5,2.75,1181,329,78.21192169189453,21.78807830810547,3900770646,-28.21192169189453,0,0,0,0
3900772053,1991,Sheffield,Township,Ashtabula,Property,roads,R,5,2.5,188,201,48.32904815673828,51.67095184326172,3900772053,1.6709518432617188,1,1,1,1
3900772053,1996,Sheffield,Township,Ashtabula,Property,roads,A,5,1.5,154,153,50.162864685058594,49.837135314941406,3900772053,-0.16286468505859375,0,1,1,1
3900772053,2001,Sheffield,Township,Ashtabula,Property,roads,R,5,1.5,289,78,78.74659729003906,21.253402709960938,3900772053,-28.746597290039063,0,0,0,0
3900772053,2006,Sheffield,Township,Ashtabula,Property,roads,R,5,1.5,305,227,57.33082580566406,42.66917419433594,3900772053,-7.3308258056640625,0,0,0,1
3900772053,2011,Sheffield,Township,Ashtabula,Property,roads,A,5,2,247,195,55.882354736328125,44.117645263671875,3900772053,-5.882354736328125,0,0,0,1
3900772053,2016,Sheffield,Township,Ashtabula,Property,roads,R,5,1.5,470,185,71.75572204589844,28.244277954101563,3900772053,-21.755722045898438,0,0,0,0
3900777686,1994,Trumbull,Township,Ashtabula,Property,roads,A,5,3,91,1447,5.916775226593018,94.083221435546875,3900777686,44.083221435546875,1,0,0,0
3900777686,1995,Trumbull,Township,Ashtabula,Property,roads,R,5,3,219,3139,6.5217390060424805,93.47826385498047,3900777686,43.47826385498047,1,0,0,0
3900777686,1996,Trumbull,Township,Ashtabula,Property,roads,R,5,3,158,1394,10.180412292480469,89.81958770751953,3900777686,39.81958770751953,1,0,0,0
3900777686,1999,Trumbull,Township,Ashtabula,Property,roads,R,1000,3,172,272,38.738739013671875,61.261260986328125,3900777686,11.261260986328125,1,0,0,0
3900777686,2000,Trumbull,Township,Ashtabula,Property,roads,A,5,5,105,225,31.81818199157715,68.18181610107422,3900777686,18.18181610107422,1,0,0,0
3900777686,2001,Trumbull,Township,Ashtabula,Property,roads,A,5,3,257,83,75.5882339477539,24.411766052246094,3900777686,-25.588233947753906,0,0,0,0
3900777686,2003,Trumbull,Township,Ashtabula,Property,roads,A,5,3,230,266,46.370967864990234,53.629032135009766,3900777686,3.6290321350097656,1,0,1,1
3900777686,2004,Trumbull,Township,Ashtabula,Property,roads,R,5,3,131,2274,5.446985244750977,94.55301666259766,3900777686,44.553016662597656,1,0,0,0
3900777686,2006,Trumbull,Township,Ashtabula,Property,roads,R,5,3,151,136,52.61323928833008,47.38676071166992,3900777686,-2.613239288330078,0,1,1,1
3900777686,2008,Trumbull,Township,Ashtabula,Property,roads,A,5,1,173,313,35.59670639038086,64.403289794921875,3900777686,14.403289794921875,1,0,0,0
3900777686,2009,Trumbull,Township,Ashtabula,Property,roads,R,5,3,203,421,32.53205108642578,67.46794891357422,3900777686,17.46794891357422,1,0,0,0
3900777686,2011,Trumbull,Township,Ashtabula,Property,roads,R,5,3,433,341,55.943153381347656,44.056846618652344,3900777686,-5.943153381347656,0,0,0,1
3900777686,2013,Trumbull,Township,Ashtabula,Property,roads,R,5,3,382,219,63.560733795166016,36.439266204833984,3900777686,-13.560733795166016,0,0,0,0
3900777686,2014,Trumbull,Township,Ashtabula,Property,roads,R,5,3,184,17674,1.0303505659103394,98.96965026855469,3900777686,48.96965026855469,1,0,0,0
3900777686,2018,Trumbull,Township,Ashtabula,Property,roads,A,5,2,39,201,16.25,83.75,3900777686,33.75,1,0,0,0
3900782040,1992,Wayne,Township,Ashtabula,Property,roads,R,5,4,145,371,28.10077476501465,71.89922332763672,3900782040,21.89922332763672,1,0,0,0
3900782040,1997,Wayne,Township,Ashtabula,Property,roads,R,5,5,143,67,68.0952377319336,31.904762268066406,3900782040,-18.095237731933594,0,0,0,0
3900782040,2001,Wayne,Township,Ashtabula,Property,roads,R,5,5,126,53,70.39105987548828,29.60894012451172,3900782040,-20.39105987548828,0,0,0,0
3900782040,2006,Wayne,Township,Ashtabula,Property,roads,R,5,5,104,69,60.11560821533203,39.88439178466797,3900782040,-10.115608215332031,0,0,0,0
3900782040,2011,Wayne,Township,Ashtabula,Property,roads,R,5,4,78,65,54.54545593261719,45.45454406738281,3900782040,-4.5454559326171875,0,0,1,1
3900782040,2016,Wayne,Township,Ashtabula,Property,roads,R,5,4,100,69,59.17159652709961,40.82840347290039,3900782040,-9.17159652709961,0,0,0,0
3900785372,1994,Williamsfield,Township,Ashtabula,Property,roads,R,5,2,71,75,48.6301383972168,51.3698616027832,3900785372,1.3698616027832031,1,1,1,1
3900785372,1998,Williamsfield,Township,Ashtabula,Property,roads,R,5,2,340,180,65.384613037109375,34.615386962890625,3900785372,-15.384613037109375,0,0,0,0
3900785372,2001,Williamsfield,Township,Ashtabula,Property,roads,A,5,2,353,242,59.32773208618164,40.67226791381836,3900785372,-9.32773208618164,0,0,0,0
3900785372,2006,Williamsfield,Township,Ashtabula,Property,roads,R,5,2.36,371,193,65.78014373779297,34.21985626220703,3900785372,-15.780143737792969,0,0,0,0
3900785372,2007,Williamsfield,Township,Ashtabula,Property,roads,R,5,2,109,49,68.98734283447266,31.012657165527344,3900785372,-18.987342834472656,0,0,0,0
3900785372,2011,Williamsfield,Township,Ashtabula,Property,roads,R,5,2,280,193,59.196617126464844,40.803382873535156,3900785372,-9.196617126464844,0,0,0,0
3900785372,2015,Williamsfield,Township,Ashtabula,Property,roads,R,5,2.36,258,127,67.01298522949219,32.98701477050781,3900785372,-17.012985229492188,0,0,0,0
3900785372,2018,Williamsfield,Township,Ashtabula,Property,roads,R,5,2,265,152,63.54916000366211,36.45083999633789,3900785372,-13.54916000366211,0,0,0,0
3900785372,2019,Williamsfield,Township,Ashtabula,property,roads,R,5,2.36,200,80,71.42857360839844,28.571426391601563,3900785372,-21.428573608398438,0,0,0,0
3900785372,2020,Williamsfield,Township,Ashtabula,property,roads,R,5,2,454,219,67.459136962890625,32.540863037109375,3900785372,-17.459136962890625,0,0,0,0
3900785988,1995,Windsor,Township,Ashtabula,Property,roads,A,5,1,122,108,53.043479919433594,46.956520080566406,3900785988,-3.0434799194335938,0,0,1,1
3900785988,1999,Windsor,Township,Ashtabula,Property,roads,R,5,1,205,56,78.54405975341797,21.45594024658203,3900785988,-28.54405975341797,0,0,0,0
3900785988,2000,Windsor,Township,Ashtabula,Property,roads,R,5,2,140,150,48.27586364746094,51.72413635253906,3900785988,1.7241363525390625,1,1,1,1
3900785988,2004,Windsor,Township,Ashtabula,Property,roads,R,5,2.5,333,154,68.37782287597656,31.622177124023438,3900785988,-18.377822875976563,0,0,0,0
3900785988,2005,Windsor,Township,Ashtabula,Property,roads,R,5,2.5,161,160,50.15576171875,49.84423828125,3900785988,-0.15576171875,0,1,1,1
3900785988,2009,Windsor,Township,Ashtabula,Property,roads,R,5,2.5,314,222,58.582088470458984,41.417911529541016,3900785988,-8.582088470458984,0,0,0,0
3900785988,2015,Windsor,Township,Ashtabula,Property,roads,R,5,2.5,153,133,53.49650192260742,46.50349807739258,3900785988,-3.496501922607422,0,0,1,1
3900785988,2016,Windsor,Township,Ashtabula,Property,roads,A,5,1,192,166,53.63128662109375,46.36871337890625,3900785988,-3.63128662109375,0,0,1,1
3900785988,2018,Windsor,Township,Ashtabula,Property,roads,A,5,1,192,149,56.30498504638672,43.69501495361328,3900785988,-6.304985046386719,0,0,0,1
3900785988,2020,Windsor,Township,Ashtabula,property,roads,R,5,1,421,187,69.24342346191406,30.756576538085938,3900785988,-19.243423461914063,0,0,0,0
3900901042,1993,Albany,Village,Athens,Property,roads,A,3,2,134,80,62.6168212890625,37.3831787109375,3901042,-12.6168212890625,0,0,0,0
3900901042,2001,Albany,Village,Athens,Property,roads,R,5,3,165,75,68.75,31.25,3901042,-18.75,0,0,0,0
3900901042,2006,Albany,Village,Athens,Property,roads,R,5,3,215,130,62.31884002685547,37.68115997314453,3901042,-12.318840026855469,0,0,0,0
3900901042,2011,Albany,Village,Athens,Property,roads,R,5,3,190,109,63.54515075683594,36.45484924316406,3901042,-13.545150756835938,0,0,0,0
3900901042,2016,Albany,Village,Athens,Property,roads,R,5,3,173,93,65.03759765625,34.96240234375,3901042,-15.03759765625,0,0,0,0
3900901042,2021,Albany,Village,Athens,property,roads,R,5,3,124,58,68.131866455078125,31.868133544921875,3901042,-18.131866455078125,0,0,0,0
3900901112,1994,Alexander,Township,Athens,Property,roads,A,5,1,522,276,65.41353607177734,34.586463928222656,3900901112,-15.413536071777344,0,0,0,0
3900901112,2014,Alexander,Township,Athens,Property,roads,A,1000,1,522,341,60.48667526245117,39.51332473754883,3900901112,-10.486675262451172,0,0,0,0
3900901770,1994,Ames,Township,Athens,Property,roads,R,5,1,226,117,65.88921356201172,34.11078643798828,3900901770,-15.889213562011719,0,0,0,0
3900901770,1995,Ames,Township,Athens,Property,roads,R,5,2,169,61,73.47826385498047,26.52173614501953,3900901770,-23.47826385498047,0,0,0,0
3900901770,1996,Ames,Township,Athens,Property,roads,A,5,2,277,162,63.09794998168945,36.90205001831055,3900901770,-13.097949981689453,0,0,0,0
3900901770,1999,Ames,Township,Athens,Property,roads,R,5,1,195,55,78,22,3900901770,-28,0,0,0,0
3900901770,2000,Ames,Township,Athens,Property,roads,R,5,2,312,146,68.12226867675781,31.877731323242188,3900901770,-18.122268676757813,0,0,0,0
3900901770,2001,Ames,Township,Athens,Property,roads,R,5,2,202,64,75.939849853515625,24.060150146484375,3900901770,-25.939849853515625,0,0,0,0
3900901770,2004,Ames,Township,Athens,Property,roads,R,5,1,344,193,64.0595932006836,35.940406799316406,3900901770,-14.059593200683594,0,0,0,0
3900901770,2005,Ames,Township,Athens,Property,roads,R,5,2,198,106,65.13157653808594,34.86842346191406,3900901770,-15.131576538085938,0,0,0,0
3900901770,2006,Ames,Township,Athens,Property,roads,R,5,2,306,131,70.02288055419922,29.97711944580078,3900901770,-20.02288055419922,0,0,0,0
3900901770,2008,Ames,Township,Athens,Property,roads,R,5,1,355,159,69.06614685058594,30.933853149414063,3900901770,-19.066146850585938,0,0,0,0
3900901770,2010,Ames,Township,Athens,Property,roads,R,5,2,285,109,72.33502197265625,27.66497802734375,3900901770,-22.33502197265625,0,0,0,0
3900901770,2011,Ames,Township,Athens,Property,roads,R,5,2,286,99,74.28571319580078,25.71428680419922,3900901770,-24.28571319580078,0,0,0,0
3900901770,2014,Ames,Township,Athens,Property,roads,R,5,1,281,78,78.272979736328125,21.727020263671875,3900901770,-28.272979736328125,0,0,0,0
3900901770,2015,Ames,Township,Athens,Property,roads,R,5,2,257,97,72.59886932373047,27.40113067626953,3900901770,-22.59886932373047,0,0,0,0
3900901770,2016,Ames,Township,Athens,Property,roads,R,5,2,395,140,73.83177947998047,26.16822052001953,3900901770,-23.83177947998047,0,0,0,0
3900901770,2019,Ames,Township,Athens,property,roads,R,5,1,275,57,82.8313217163086,17.168678283691406,3900901770,-32.831321716308594,0,0,0,0
3900901770,2020,Ames,Township,Athens,property,roads,R,5,2,423,152,73.565216064453125,26.434783935546875,3900901770,-23.565216064453125,0,0,0,0
3900901770,2021,Ames,Township,Athens,property,roads,R,5,2,235,44,84.2293930053711,15.770606994628906,3900901770,-34.229393005371094,0,0,0,0
3900902736,1993,Athens,City,Athens,Income,roads,A,10,.1,1899,1514,55.64019775390625,44.35980224609375,3902736,-5.64019775390625,0,0,0,1
3900902736,2001,Athens,City,Athens,Income,roads,A,10,1,1579,1218,56.45334243774414,43.54665756225586,3902736,-6.453342437744141,0,0,0,1
3900902736,2010,Athens,City,Athens,Income,roads,A,10,.1,2795,1565,64.10550689697266,35.894493103027344,3902736,-14.105506896972656,0,0,0,0
3900902736,2020,Athens,City,Athens,income,roads,R,10,.1,4657,1784,72.30243682861328,27.69756317138672,3902736,-22.30243682861328,0,0,0,0
3900902750,1991,Athens,Township,Athens,Property,roads,A,5,3,796,1060,42.88793182373047,57.11206817626953,3900902750,7.112068176269531,1,0,0,1
3900902750,1994,Athens,Township,Athens,Property,roads,R,5,3,970,510,65.54054260253906,34.45945739746094,3900902750,-15.540542602539063,0,0,0,0
3900902750,1999,Athens,Township,Athens,Property,roads,R,5,3,954,532,64.1991958618164,35.800804138183594,3900902750,-14.199195861816406,0,0,0,0
3900902750,2004,Athens,Township,Athens,Property,roads,R,5,1.5,1893,1470,56.28902816772461,43.71097183227539,3900902750,-6.289028167724609,0,0,0,1
3900902750,2008,Athens,Township,Athens,Property,roads,R,5,1.5,1963,1398,58.405235290527344,41.594764709472656,3900902750,-8.405235290527344,0,0,0,0
3900902750,2014,Athens,Township,Athens,Property,roads,R,5,1.5,1628,614,72.613739013671875,27.386260986328125,3900902750,-22.613739013671875,0,0,0,0
3900902750,2018,Athens,Township,Athens,Property,roads,R,5,1.5,2137,756,73.86795806884766,26.132041931152344,3900902750,-23.867958068847656,0,0,0,0
3900905942,2000,Bern,Township,Athens,Property,roads,R,4,1,68,27,71.578948974609375,28.421051025390625,3900905942,-21.578948974609375,0,0,0,0
3900905942,2004,Bern,Township,Athens,Property,roads,R,4,1,69,28,71.13401794433594,28.865982055664063,3900905942,-21.134017944335938,0,0,0,0
3900905942,2008,Bern,Township,Athens,Property,roads,R,4,1,164,83,66.396759033203125,33.603240966796875,3900905942,-16.396759033203125,0,0,0,0
3900905942,2012,Bern,Township,Athens,Property,roads,R,5,1,164,81,66.93877410888672,33.06122589111328,3900905942,-16.93877410888672,0,0,0,0
3900905942,2016,Bern,Township,Athens,Property,roads,R,5,1,160,91,63.74502182006836,36.25497817993164,3900905942,-13.74502182006836,0,0,0,0
3900911220,1991,Canaan,Township,Athens,Property,roads,R,5,.5,348,135,72.04969024658203,27.95030975341797,3900911220,-22.04969024658203,0,0,0,0
3900911220,2001,Canaan,Township,Athens,Property,roads,R,5,2,317,115,73.37963104248047,26.62036895751953,3900911220,-23.37963104248047,0,0,0,0
3900911220,2005,Canaan,Township,Athens,Property,roads,R,5,2,363,119,75.31120300292969,24.688796997070313,3900911220,-25.311203002929688,0,0,0,0
3900911220,2010,Canaan,Township,Athens,Property,roads,R,5,2,422,155,73.13691711425781,26.863082885742188,3900911220,-23.136917114257813,0,0,0,0
3900911220,2015,Canaan,Township,Athens,Property,roads,R,5,2,377,104,78.37837982177734,21.621620178222656,3900911220,-28.378379821777344,0,0,0,0
3900911220,2020,Canaan,Township,Athens,property,roads,A,5,2.5,643,249,72.085205078125,27.914794921875,3900911220,-22.085205078125,0,0,0,0
3900912336,1993,Carthage,Township,Athens,Property,roads,A,5,1.5,79,162,32.78008270263672,67.21991729736328,3900912336,17.21991729736328,1,0,0,0
3900912336,1998,Carthage,Township,Athens,Property,roads,A,5,3,163,236,40.85213088989258,59.14786911010742,3900912336,9.147869110107422,1,0,0,0
3900912336,2000,Carthage,Township,Athens,Property,roads,A,5,2,140,154,47.619049072265625,52.380950927734375,3900912336,2.380950927734375,1,1,1,1
3900912336,2001,Carthage,Township,Athens,Property,roads,A,5,2,75,153,32.894737243652344,67.10526275634766,3900912336,17.105262756347656,1,0,0,0
3900912336,2002,Carthage,Township,Athens,Property,roads,A,2,2,115,168,40.636043548583984,59.363956451416016,3900912336,9.363956451416016,1,0,0,0
3900912336,2004,Carthage,Township,Athens,Property,roads,A,2,2,314,418,42.896175384521484,57.103824615478516,3900912336,7.103824615478516,1,0,0,1
3900912336,2005,Carthage,Township,Athens,Property,roads,A,2,2,213,244,46.608314514160156,53.391685485839844,3900912336,3.3916854858398438,1,0,1,1
3900912336,2006,Carthage,Township,Athens,Property,roads,A,5,3,260,284,47.79411697387695,52.20588302612305,3900912336,2.205883026123047,1,1,1,1
3900912336,2007,Carthage,Township,Athens,Property,roads,A,5,3,210,201,51.09489059448242,48.90510940551758,3900912336,-1.0948905944824219,0,1,1,1
3900912336,2011,Carthage,Township,Athens,Property,roads,R,5,3,257,214,54.564754486083984,45.435245513916016,3900912336,-4.564754486083984,0,0,1,1
3900912336,2016,Carthage,Township,Athens,Property,roads,R,5,3,438,237,64.888885498046875,35.111114501953125,3900912336,-14.888885498046875,0,0,0,0
3900913778,2002,Chauncey,Village,Athens,Property,roads,R,5,1,319,231,58,42,3913778,-8,0,0,0,0
3900918588,1993,Coolville,Village,Athens,Property,roads,A,3,2,243,317,43.39285659790039,56.60714340209961,3918588,6.607143402099609,1,0,0,1
3900918588,1994,Coolville,Village,Athens,Property,roads,A,3,2,156,200,43.82022476196289,56.17977523803711,3918588,6.179775238037109,1,0,0,1
3900918588,1995,Coolville,Village,Athens,Property,roads,A,5,2,316,375,45.7308235168457,54.2691764831543,3918588,4.269176483154297,1,0,1,1
3900918588,1997,Coolville,Village,Athens,Property,roads,A,5,2,299,391,43.33333206176758,56.66666793823242,3918588,6.666667938232422,1,0,0,1
3900918588,1998,Coolville,Village,Athens,Property,roads,A,5,3,54,54,50,50,3918588,0,0,1,1,1
3900918588,1999,Coolville,Village,Athens,Property,roads,R,5,5,107,76,58.46994400024414,41.53005599975586,3918588,-8.46994400024414,0,0,0,0
3900918588,2003,Coolville,Village,Athens,Property,roads,R,5,5,95,56,62.91390609741211,37.08609390258789,3918588,-12.91390609741211,0,0,0,0
3900918588,2009,Coolville,Village,Athens,Property,roads,R,3,5,71,44,61.739131927490234,38.260868072509766,3918588,-11.739131927490234,0,0,0,0
3900918588,2012,Coolville,Village,Athens,Property,roads,R,5,.5,91,96,48.66310119628906,51.33689880371094,3918588,1.3368988037109375,1,1,1,1
3900918588,2017,Coolville,Village,Athens,Property,roads,A,5,1,84,67,55.6291389465332,44.3708610534668,3918588,-5.629138946533203,0,0,0,1
3900918588,2021,Coolville,Village,Athens,property,roads,R,5,1,45,37,54.878047943115234,45.121952056884766,3918588,-4.878047943115234,0,0,1,1
3900922414,1992,Dover,Township,Athens,Property,roads,R,5,1,594,495,54.54545593261719,45.45454406738281,3900922414,-4.5454559326171875,0,0,1,1
3900922414,1995,Dover,Township,Athens,Property,roads,R,5,2,325,206,61.20527267456055,38.79472732543945,3900922414,-11.205272674560547,0,0,0,0
3900922414,1997,Dover,Township,Athens,Property,roads,R,5,1,478,290,62.23958206176758,37.76041793823242,3900922414,-12.239582061767578,0,0,0,0
3900922414,2000,Dover,Township,Athens,Property,roads,R,5,2,311,169,64.79166412353516,35.208335876464844,3900922414,-14.791664123535156,0,0,0,0
3900922414,2002,Dover,Township,Athens,Property,roads,R,5,1,319,231,58,42,3900922414,-8,0,0,0,0
3900922414,2004,Dover,Township,Athens,Property,roads,R,5,2,708,511,58.08039474487305,41.91960525512695,3900922414,-8.080394744873047,0,0,0,0
3900922414,2006,Dover,Township,Athens,Property,roads,R,5,1,593,358,62.35541534423828,37.64458465576172,3900922414,-12.355415344238281,0,0,0,0
3900922414,2009,Dover,Township,Athens,Property,roads,R,5,2,397,240,62.32339096069336,37.67660903930664,3900922414,-12.32339096069336,0,0,0,0
3900922414,2012,Dover,Township,Athens,property,roads,R,5,1,338,232,59.29824447631836,40.70175552368164,3900922414,-9.29824447631836,0,0,0,0
3900922414,2014,Dover,Township,Athens,Property,roads,R,5,2,490,284,63.3074951171875,36.6925048828125,3900922414,-13.3074951171875,0,0,0,0
3900922414,2017,Dover,Township,Athens,Property,roads,R,4,1,450,164,73.28990173339844,26.710098266601563,3900922414,-23.289901733398438,0,0,0,0
3900922414,2020,Dover,Township,Athens,property,roads,R,4,2,780,392,66.55290222167969,33.44709777832031,3900922414,-16.552902221679688,0,0,0,0
3900930674,1991,Glouster,Village,Athens,Property,roads,R,5,2,284,267,51.54264831542969,48.45735168457031,3930674,-1.5426483154296875,0,1,1,1
3900930674,1994,Glouster,Village,Athens,Property,roads,R,5,1,269,176,60.449440002441406,39.550559997558594,3930674,-10.449440002441406,0,0,0,0
3900930674,1996,Glouster,Village,Athens,Property,roads,R,-999,2,365,271,57.38993835449219,42.61006164550781,3930674,-7.3899383544921875,0,0,0,1
3900930674,1999,Glouster,Village,Athens,Property,roads,A,5,1,327,253,56.379310607910156,43.620689392089844,3930674,-6.379310607910156,0,0,0,1
3900930674,2001,Glouster,Village,Athens,Property,roads,R,5,2,246,135,64.56693267822266,35.433067321777344,3930674,-14.566932678222656,0,0,0,0
3900930674,2003,Glouster,Village,Athens,Property,roads,R,5,1,308,148,67.54386138916016,32.456138610839844,3930674,-17.543861389160156,0,0,0,0
3900930674,2005,Glouster,Village,Athens,Property,roads,R,5,2,261,181,59.049774169921875,40.950225830078125,3930674,-9.049774169921875,0,0,0,0
3900930674,2008,Glouster,Village,Athens,Property,roads,R,4,1,443,194,69.54473876953125,30.45526123046875,3930674,-19.54473876953125,0,0,0,0
3900930674,2011,Glouster,Village,Athens,Property,roads,R,5,2,295,157,65.26548767089844,34.73451232910156,3930674,-15.265487670898438,0,0,0,0
3900930674,2013,Glouster,Village,Athens,Property,roads,R,4,1,201,92,68.6006851196289,31.399314880371094,3930674,-18.600685119628906,0,0,0,0
3900930674,2016,Glouster,Village,Athens,Property,roads,R,5,2,380,202,65.29209899902344,34.70790100097656,3930674,-15.292098999023438,0,0,0,0
3900930674,2017,Glouster,Village,Athens,Property,roads,R,4,1,213,69,75.53191375732422,24.46808624267578,3930674,-25.53191375732422,0,0,0,0
3900930674,2021,Glouster,Village,Athens,property,roads,R,4,2,155,84,64.85355377197266,35.146446228027344,3930674,-14.853553771972656,0,0,0,0
3900942420,1991,Lee,Township,Athens,Property,roads,R,5,1,383,156,71.05751037597656,28.942489624023438,3900942420,-21.057510375976563,0,0,0,0
3900942420,2007,Lee,Township,Athens,Property,roads,A,5,1,416,120,77.6119384765625,22.3880615234375,3900942420,-27.6119384765625,0,0,0,0
3900942420,2012,Lee,Township,Athens,Property,roads,R,5,1,479,322,59.80025100708008,40.19974899291992,3900942420,-9.800251007080078,0,0,0,0
3900942420,2021,Lee,Township,Athens,property,roads,R,5,1,365,149,71.01167297363281,28.988327026367188,3900942420,-21.011672973632813,0,0,0,0
3900944590,1992,Lodi,Township,Athens,Property,roads,R,5,1.5,458,529,46.40324401855469,53.59675598144531,3900944590,3.5967559814453125,1,0,1,1
3900944590,1998,Lodi,Township,Athens,Property,roads,R,5,1,197,99,66.5540542602539,33.445945739746094,3900944590,-16.554054260253906,0,0,0,0
3900944590,1999,Lodi,Township,Athens,Property,roads,A,5,.5,178,111,61.59169387817383,38.40830612182617,3900944590,-11.591693878173828,0,0,0,0
3900944590,2001,Lodi,Township,Athens,Property,roads,R,5,1,178,100,64.028778076171875,35.971221923828125,3900944590,-14.028778076171875,0,0,0,0
3900944590,2005,Lodi,Township,Athens,Property,roads,R,5,1.5,113,134,45.74898910522461,54.25101089477539,3900944590,4.251010894775391,1,0,1,1
3900944590,2009,Lodi,Township,Athens,Property,roads,R,5,1.5,485,183,72.60478973388672,27.39521026611328,3900944590,-22.60478973388672,0,0,0,0
3900944590,2011,Lodi,Township,Athens,Property,roads,A,5,1,274,164,62.55707931518555,37.44292068481445,3900944590,-12.557079315185547,0,0,0,0
3900944590,2014,Lodi,Township,Athens,Property,roads,R,5,1.5,238,140,62.96296310424805,37.03703689575195,3900944590,-12.962963104248047,0,0,0,0
3900944590,2016,Lodi,Township,Athens,Property,roads,R,5,2,321,240,57.2192497253418,42.7807502746582,3900944590,-7.219249725341797,0,0,0,1
3900944590,2019,Lodi,Township,Athens,property,roads,R,5,2,234,120,66.10169219970703,33.89830780029297,3900944590,-16.10169219970703,0,0,0,0
3900953886,1997,Nelsonville,City,Athens,Property,roads,R,5,2,754,547,57.95541763305664,42.04458236694336,3953886,-7.955417633056641,0,0,0,0
3900953886,2000,Nelsonville,City,Athens,Property,roads,R,5,2,480,424,53.09734344482422,46.90265655517578,3953886,-3.0973434448242188,0,0,1,1
3900953886,2001,Nelsonville,City,Athens,Property,roads,R,5,3,333,516,39.22261428833008,60.77738571166992,3953886,10.777385711669922,1,0,0,0
3900953886,2004,Nelsonville,City,Athens,Property,roads,R,5,3,526,1277,29.173599243164063,70.82640075683594,3953886,20.826400756835938,1,0,0,0
3900953886,2005,Nelsonville,City,Athens,Property,roads,R,5,2,928,472,66.28571319580078,33.71428680419922,3953886,-16.28571319580078,0,0,0,0
3900953886,2006,Nelsonville,City,Athens,Property,roads,R,5,3,592,529,52.80998992919922,47.19001007080078,3953886,-2.8099899291992188,0,1,1,1
3900953886,2011,Nelsonville,City,Athens,Property,roads,R,5,3,522,565,48.02207946777344,51.97792053222656,3953886,1.9779205322265625,1,1,1,1
3900953886,2017,Nelsonville,City,Athens,Property,roads,R,5,2,520,245,67.9738540649414,32.026145935058594,3953886,-17.973854064941406,0,0,0,0
3900953886,2019,Nelsonville,City,Athens,property,roads,R,5,2,550,228,70.69408416748047,29.30591583251953,3953886,-20.69408416748047,0,0,0,0
3900953886,2020,Nelsonville,City,Athens,property,roads,R,5,3,847,536,61.24367141723633,38.75632858276367,3953886,-11.243671417236328,0,0,0,0
3900968238,1994,Rome,Township,Athens,Property,roads,R,5,3.3,316,184,63.20000076293945,36.79999923706055,3900968238,-13.200000762939453,0,0,0,0
3900968238,1997,Rome,Township,Athens,Property,roads,R,5,5.5,190,1044,15.397082328796387,84.60292053222656,3900968238,34.60292053222656,1,0,0,0
3900968238,2004,Rome,Township,Athens,Property,roads,R,5,3.3,287,224,56.16438293457031,43.83561706542969,3900968238,-6.1643829345703125,0,0,0,1
3900968238,2009,Rome,Township,Athens,Property,roads,R,5,3.3,254,102,71.34831237792969,28.651687622070313,3900968238,-21.348312377929688,0,0,0,0
3900968238,2013,Rome,Township,Athens,Property,roads,A,5,2.2,340,22,93.92265319824219,6.0773468017578125,3900968238,-43.92265319824219,0,0,0,0
3900968238,2014,Rome,Township,Athens,Property,roads,R,5,3.3,340,91,78.88631439208984,21.113685607910156,3900968238,-28.886314392089844,0,0,0,0
3900977406,1993,Trimble,Village,Athens,Property,roads,R,3,3.2,87,46,65.41353607177734,34.586463928222656,3977406,-15.413536071777344,0,0,0,0
3900977406,1997,Trimble,Village,Athens,Property,roads,R,5,3.2,66,30,68.75,31.25,3977406,-18.75,0,0,0,0
3900977406,2002,Trimble,Village,Athens,Property,roads,R,5,3.2,45,22,67.16417694091797,32.83582305908203,3977406,-17.16417694091797,0,0,0,0
3900977406,2008,Trimble,Village,Athens,Property,roads,R,3,3.2,61,767,7.367149829864502,92.63285064697266,3977406,42.632850646972656,1,0,0,0
3900977406,2013,Trimble,Village,Athens,Property,roads,R,5,3.2,33,12,73.33333587646484,26.666664123535156,3977406,-23.333335876464844,0,0,0,0
3900977406,2017,Trimble,Village,Athens,Property,roads,R,5,3.2,55,17,76.388885498046875,23.611114501953125,3977406,-26.388885498046875,0,0,0,0
3900977406,2019,Trimble,Village,Athens,property,roads,R,5,3.2,29,9,76.31578826904297,23.68421173095703,3977406,-26.31578826904297,0,0,0,0
3900977420,1992,Trimble,Township,Athens,Property,roads,A,5,1.5,310,81,79.28388977050781,20.716110229492188,3900977420,-29.283889770507813,0,0,0,0
3900977420,1996,Trimble,Township,Athens,Property,roads,A,5,1,157,258,37.83132553100586,62.16867446899414,3900977420,12.16867446899414,1,0,0,0
3900977420,1997,Trimble,Township,Athens,Property,roads,A,5,1,242,303,44.40367126464844,55.59632873535156,3900977420,5.5963287353515625,1,0,0,1
3900977420,1998,Trimble,Township,Athens,Property,roads,A,5,1,206,221,48.243560791015625,51.756439208984375,3900977420,1.756439208984375,1,1,1,1
3900977420,2001,Trimble,Township,Athens,Property,roads,A,5,1,191,10,95.024871826171875,4.975128173828125,3900977420,-45.024871826171875,0,0,0,0
3900977546,1991,Troy,Township,Athens,Property,roads,A,5,2,255,551,31.63771629333496,68.3622817993164,3900977546,18.362281799316406,1,0,0,0
3900977546,1993,Troy,Township,Athens,Property,roads,R,3,2,406,205,66.44844818115234,33.551551818847656,3900977546,-16.448448181152344,0,0,0,0
3900977546,1994,Troy,Township,Athens,Property,roads,A,3,2,243,200,54.853271484375,45.146728515625,3900977546,-4.853271484375,0,0,1,1
3900977546,1995,Troy,Township,Athens,Property,roads,A,3,2,279,279,50,50,3900977546,0,0,1,1,1
3900977546,1997,Troy,Township,Athens,Property,roads,A,5,2,316,391,44.695899963378906,55.304100036621094,3900977546,5.304100036621094,1,0,0,1
3900977546,1998,Troy,Township,Athens,Property,roads,A,5,2,299,158,65.42669677734375,34.57330322265625,3900977546,-15.42669677734375,0,0,0,0
3900977546,1999,Troy,Township,Athens,Property,roads,A,5,2,268,293,47.77183532714844,52.22816467285156,3900977546,2.2281646728515625,1,1,1,1
3900977546,2001,Troy,Township,Athens,Property,roads,R,5,2,295,194,60.32719802856445,39.67280197143555,3900977546,-10.327198028564453,0,0,0,0
3900977546,2019,Troy,Township,Athens,property,roads,R,5,2,188,137,57.846153259277344,42.153846740722656,3900977546,-7.846153259277344,0,0,0,0
3900981777,1993,Waterloo,Township,Athens,Property,roads,R,5,1,548,162,77.18309783935547,22.81690216064453,3900981777,-27.18309783935547,0,0,0,0
3900981777,1995,Waterloo,Township,Athens,Property,roads,A,5,1,403,135,74.90706634521484,25.092933654785156,3900981777,-24.907066345214844,0,0,0,0
3900981777,1999,Waterloo,Township,Athens,Property,roads,R,5,1,475,209,69.44444274902344,30.555557250976563,3900981777,-19.444442749023438,0,0,0,0
3900981777,2000,Waterloo,Township,Athens,Property,roads,R,5,1,410,309,57.023643493652344,42.976356506347656,3900981777,-7.023643493652344,0,0,0,1
3900981777,2003,Waterloo,Township,Athens,Property,roads,R,5,1,661,256,72.08287811279297,27.91712188720703,3900981777,-22.08287811279297,0,0,0,0
3900981777,2004,Waterloo,Township,Athens,Property,roads,R,5,1,555,517,51.77238845825195,48.22761154174805,3900981777,-1.7723884582519531,0,1,1,1
3900981777,2005,Waterloo,Township,Athens,Property,roads,R,5,1,736,157,82.41881561279297,17.58118438720703,3900981777,-32.41881561279297,0,0,0,0
3900981777,2008,Waterloo,Township,Athens,Property,roads,R,5,1,460,379,54.82717514038086,45.17282485961914,3900981777,-4.827175140380859,0,0,1,1
3900981777,2009,Waterloo,Township,Athens,Property,roads,R,5,1,402,180,69.0721664428711,30.927833557128906,3900981777,-19.072166442871094,0,0,0,0
3900981777,2010,Waterloo,Township,Athens,Property,roads,R,5,1,421,175,70.63758087158203,29.36241912841797,3900981777,-20.63758087158203,0,0,0,0
3900981777,2013,Waterloo,Township,Athens,Property,roads,R,5,1,556,133,80.69666290283203,19.30333709716797,3900981777,-30.69666290283203,0,0,0,0
3900981777,2014,Waterloo,Township,Athens,Property,roads,R,5,1,694,227,75.352874755859375,24.647125244140625,3900981777,-25.352874755859375,0,0,0,0
3900981777,2015,Waterloo,Township,Athens,Property,roads,R,5,1,545,192,73.94844055175781,26.051559448242188,3900981777,-23.948440551757813,0,0,0,0
3900981777,2016,Waterloo,Township,Athens,Property,roads,R,5,1,499,2604,16.08121109008789,83.918792724609375,3900981777,33.918792724609375,1,0,0,0
3900981777,2018,Waterloo,Township,Athens,Property,roads,R,5,1,464,333,58.218318939208984,41.781681060791016,3900981777,-8.218318939208984,0,0,0,0
3900981777,2019,Waterloo,Township,Athens,property,roads,R,5,1,348,136,71.90082550048828,28.09917449951172,3900981777,-21.90082550048828,0,0,0,0
3900981777,2020,Waterloo,Township,Athens,property,roads,R,5,1,793,352,69.25764465332031,30.742355346679688,3900981777,-19.257644653320313,0,0,0,0
3900986982,1997,York,Township,Athens,Property,roads,A,5,2,213,196,52.07823944091797,47.92176055908203,3900986982,-2.0782394409179688,0,1,1,1
3900986982,2001,York,Township,Athens,Property,roads,R,5,2,374,446,45.60975646972656,54.39024353027344,3900986982,4.3902435302734375,1,0,1,1
3900986982,2006,York,Township,Athens,Property,roads,R,5,2,253,529,32.35293960571289,67.647064208984375,3900986982,17.647064208984375,1,0,0,0
3900986982,2011,York,Township,Athens,Property,roads,R,5,2,317,565,35.941043853759766,64.0589599609375,3900986982,14.0589599609375,1,0,0,0
3900986982,2018,York,Township,Athens,Property,roads,R,5,2,319,228,58.31809997558594,41.68190002441406,3900986982,-8.3180999755859375,0,0,0,0
3900986982,2020,York,Township,Athens,property,roads,R,5,2,513,304,62.79069900512695,37.20930099487305,3900986982,-12.790699005126953,0,0,0,0
3901144618,1992,Logan,Township,Auglaize,Property,roads,R,5,1,258,1804,12.512124061584473,87.48787689208984,3901144618,37.487876892089844,1,0,0,0
3901144618,2005,Logan,Township,Auglaize,Property,roads,R,5,1,104,108,49.056602478027344,50.943397521972656,3901144618,0.94339752197265625,1,1,1,1
3901144618,2015,Logan,Township,Auglaize,Property,roads,R,5,1,221,127,63.5057487487793,36.4942512512207,3901144618,-13.505748748779297,0,0,0,0
3901144618,2020,Logan,Township,Auglaize,property,roads,R,5,1,354,194,64.598541259765625,35.401458740234375,3901144618,-14.598541259765625,0,0,0,0
3901180766,1993,Wapakoneta,City,Auglaize,Income,roads,A,5,.5,761,2791,21.424549102783203,78.57545471191406,3980766,28.575454711914063,1,0,0,0
3901180766,2006,Wapakoneta,City,Auglaize,Property,roads,A,5,2.5,752,485,60.792240142822266,39.207759857177734,3980766,-10.792240142822266,0,0,0,0
3901180766,2011,Wapakoneta,City,Auglaize,Income,roads,A,1000,.5,1671,68,96.08970642089844,3.9102935791015625,3980766,-46.08970642089844,0,0,0,0
3901305074,1996,Bellaire,City,Belmont,Property,roads,A,5,3,940,1261,42.70785903930664,57.29214096069336,3905074,7.292140960693359,1,0,0,1
3901306138,1992,Bethesda,Village,Belmont,Property,roads,R,5,1.5,278,275,50.27124786376953,49.72875213623047,3906138,-0.27124786376953125,0,1,1,1
3901306138,1998,Bethesda,Village,Belmont,Property,roads,R,5,1.5,212,205,50.83932876586914,49.16067123413086,3906138,-0.8393287658691406,0,1,1,1
3901306138,2002,Bethesda,Village,Belmont,Property,roads,R,5,1.5,156,177,46.84684753417969,53.15315246582031,3906138,3.1531524658203125,1,0,1,1
3901306138,2003,Bethesda,Village,Belmont,Property,roads,R,5,1.5,187,132,58.620689392089844,41.379310607910156,3906138,-8.620689392089844,0,0,0,0
3901306138,2008,Bethesda,Village,Belmont,Property,roads,R,5,1.5,245,139,63.80208206176758,36.19791793823242,3906138,-13.802082061767578,0,0,0,0
3901306138,2013,Bethesda,Village,Belmont,Property,roads,R,5,1.5,101,27,78.90625,21.09375,3906138,-28.90625,0,0,0,0
3901306138,2018,Bethesda,Village,Belmont,Property,roads,R,5,1.5,102,38,72.85713958740234,27.142860412597656,3906138,-22.857139587402344,0,0,0,0
3901327566,2018,Flushing,Township,Belmont,Property,roads,A,5,2.5,49,49,50,50,3901327566,0,0,1,1,1
3901327566,2019,Flushing,Township,Belmont,property,roads,A,5,2.5,46,49,48.421051025390625,51.578948974609375,3901327566,1.578948974609375,1,1,1,1
3901327566,2021,Flushing,Township,Belmont,property,roads,A,5,2.5,58,48,54.71697998046875,45.28302001953125,3901327566,-4.71697998046875,0,0,1,1
3901330968,1995,Goshen,Township,Belmont,Property,roads,R,5,1.3,232,121,65.722381591796875,34.277618408203125,3901330968,-15.722381591796875,0,0,0,0
3901330968,2000,Goshen,Township,Belmont,Property,roads,R,5,1.3,315,229,57.90441131591797,42.09558868408203,3901330968,-7.904411315917969,0,0,0,0
3901330968,2003,Goshen,Township,Belmont,Property,roads,A,1000,1.5,36,24,60,40,3901330968,-10,0,0,0,0
3901330968,2005,Goshen,Township,Belmont,Property,roads,R,5,1.3,241,122,66.39118194580078,33.60881805419922,3901330968,-16.39118194580078,0,0,0,0
3901330968,2010,Goshen,Township,Belmont,Property,roads,R,5,1.3,313,185,62.85140609741211,37.14859390258789,3901330968,-12.85140609741211,0,0,0,0
3901330968,2015,Goshen,Township,Belmont,Property,roads,R,5,1.3,222,115,65.87537384033203,34.12462615966797,3901330968,-15.875373840332031,0,0,0,0
3901330968,2018,Goshen Township Outside Road District,Township,Belmont,Property,roads,A,cpt,2,283,293,49.13194274902344,50.86805725097656,3901330968,0.8680572509765625,1,1,1,1
3901330968,2019,Goshen,Township,Belmont,property,roads,A,cpt,2,130,124,51.18110275268555,48.81889724731445,3901330968,-1.1811027526855469,0,1,1,1
3901330968,2020,Goshen,Township,Belmont,property,roads,R,5,1.3,482,277,63.50461196899414,36.49538803100586,3901330968,-13.50461196899414,0,0,0,0
3901335924,2021,Holloway,Village,Belmont,property,roads,A,5,6,37,23,61.66666793823242,38.33333206176758,3935924,-11.666667938232422,0,0,0,0
3901348580,1991,Mead,Township,Belmont,Property,roads,R,5,1,458,110,80.63380432128906,19.366195678710938,3901348580,-30.633804321289063,0,0,0,0
3901348580,1992,Mead,Township,Belmont,Property,roads,R,5,1,635,340,65.128204345703125,34.871795654296875,3901348580,-15.128204345703125,0,0,0,0
3901348580,1994,Mead,Township,Belmont,Property,roads,R,5,1,365,273,57.21002960205078,42.78997039794922,3901348580,-7.210029602050781,0,0,0,1
3901348580,1996,Mead,Township,Belmont,Property,roads,R,5,1,533,322,62.33917999267578,37.66082000732422,3901348580,-12.339179992675781,0,0,0,0
3901348580,1999,Mead,Township,Belmont,Property,roads,R,5,1,1025,216,82.59468078613281,17.405319213867188,3901348580,-32.59468078613281,0,0,0,0
3901348580,2002,Mead,Township,Belmont,Property,roads,R,5,1,275,400,40.74074172973633,59.25925827026367,3901348580,9.259258270263672,1,0,0,0
3901348580,2007,Mead,Township,Belmont,Property,roads,R,5,1,582,162,78.2258071899414,21.774192810058594,3901348580,-28.225807189941406,0,0,0,0
3901348580,2009,Mead,Township,Belmont,Property,roads,A,5,1,147,368,28.543689727783203,71.45631408691406,3901348580,21.456314086914063,1,0,0,0
3901348580,2010,Mead,Township,Belmont,Property,roads,R,5,1,432,258,62.60869598388672,37.39130401611328,3901348580,-12.608695983886719,0,0,0,0
3901348580,2014,Mead,Township,Belmont,Property,roads,R,5,1,447,264,62.869197845458984,37.130802154541016,3901348580,-12.869197845458984,0,0,0,0
3901348580,2019,Mead,Township,Belmont,property,roads,R,5,1,241,122,66.39118194580078,33.60881805419922,3901348580,-16.39118194580078,0,0,0,0
3901348580,2021,Mead,Township,Belmont,property,roads,R,5,1,313,134,70.022369384765625,29.977630615234375,3901348580,-20.022369384765625,0,0,0,0
3901361378,1992,Pease,Township,Belmont,Property,roads,A,5,2,499,695,41.792293548583984,58.207706451416016,3901361378,8.207706451416016,1,0,0,0
3901361378,1996,Pease,Township,Belmont,Property,roads,A,5,2,572,147,79.55493927001953,20.44506072998047,3901361378,-29.55493927001953,0,0,0,0
3901361378,2006,Pease,Township,Belmont,Property,roads,A,1000,1,518,554,48.32089614868164,51.67910385131836,3901361378,1.6791038513183594,1,1,1,1
3901361378,2009,Pease,Township,Belmont,Property,roads,A,1000,1,579,305,65.49773406982422,34.50226593017578,3901361378,-15.497734069824219,0,0,0,0
3901361378,2018,Pease,Township,Belmont,Property,roads,A,1000,2,569,45,92.67101287841797,7.328987121582031,3901361378,-42.67101287841797,0,0,0,0
3901364542,2015,Powhatan Point,Village,Belmont,Property,roads,A,1000,4,156,201,43.697479248046875,56.302520751953125,3964542,6.302520751953125,1,0,0,1
3901364962,1999,Pultney,Township,Belmont,Property,roads,R,5,1.45,915,562,61.94989776611328,38.05010223388672,3901364962,-11.949897766113281,0,0,0,0
3901364962,2000,Pultney,Township,Belmont,Property,roads,A,5,3,940,443,67.96818542480469,32.03181457519531,3901364962,-17.968185424804688,0,0,0,0
3901364962,2005,Pultney,Township,Belmont,Property,roads,R,5,1.45,528,56,90.41095733642578,9.589042663574219,3901364962,-40.41095733642578,0,0,0,0
3901364962,2010,Pultney,Township,Belmont,Property,roads,R,5,1.45,620,454,57.728118896484375,42.271881103515625,3901364962,-7.728118896484375,0,0,0,0
3901364962,2014,Pultney,Township,Belmont,Property,roads,R,5,1.45,151,698,17.785629272460938,82.21437072753906,3901364962,32.21437072753906,1,0,0,0
3901364962,2015,Pultney,Township,Belmont,Property,roads,R,5,4,990,75,92.95774841308594,7.0422515869140625,3901364962,-42.95774841308594,0,0,0,0
3901364962,2018,Pultney,Township,Belmont,Property,roads,R,5,4,762,361,67.85396575927734,32.146034240722656,3901364962,-17.853965759277344,0,0,0,0
3901366628,1994,Richland,Township,Belmont,Property,roads,R,5,1.45,822,2800,22.694643020629883,77.30535888671875,3901366628,27.30535888671875,1,0,0,0
3901366628,1999,Richland,Township,Belmont,Property,roads,A,1000,1,711,1201,37.18619155883789,62.81380844116211,3901366628,12.81380844116211,1,0,0,0
3901366628,2000,Richland,Township,Belmont,Property,roads,R,5,1.45,1138,903,55.756980895996094,44.243019104003906,3901366628,-5.756980895996094,0,0,0,1
3901366628,2001,Richland,Township,Belmont,Property,roads,A,5,.5,617,1056,36.87985610961914,63.12014389038086,3901366628,13.12014389038086,1,0,0,0
3901366628,2004,Richland,Township,Belmont,Property,roads,A,5,1,1207,3667,24.764053344726563,75.23594665527344,3901366628,25.235946655273438,1,0,0,0
3901366628,2007,Richland,Township,Belmont,Property,roads,A,1000,1,689,682,50.255287170410156,49.744712829589844,3901366628,-0.25528717041015625,0,1,1,1
3901366628,2008,Richland,Township,Belmont,Property,roads,A,5,1,1315,1763,42.7225456237793,57.2774543762207,3901366628,7.277454376220703,1,0,0,1
3901366628,2010,Richland,Township,Belmont,Property,roads,A,5,1,530,2138,19.865066528320313,80.13493347167969,3901366628,30.134933471679688,1,0,0,0
3901372736,1992,Smith,Township,Belmont,Property,roads,R,5,.9,195,500,28.057554244995117,71.94244384765625,3901372736,21.94244384765625,1,0,0,0
3901372736,1998,Smith,Township,Belmont,Property,roads,R,5,.9,267,129,67.42424011230469,32.57575988769531,3901372736,-17.424240112304688,0,0,0,0
3901372736,2002,Smith,Township,Belmont,Property,roads,R,5,.9,299,97,75.50505065917969,24.494949340820313,3901372736,-25.505050659179688,0,0,0,0
3901372736,2007,Smith,Township,Belmont,Property,roads,R,5,.9,289,59,83.04597473144531,16.954025268554688,3901372736,-33.04597473144531,0,0,0,0
3901372736,2012,Smith,Township,Belmont,Property,roads,R,5,.9,416,232,64.1975326538086,35.802467346191406,3901372736,-14.197532653808594,0,0,0,0
3901372736,2017,Smith,Township,Belmont,Property,roads,R,5,.9,501,54,90.27027130126953,9.729728698730469,3901372736,-40.27027130126953,0,0,0,0
3901372970,1991,Somerset,Township,Belmont,Property,roads,R,5,1.3,346,258,57.284767150878906,42.715232849121094,3901372970,-7.284767150878906,0,0,0,1
3901372970,1996,Somerset,Township,Belmont,Property,roads,R,5,1.3,217,166,56.657962799072266,43.342037200927734,3901372970,-6.657962799072266,0,0,0,1
3901372970,2006,Somerset,Township,Belmont,Property,roads,R,5,1.3,266,117,69.45169830322266,30.548301696777344,3901372970,-19.451698303222656,0,0,0,0
3901372970,2011,Somerset,Township,Belmont,Property,roads,R,5,1.3,245,155,61.25,38.75,3901372970,-11.25,0,0,0,0
3901372970,2016,Somerset,Township,Belmont,Property,roads,R,5,1.3,235,154,60.411312103271484,39.588687896728516,3901372970,-10.411312103271484,0,0,0,0
3901372970,2018,Somerset,Township,Belmont,Property,roads,R,5,1.3,237,141,62.69841384887695,37.30158615112305,3901372970,-12.698413848876953,0,0,0,0
3901372970,2021,Somerset,Township,Belmont,property,roads,R,5,1.3,234,72,76.47058868408203,23.52941131591797,3901372970,-26.47058868408203,0,0,0,0
3901378218,1991,Union,Township,Belmont,Property,roads,A,3,2,40,83,32.52032470703125,67.47967529296875,3901378218,17.47967529296875,1,0,0,0
3901378218,2006,Union,Township,Belmont,Property,roads,A,2,2,160,202,44.19889450073242,55.80110549926758,3901378218,5.801105499267578,1,0,0,1
3901380864,1992,Warren,Township,Belmont,Property,roads,R,5,2,405,1199,25.24937629699707,74.75062561035156,3901380864,24.750625610351563,1,0,0,0
3901380864,1997,Warren,Township,Belmont,Property,roads,R,5,2,349,237,59.556312561035156,40.443687438964844,3901380864,-9.556312561035156,0,0,0,0
3901380864,2002,Warren,Township,Belmont,Property,roads,R,5,2,316,194,61.960784912109375,38.039215087890625,3901380864,-11.960784912109375,0,0,0,0
3901380864,2006,Warren,Township,Belmont,Property,roads,R,5,2,322,320,50.15576171875,49.84423828125,3901380864,-0.15576171875,0,1,1,1
3901380864,2013,Warren,Township,Belmont,Property,roads,A,5,2,319,102,75.77197265625,24.22802734375,3901380864,-25.77197265625,0,0,0,0
3901380864,2018,Warren,Township,Belmont,Property,roads,R,5,2,259,276,48.411216735839844,51.588783264160156,3901380864,1.5887832641601563,1,1,1,1
3901381088,1992,Washington,Township,Belmont,Property,roads,R,1000,1.35,84,71,54.19355010986328,45.80644989013672,3901381088,-4.193550109863281,0,0,1,1
3901381088,2003,Washington,Township,Belmont,Property,roads,R,5,1.35,98,76,56.32183837890625,43.67816162109375,3901381088,-6.32183837890625,0,0,0,1
3901381088,2008,Washington,Township,Belmont,Property,roads,R,5,1.35,101,77,56.741573333740234,43.258426666259766,3901381088,-6.741573333740234,0,0,0,1
3901381088,2013,Washington,Township,Belmont,Property,roads,R,5,1.35,98,51,65.77181243896484,34.228187561035156,3901381088,-15.771812438964844,0,0,0,0
3901382068,1995,Wayne,Township,Belmont,Property,roads,R,5,1.45,156,231,40.31007766723633,59.68992233276367,3901382068,9.689922332763672,1,0,0,0
3901382068,2004,Wayne,Township,Belmont,Property,roads,R,5,1.45,165,114,59.13978576660156,40.86021423339844,3901382068,-9.1397857666015625,0,0,0,0
3901382068,2009,Wayne,Township,Belmont,Property,roads,R,5,1.45,147,56,72.4137954711914,27.586204528808594,3901382068,-22.413795471191406,0,0,0,0
3901382068,2014,Wayne,Township,Belmont,Property,roads,R,5,1.45,225,66,77.31958770751953,22.68041229248047,3901382068,-27.31958770751953,0,0,0,0
3901382068,2019,Wayne,Township,Belmont,property,roads,R,5,1.45,132,48,73.33333587646484,26.666664123535156,3901382068,-23.333335876464844,0,0,0,0
3901384602,1992,Wheeling,Township,Belmont,Property,roads,R,5,1.2,37,107,25.69444465637207,74.30555725097656,3901384602,24.305557250976563,1,0,0,0
3901384602,1999,Wheeling,Township,Belmont,Property,roads,R,5,1.2,350,218,61.61971664428711,38.38028335571289,3901384602,-11.61971664428711,0,0,0,0
3901384602,2004,Wheeling,Township,Belmont,Property,roads,R,5,1.2,296,342,46.39498519897461,53.60501480102539,3901384602,3.6050148010253906,1,0,1,1
3901384602,2009,Wheeling,Township,Belmont,Property,roads,R,5,1.2,460,31,93.68635559082031,6.3136444091796875,3901384602,-43.68635559082031,0,0,0,0
3901384602,2015,Wheeling,Township,Belmont,Property,roads,R,5,1.2,174,19,90.15544128417969,9.8445587158203125,3901384602,-40.15544128417969,0,0,0,0
3901384602,2019,Wheeling,Township,Belmont,property,roads,R,5,1.2,125,49,71.839080810546875,28.160919189453125,3901384602,-21.839080810546875,0,0,0,0
3901386996,2007,York,Township,Belmont,Property,roads,A,5,2,98,155,38.73517608642578,61.26482391357422,3901386996,11.264823913574219,1,0,0,0
3901386996,2008,York,Township,Belmont,Property,roads,A,1000,4,156,214,42.16216278076172,57.83783721923828,3901386996,7.837837219238281,1,0,0,0
3901386996,2016,York,Township,Belmont,Property,roads,A,5,3,176,242,42.105262756347656,57.894737243652344,3901386996,7.894737243652344,1,0,0,0
3901542910,1993,Lewis,Township,Brown,Property,roads,A,5,2,278,170,62.05356979370117,37.94643020629883,3901542910,-12.053569793701172,0,0,0,0
3901542910,2005,Lewis,Township,Brown,Property,roads,A,5,5,472,197,70.55306243896484,29.446937561035156,3901542910,-20.553062438964844,0,0,0,0
3901542910,2012,Lewis,Township,Brown,Property,roads,A,5,1.5,301,403,42.755680084228516,57.244319915771484,3901542910,7.244319915771484,1,0,0,1
3901542910,2013,Lewis,Township,Brown,property,roads,A,5,1,162,74,68.6440658569336,31.355934143066406,3901542910,-18.644065856933594,0,0,0,0
3901570534,1996,Sardinia,Village,Brown,Property,roads,A,cpt,4.8,128,158,44.755245208740234,55.244754791259766,3970534,5.244754791259766,1,0,0,1
3901570534,1998,Sardinia,Village,Brown,Property,roads,R,5,3.5,155,68,69.50672912597656,30.493270874023438,3970534,-19.506729125976563,0,0,0,0
3901570534,2000,Sardinia,Village,Brown,Property,roads,A,5,3.5,20,93,17.699115753173828,82.30088806152344,3970534,32.30088806152344,1,0,0,0
3901570534,2002,Sardinia,Village,Brown,Property,roads,A,cpt,4.8,76,55,58.01526641845703,41.98473358154297,3970534,-8.015266418457031,0,0,0,0
3901570534,2003,Sardinia,Village,Brown,Property,roads,A,5,3.5,97,107,47.54901885986328,52.45098114013672,3970534,2.4509811401367188,1,1,1,1
3901570534,2007,Sardinia,Village,Brown,Property,roads,R,5,3.5,112,94,54.36893081665039,45.63106918334961,3970534,-4.368930816650391,0,0,1,1
3901570534,2008,Sardinia,Village,Brown,Property,roads,A,5,3,101,184,35.438594818115234,64.5614013671875,3970534,14.5614013671875,1,0,0,0
3901570534,2019,Sardinia,Village,Brown,property,roads,A,10,5,92,166,35.65891647338867,64.34107971191406,3970534,14.341079711914063,1,0,0,0
3901574559,2001,Sterling,Township,Brown,Property,roads,R,1000,2,415,213,66.08280181884766,33.917198181152344,3901574559,-16.082801818847656,0,0,0,0
3901733012,2020,Hamilton,City,Butler,property,roads,A,10,3.9,3217,3113,50.82148361206055,49.17851638793945,3933012,-0.8214836120605469,0,1,1,1
3901746340,1991,Madison,Township,Butler,Property,roads,A,1000,1,1101,372,74.74541473388672,25.25458526611328,3901746340,-24.74541473388672,0,0,0,0
3901749840,2006,Middletown,City,Butler,Income,roads,A,5,.5,1443,8314,14.789381980895996,85.21061706542969,3949840,35.21061706542969,1,0,0,0
3901749840,2007,Middletown,City,Butler,Income,roads,A,10,.25,7283,4857,59.991764068603516,40.008235931396484,3949840,-9.991764068603516,0,0,0,0
3901749840,2020,Middletown,City,Butler,income,roads,A,10,.25,11076,8336,57.057491302490234,42.942508697509766,3949840,-7.057491302490234,0,0,0,1
3901750162,1997,Milford,Township,Butler,Property,roads,A,5,2,293,155,65.40178680419922,34.59821319580078,3901750162,-15.401786804199219,0,0,0,0
3901755104,1995,New Miami,Village,Butler,Property,roads,A,5,2,78,296,20.855615615844727,79.1443862915039,3955104,29.144386291503906,1,0,0,0
3901777322,2019,Trenton,City,Butler,property,roads,A,5,3.9,372,755,33.00798416137695,66.99201965332031,3977322,16.992019653320313,1,0,0,0
3901783150,1993,West Chester,Township,Butler,Property,roads,A,-999,1.25,7940,4999,61.364864349365234,38.635135650634766,3901783150,-11.364864349365234,0,0,0,0
3901903030,2008,Augusta,Township,Carroll,Property,roads,A,5,2,303,423,41.735538482666016,58.264461517333984,3901903030,8.264461517333984,1,0,0,0
3901903030,2010,Augusta,Township,Carroll,Property,roads,A,5,2.5,278,289,49.02998352050781,50.97001647949219,3901903030,0.9700164794921875,1,1,1,1
3901903030,2011,Augusta,Township,Carroll,Property,roads,A,5,2.5,260,255,50.485435485839844,49.514564514160156,3901903030,-0.48543548583984375,0,1,1,1
3901903030,2015,Augusta,Township,Carroll,Property,roads,R,5,2.5,304,149,67.10816955566406,32.89183044433594,3901903030,-17.108169555664063,0,0,0,0
3901903030,2020,Augusta,Township,Carroll,property,roads,R,5,2.5,466,232,66.762176513671875,33.237823486328125,3901903030,-16.762176513671875,0,0,0,0
3901909400,2014,Brown,Township,Carroll,Property,roads,A,5,1.5,496,892,35.73487091064453,64.26512908935547,3901909400,14.265129089355469,1,0,0,0
3901909400,2015,Brown,Township,Carroll,Property,roads,A,5,1.5,559,896,38.41924285888672,61.58075714111328,3901909400,11.580757141113281,1,0,0,0
3901909400,2016,Brown,Township,Carroll,Property,roads,A,5,1.5,871,1343,39.34056091308594,60.65943908691406,3901909400,10.659439086914063,1,0,0,0
3901912280,1992,Carrollton,Village,Carroll,Property,roads,A,5,3.9,596,866,40.766075134277344,59.233924865722656,3912280,9.233924865722656,1,0,0,0
3901912280,1993,Carrollton,Village,Carroll,Property,roads,A,5,3.9,437,610,41.73830032348633,58.26169967651367,3912280,8.261699676513672,1,0,0,0
3901912280,1994,Carrollton,Village,Carroll,Property,roads,A,5,3.9,276,318,46.46464538574219,53.53535461425781,3912280,3.5353546142578125,1,0,1,1
3901912280,2008,Carrollton,Village,Carroll,Income,roads,A,1000,.25,614,920,40.02607727050781,59.97392272949219,3912280,9.9739227294921875,1,0,0,0
3901923226,1999,East,Township,Carroll,Property,roads,A,5,1,102,86,54.25531768798828,45.74468231201172,3901923226,-4.255317687988281,0,0,1,1
3901923226,2003,East,Township,Carroll,Property,roads,R,5,1,155,126,55.16014099121094,44.83985900878906,3901923226,-5.1601409912109375,0,0,0,1
3901923226,2009,East,Township,Carroll,Property,roads,R,5,1,176,93,65.42750549316406,34.57249450683594,3901923226,-15.427505493164063,0,0,0,0
3901923226,2014,East,Township,Carroll,Property,roads,R,5,1,142,90,61.2068977355957,38.7931022644043,3901923226,-11.206897735595703,0,0,0,0
3901923226,2018,East,Township,Carroll,Property,roads,R,5,1,210,96,68.62744903564453,31.37255096435547,3901923226,-18.62744903564453,0,0,0,0
3901928126,2000,Fox,Township,Carroll,Property,roads,R,5,2.5,242,147,62.21079635620117,37.78920364379883,3901928126,-12.210796356201172,0,0,0,0
3901928126,2005,Fox,Township,Carroll,Property,roads,R,5,2.5,182,94,65.94203186035156,34.05796813964844,3901928126,-15.942031860351563,0,0,0,0
3901928126,2010,Fox,Township,Carroll,Property,roads,R,5,2.5,168,141,54.36893081665039,45.63106918334961,3901928126,-4.368930816650391,0,0,1,1
3901928126,2015,Fox,Township,Carroll,Property,roads,R,5,2.5,176,117,60.068260192871094,39.931739807128906,3901928126,-10.068260192871094,0,0,0,0
3901928126,2020,Fox,Township,Carroll,property,roads,R,5,2.5,318,141,69.28104400634766,30.718955993652344,3901928126,-19.281044006347656,0,0,0,0
3901933782,1994,Harrison,Township,Carroll,Property,roads,A,1000,2,300,513,36.900367736816406,63.099632263183594,3901933782,13.099632263183594,1,0,0,0
3901933782,1996,Harrison,Township,Carroll,Property,roads,A,5,1,469,535,46.7131462097168,53.2868537902832,3901933782,3.286853790283203,1,0,1,1
3901933782,2000,Harrison,Township,Carroll,Property,roads,R,5,1.2,387,671,36.57844924926758,63.42155075073242,3901933782,13.421550750732422,1,0,0,0
3901933782,2012,Harrison,Township,Carroll,Property,roads,A,5,1.5,474,778,37.85942459106445,62.14057540893555,3901933782,12.140575408935547,1,0,0,0
3901945038,1995,Loudon,Township,Carroll,Property,roads,A,5,2,202,86,70.138885498046875,29.861114501953125,3901945038,-20.138885498046875,0,0,0,0
3901945038,2012,Loudon,Township,Carroll,Property,roads,A,5,2,99,250,28.366762161254883,71.63323974609375,3901945038,21.63323974609375,1,0,0,0
3901945038,2015,Loudon,Township,Carroll,Property,roads,A,5,2,167,104,61.62361526489258,38.37638473510742,3901945038,-11.623615264892578,0,0,0,0
3901958576,1995,Orange,Township,Carroll,Property,roads,R,5,.9,208,427,32.75590515136719,67.24409484863281,3901958576,17.244094848632813,1,0,0,0
3901958576,1998,Orange,Township,Carroll,Property,roads,R,5,.9,245,100,71.014495849609375,28.985504150390625,3901958576,-21.014495849609375,0,0,0,0
3901958576,2002,Orange,Township,Carroll,Property,roads,R,5,.9,180,110,62.068965911865234,37.931034088134766,3901958576,-12.068965911865234,0,0,0,0
3901958576,2008,Orange,Township,Carroll,Property,roads,R,5,.9,143,169,45.83333206176758,54.16666793823242,3901958576,4.166667938232422,1,0,1,1
3901958576,2013,Orange,Township,Carroll,Property,roads,R,5,.9,437,72,85.8546142578125,14.1453857421875,3901958576,-35.8546142578125,0,0,0,0
3901958576,2018,Orange,Township,Carroll,Property,roads,R,5,.9,87,115,43.069305419921875,56.930694580078125,3901958576,6.930694580078125,1,0,0,1
3901968420,1991,Rose,Township,Carroll,Property,roads,R,5,2.69,205,220,48.235294342041016,51.764705657958984,3901968420,1.7647056579589844,1,1,1,1
3901968420,1992,Rose,Township,Carroll,Property,roads,R,5,2,319,447,41.6449089050293,58.3550910949707,3901968420,8.355091094970703,1,0,0,0
3901968420,1994,Rose,Township,Carroll,Property,roads,R,5,2,219,211,50.930233001708984,49.069766998291016,3901968420,-0.9302330017089844,0,1,1,1
3901968420,1996,Rose,Township,Carroll,Property,roads,A,5,3,110,161,40.59040451049805,59.40959548950195,3901968420,9.409595489501953,1,0,0,0
3901968420,1997,Rose,Township,Carroll,Property,roads,A,5,3,178,194,47.84946060180664,52.15053939819336,3901968420,2.1505393981933594,1,1,1,1
3901968420,2000,Rose,Township,Carroll,Property,roads,R,5,2,241,301,44.464942932128906,55.535057067871094,3901968420,5.535057067871094,1,0,0,1
3901968420,2001,Rose,Township,Carroll,Property,roads,R,5,2.69,258,268,49.04943084716797,50.95056915283203,3901968420,0.95056915283203125,1,1,1,1
3901968420,2002,Rose,Township,Carroll,Property,roads,A,5,2.69,227,208,52.18390655517578,47.81609344482422,3901968420,-2.1839065551757813,0,1,1,1
3901968420,2004,Rose,Township,Carroll,Property,roads,A,5,2.69,211,346,37.881507873535156,62.118492126464844,3901968420,12.118492126464844,1,0,0,0
3901968420,2006,Rose,Township,Carroll,Property,roads,R,5,2,192,185,50.928382873535156,49.071617126464844,3901968420,-0.92838287353515625,0,1,1,1
3901968420,2008,Rose,Township,Carroll,Property,roads,R,5,2.69,248,262,48.6274528503418,51.3725471496582,3901968420,1.3725471496582031,1,1,1,1
3901968420,2011,Rose,Township,Carroll,Property,roads,R,5,2,377,172,68.6703109741211,31.329689025878906,3901968420,-18.670310974121094,0,0,0,0
3901968420,2013,Rose,Township,Carroll,Property,roads,R,5,2.69,301,152,66.44591522216797,33.55408477783203,3901968420,-16.44591522216797,0,0,0,0
3901968420,2015,Rose,Township,Carroll,Property,roads,R,5,2,142,476,22.977346420288086,77.02265167236328,3901968420,27.02265167236328,1,0,0,0
3901968420,2017,Rose,Township,Carroll,Property,roads,R,5,2.69,224,94,70.44025421142578,29.55974578857422,3901968420,-20.44025421142578,0,0,0,0
3901968420,2021,Rose,Township,Carroll,property,roads,R,5,2.69,180,108,62.5,37.5,3901968420,-12.5,0,0,0,0
3901978260,1992,Union,Township,Carroll,Property,roads,A,5,2.45,224,181,55.30864334106445,44.69135665893555,3901978260,-5.308643341064453,0,0,0,1
3901978260,2001,Union,Township,Carroll,Property,roads,R,5,1.9,178,106,62.676055908203125,37.323944091796875,3901978260,-12.676055908203125,0,0,0,0
3901978260,2004,Union,Township,Carroll,Property,roads,R,5,1.8,288,258,52.74725341796875,47.25274658203125,3901978260,-2.74725341796875,0,1,1,1
3901978260,2006,Union,Township,Carroll,Property,roads,A,5,.65,265,181,59.41704177856445,40.58295822143555,3901978260,-9.417041778564453,0,0,0,0
3901978260,2009,Union,Township,Carroll,Property,roads,R,5,1.8,265,172,60.64073181152344,39.35926818847656,3901978260,-10.640731811523438,0,0,0,0
3901978260,2016,Union,Township,Carroll,Property,roads,R,5,2.45,216,143,60.16712951660156,39.83287048339844,3901978260,-10.167129516601563,0,0,0,0
3901978260,2020,Union,Township,Carroll,property,roads,R,5,2.45,347,163,68.039215087890625,31.960784912109375,3901978260,-18.039215087890625,0,0,0,0
3901981116,2007,Washington,Township,Carroll,Property,roads,A,5,1,110,103,51.643192291259766,48.356807708740234,3901981116,-1.6431922912597656,0,1,1,1
3901981116,2008,Washington,Township,Carroll,Property,roads,A,5,1,237,306,43.64640808105469,56.35359191894531,3901981116,6.3535919189453125,1,0,0,1
3901981116,2010,Washington,Township,Carroll,Property,roads,A,5,1.4,229,151,60.26315689086914,39.73684310913086,3901981116,-10.26315689086914,0,0,0,0
3901981116,2016,Washington,Township,Carroll,Property,roads,A,5,1.5,112,117,48.90829849243164,51.09170150756836,3901981116,1.0917015075683594,1,1,1,1
3901981116,2018,Washington,Township,Carroll,Property,roads,A,5,3,188,78,70.67668914794922,29.32331085205078,3901981116,-20.67668914794922,0,0,0,0
3902100212,1995,Adams,Township,Champaign,Property,roads,R,5,2,214,80,72.78911590576172,27.21088409423828,3902100212,-22.78911590576172,0,0,0,0
3902100212,2000,Adams,Township,Champaign,Property,roads,R,5,2,336,192,63.6363639831543,36.3636360168457,3902100212,-13.636363983154297,0,0,0,0
3902100212,2005,Adams,Township,Champaign,Property,roads,R,5,2,237,127,65.109893798828125,34.890106201171875,3902100212,-15.109893798828125,0,0,0,0
3902100212,2010,Adams,Township,Champaign,Property,roads,R,5,2,283,176,61.6557731628418,38.3442268371582,3902100212,-11.655773162841797,0,0,0,0
3902100212,2015,Adams,Township,Champaign,Property,roads,R,5,2,262,92,74.01129913330078,25.98870086669922,3902100212,-24.01129913330078,0,0,0,0
3902100212,2020,Adams,Township,Champaign,property,roads,R,5,2,317,248,56.10619354248047,43.89380645751953,3902100212,-6.106193542480469,0,0,0,1
3902118126,1992,Concord,Township,Champaign,Property,roads,R,-999,2.5,367,193,65.53571319580078,34.46428680419922,3902118126,-15.535713195800781,0,0,0,0
3902118126,1995,Concord,Township,Champaign,Property,roads,R,3,2.5,260,120,68.421051025390625,31.578948974609375,3902118126,-18.421051025390625,0,0,0,0
3902118126,1998,Concord,Township,Champaign,Property,roads,R,3,2.5,325,168,65.92292022705078,34.07707977294922,3902118126,-15.922920227050781,0,0,0,0
3902118126,2002,Concord,Township,Champaign,Property,roads,R,3,2.5,77,50,60.629920959472656,39.370079040527344,3902118126,-10.629920959472656,0,0,0,0
3902118126,2004,Concord,Township,Champaign,Property,roads,R,3,2.5,466,290,61.64021301269531,38.35978698730469,3902118126,-11.640213012695313,0,0,0,0
3902118126,2007,Concord,Township,Champaign,Property,roads,R,3,2.5,215,133,61.78160858154297,38.21839141845703,3902118126,-11.781608581542969,0,0,0,0
3902118126,2011,Concord,Township,Champaign,Property,roads,R,3,2.5,332,214,60.80586242675781,39.19413757324219,3902118126,-10.805862426757813,0,0,0,0
3902118126,2013,Concord,Township,Champaign,Property,roads,R,5,2.5,163,112,59.272727966308594,40.727272033691406,3902118126,-9.272727966308594,0,0,0,0
3902118126,2018,Concord,Township,Champaign,Property,roads,R,5,2.5,458,228,66.76384735107422,33.23615264892578,3902118126,-16.76384735107422,0,0,0,0
3902137702,1994,Jackson,Township,Champaign,Property,roads,R,-999,1.9,189,113,62.58278274536133,37.41721725463867,3902137702,-12.582782745361328,0,0,0,0
3902137702,1998,Jackson,Township,Champaign,Property,roads,R,5,1.9,336,222,60.21505355834961,39.78494644165039,3902137702,-10.21505355834961,0,0,0,0
3902137702,2002,Jackson,Township,Champaign,Property,roads,A,5,1,268,292,47.85714340209961,52.14285659790039,3902137702,2.1428565979003906,1,1,1,1
3902137702,2003,Jackson,Township,Champaign,Property,roads,R,5,1.9,345,255,57.5,42.5,3902137702,-7.5,0,0,0,1
3902137702,2004,Jackson,Township,Champaign,Property,roads,A,5,1,466,485,49.00105285644531,50.99894714355469,3902137702,0.9989471435546875,1,1,1,1
3902137702,2005,Jackson,Township,Champaign,Property,roads,A,5,.6,292,200,59.34959411621094,40.65040588378906,3902137702,-9.3495941162109375,0,0,0,0
3902137702,2008,Jackson,Township,Champaign,Property,roads,R,5,1.9,540,433,55.49845886230469,44.50154113769531,3902137702,-5.4984588623046875,0,0,0,1
3902137702,2009,Jackson,Township,Champaign,Property,roads,R,5,.6,379,222,63.06156539916992,36.93843460083008,3902137702,-13.061565399169922,0,0,0,0
3902137702,2013,Jackson,Township,Champaign,Property,roads,R,5,1.9,236,147,61.618797302246094,38.381202697753906,3902137702,-11.618797302246094,0,0,0,0
3902137702,2014,Jackson,Township,Champaign,Property,roads,R,5,.6,387,241,61.624202728271484,38.375797271728516,3902137702,-11.624202728271484,0,0,0,0
3902137702,2019,Jackson,Township,Champaign,property,roads,R,5,1.9,286,146,66.203704833984375,33.796295166015625,3902137702,-16.203704833984375,0,0,0,0
3902137702,2020,Jackson,Township,Champaign,property,roads,R,5,1,538,443,54.84199905395508,45.15800094604492,3902137702,-4.841999053955078,0,0,1,1
3902139228,1995,Johnson,Township,Champaign,Property,roads,R,5,1,286,134,68.0952377319336,31.904762268066406,3902139228,-18.095237731933594,0,0,0,0
3902139228,1996,Johnson,Township,Champaign,Property,roads,A,5,1,338,306,52.48447036743164,47.51552963256836,3902139228,-2.4844703674316406,0,1,1,1
3902139228,2000,Johnson,Township,Champaign,Property,roads,R,5,1,378,300,55.75221252441406,44.24778747558594,3902139228,-5.7522125244140625,0,0,0,1
3902139228,2002,Johnson,Township,Champaign,Property,roads,A,5,1,206,268,43.45991516113281,56.54008483886719,3902139228,6.5400848388671875,1,0,0,1
3902139228,2005,Johnson,Township,Champaign,Property,roads,A,5,1,256,246,50.99601745605469,49.00398254394531,3902139228,-0.9960174560546875,0,1,1,1
3902139228,2009,Johnson,Township,Champaign,Property,roads,R,5,1,303,187,61.836734771728516,38.163265228271484,3902139228,-11.836734771728516,0,0,0,0
3902139228,2011,Johnson,Township,Champaign,Property,roads,R,5,1,292,231,55.83174133300781,44.16825866699219,3902139228,-5.8317413330078125,0,0,0,1
3902139228,2015,Johnson,Township,Champaign,Property,roads,R,5,1,263,242,52.07920837402344,47.92079162597656,3902139228,-2.0792083740234375,0,1,1,1
3902139228,2019,Johnson,Township,Champaign,property,roads,R,5,1,242,160,60.199005126953125,39.800994873046875,3902139228,-10.199005126953125,0,0,0,0
3902139228,2020,Johnson,Township,Champaign,property,roads,R,5,.6,494,386,56.1363639831543,43.8636360168457,3902139228,-6.136363983154297,0,0,0,1
3902146760,1992,Mad River,Township,Champaign,Property,roads,R,5,1,616,3256,15.909090995788574,84.090911865234375,3902146760,34.090911865234375,1,0,0,0
3902146760,1993,Mad River,Township,Champaign,Property,roads,R,-999,1.5,783,216,78.37837982177734,21.621620178222656,3902146760,-28.378379821777344,0,0,0,0
3902146760,1997,Mad River,Township,Champaign,Property,roads,R,5,1.5,461,399,53.604652404785156,46.395347595214844,3902146760,-3.6046524047851563,0,0,1,1
3902146760,1998,Mad River,Township,Champaign,Property,roads,R,5,1.5,614,315,66.09257507324219,33.90742492675781,3902146760,-16.092575073242188,0,0,0,0
3902146760,2002,Mad River,Township,Champaign,Property,roads,R,5,1.5,528,320,62.26415252685547,37.73584747314453,3902146760,-12.264152526855469,0,0,0,0
3902146760,2004,Mad River,Township,Champaign,Property,roads,R,5,1.5,591,492,54.57063674926758,45.42936325073242,3902146760,-4.570636749267578,0,0,1,1
3902146760,2007,Mad River,Township,Champaign,Property,roads,R,5,1.5,634,170,78.85572052001953,21.14427947998047,3902146760,-28.85572052001953,0,0,0,0
3902146760,2009,Mad River,Township,Champaign,Property,roads,R,5,1.5,414,234,63.88888931274414,36.11111068725586,3902146760,-13.88888931274414,0,0,0,0
3902146760,2012,Mad River,Township,Champaign,Property,roads,R,5,1.5,443,563,44.03578567504883,55.96421432495117,3902146760,5.964214324951172,1,0,0,1
3902146760,2015,Mad River,Township,Champaign,Property,roads,R,5,1,904,303,74.89643859863281,25.103561401367188,3902146760,-24.896438598632813,0,0,0,0
3902146760,2017,Mad River,Township,Champaign,Property,roads,R,5,1.5,698,254,73.31932830810547,26.68067169189453,3902146760,-23.31932830810547,0,0,0,0
3902146760,2019,Mad River,Township,Champaign,property,roads,R,5,1.5,512,195,72.418670654296875,27.581329345703125,3902146760,-22.418670654296875,0,0,0,0
3902148706,1993,Mechanisburg,Village,Champaign,Property,roads,A,5,5,263,1442,15.425219535827637,84.57478332519531,3948706,34.57478332519531,1,0,0,0
3902148706,2012,Mechanicsburg,Village,Champaign,Property,roads,A,3,3,149,218,40.599456787109375,59.400543212890625,3948706,9.400543212890625,1,0,0,0
3902148706,2014,Mechanicsburg,Village,Champaign,property,roads,A,4,3,108,186,36.73469543457031,63.26530456542969,3948706,13.265304565429688,1,0,0,0
3902169078,1991,Rush,Township,Champaign,Property,roads,R,5,1,250,228,52.30125427246094,47.69874572753906,3902169078,-2.3012542724609375,0,1,1,1
3902169078,1992,Rush,Township,Champaign,Property,roads,R,-999,1,99,608,14.002828598022461,85.9971694946289,3902169078,35.997169494628906,1,0,0,0
3902169078,1994,Rush,Township,Champaign,Property,roads,R,3,2,104,84,55.319149017333984,44.680850982666016,3902169078,-5.319149017333984,0,0,0,1
3902169078,1995,Rush,Township,Champaign,Property,roads,R,-999,1,130,41,76.02339172363281,23.976608276367188,3902169078,-26.023391723632813,0,0,0,0
3902169078,1997,Rush,Township,Champaign,Property,roads,A,3,1.5,156,65,70.5882339477539,29.411766052246094,3902169078,-20.588233947753906,0,0,0,0
3902169078,1998,Rush,Township,Champaign,Property,roads,R,3,1,130,94,58.03571319580078,41.96428680419922,3902169078,-8.035713195800781,0,0,0,0
3902169078,2000,Rush,Township,Champaign,Property,roads,R,3,1.5,125,338,26.997840881347656,73.00215911865234,3902169078,23.002159118652344,1,0,0,0
3902169078,2001,Rush,Township,Champaign,Property,roads,R,3,1,176,34,83.80952453613281,16.190475463867188,3902169078,-33.80952453613281,0,0,0,0
3902169078,2003,Rush,Township,Champaign,Property,roads,R,3,1.5,76,96,44.1860466003418,55.8139533996582,3902169078,5.813953399658203,1,0,0,1
3902169078,2004,Rush,Township,Champaign,Property,roads,R,3,1,103,159,39.3129768371582,60.6870231628418,3902169078,10.687023162841797,1,0,0,0
3902169078,2006,Rush,Township,Champaign,Property,roads,R,3,2,137,113,54.79999923706055,45.20000076293945,3902169078,-4.799999237060547,0,0,1,1
3902169078,2007,Rush,Township,Champaign,Property,roads,R,3,1,196,47,80.65843963623047,19.34156036376953,3902169078,-30.65843963623047,0,0,0,0
3902169078,2008,Rush,Township,Champaign,Property,roads,R,3,2,85,734,10.378510475158691,89.621490478515625,3902169078,39.621490478515625,1,0,0,0
3902169078,2009,Rush,Township,Champaign,Property,roads,R,3,1.5,108,366,22.78481101989746,77.2151870727539,3902169078,27.215187072753906,1,0,0,0
3902169078,2011,Rush,Township,Champaign,Property,roads,R,3,1,164,113,59.20577621459961,40.79422378540039,3902169078,-9.20577621459961,0,0,0,0
3902169078,2012,Rush,Township,Champaign,Property,roads,R,3,1.5,151,682,18.12725067138672,81.87274932861328,3902169078,31.87274932861328,1,0,0,0
3902169078,2014,Rush,Township,Champaign,Property,roads,R,5,1,196,329,37.33333206176758,62.66666793823242,3902169078,12.666667938232422,1,0,0,0
3902169078,2015,Rush,Township,Champaign,Property,roads,R,5,1.5,261,29,90,10,3902169078,-40,0,0,0,0
3902169078,2016,Rush,Township,Champaign,Property,roads,R,5,2,139,173,44.5512809753418,55.4487190246582,3902169078,5.448719024658203,1,0,0,1
3902169078,2020,Rush,Township,Champaign,property,roads,R,5,2,248,175,58.628841400146484,41.371158599853516,3902169078,-8.628841400146484,0,0,0,0
3902169078,2021,Rush,Township,Champaign,property,roads,R,5,1,72,33,68.57142639160156,31.428573608398438,3902169078,-18.571426391601563,0,0,0,0
3902169708,1991,St. Paris,Village,Champaign,Property,roads,R,5,2.5,295,10,96.7213134765625,3.2786865234375,3969708,-46.7213134765625,0,0,0,0
3902169708,2007,St. Paris,Village,Champaign,Property,roads,A,5,2.5,289,195,59.71074295043945,40.28925704956055,3969708,-9.710742950439453,0,0,0,0
3902169708,2008,St. Paris,Village,Champaign,Property,roads,R,5,2.5,249,2730,8.35851001739502,91.64148712158203,3969708,41.64148712158203,1,0,0,0
3902169708,2016,St. Paris,Village,Champaign,Property,roads,R,5,2.5,337,465,42.01995086669922,57.98004913330078,3969708,7.980049133300781,1,0,0,0
3902169708,2020,St. Paris,Village,Champaign,property,roads,A,5,4,219,156,58.400001525878906,41.599998474121094,3969708,-8.400001525878906,0,0,0,0
3902169820,1991,Salem,Township,Champaign,Property,roads,A,5,2.9,386,529,42.185791015625,57.814208984375,3902169820,7.814208984375,1,0,0,0
3902169820,1992,Salem,Township,Champaign,Property,roads,A,-999,1,335,446,42.89372634887695,57.10627365112305,3902169820,7.106273651123047,1,0,0,1
3902169820,1995,Salem,Township,Champaign,Property,roads,A,5,2.9,622,555,52.84621810913086,47.15378189086914,3902169820,-2.8462181091308594,0,1,1,1
3902169820,1996,Salem,Township,Champaign,Property,roads,A,-999,1,422,218,65.9375,34.0625,3902169820,-15.9375,0,0,0,0
3902169820,1998,Salem,Township,Champaign,Property,roads,A,1000,1,254,169,60.04728317260742,39.95271682739258,3902169820,-10.047283172607422,0,0,0,0
3902169820,2012,Salem,Township,Champaign,Property,roads,A,3,2.9,376,577,39.45435333251953,60.54564666748047,3902169820,10.545646667480469,1,0,0,0
3902169820,2013,Salem,Township,Champaign,property,roads,A,3,2.9,195,222,46.76258850097656,53.23741149902344,3902169820,3.2374114990234375,1,0,1,1
3902169820,2014,Salem,Township,Champaign,Property,roads,A,5,3.4,185,393,32.006919860839844,67.99308013916016,3902169820,17.993080139160156,1,0,0,0
3902169820,2015,Salem,Township,Champaign,Property,roads,A,5,2.9,185,416,30.78203010559082,69.21797180175781,3902169820,19.217971801757813,1,0,0,0
3902169820,2016,Salem,Township,Champaign,Property,roads,A,5,2.9,361,450,44.51294708251953,55.48705291748047,3902169820,5.487052917480469,1,0,0,1
3902169820,2020,Salem,Township,Champaign,property,roads,R,5,2.9,789,506,60.926639556884766,39.073360443115234,3902169820,-10.926639556884766,0,0,0,0
3902178274,1993,Union,Township,Champaign,Property,roads,R,-999,3,247,75,76.70807647705078,23.29192352294922,3902178274,-26.70807647705078,0,0,0,0
3902178274,1998,Union,Township,Champaign,Property,roads,R,5,3,493,92,84.27350616455078,15.726493835449219,3902178274,-34.27350616455078,0,0,0,0
3902178274,2002,Union,Township,Champaign,Property,roads,R,5,2,469,210,69.0721664428711,30.927833557128906,3902178274,-19.072166442871094,0,0,0,0
3902178274,2007,Union,Township,Champaign,Property,roads,R,5,2,557,193,74.26667022705078,25.73332977294922,3902178274,-24.26667022705078,0,0,0,0
3902178274,2012,Union,Township,Champaign,Property,roads,R,2,2,417,544,43.39229965209961,56.60770034790039,3902178274,6.607700347900391,1,0,0,1
3902178274,2019,Union,Township,Champaign,property,roads,R,5,2,291,178,62.04690933227539,37.95309066772461,3902178274,-12.04690933227539,0,0,0,0
3902182096,1992,Wayne,Township,Champaign,Property,roads,A,-999,2,183,353,34.14179229736328,65.85820770263672,3902182096,15.858207702636719,1,0,0,0
3902182096,1993,Wayne,Township,Champaign,Property,roads,R,5,1.5,499,515,49.21104431152344,50.78895568847656,3902182096,0.7889556884765625,1,1,1,1
3902182096,1994,Wayne,Township,Champaign,Property,roads,A,-999,1.5,285,304,48.3870964050293,51.6129035949707,3902182096,1.6129035949707031,1,1,1,1
3902182096,1996,Wayne,Township,Champaign,Property,roads,A,-999,2,201,333,37.64044952392578,62.35955047607422,3902182096,12.359550476074219,1,0,0,0
3902182096,1997,Wayne,Township,Champaign,Property,roads,R,-999,1.5,312,350,47.12990951538086,52.87009048461914,3902182096,2.8700904846191406,1,1,1,1
3902182096,1998,Wayne,Township,Champaign,Property,roads,A,5,2.5,115,254,31.165311813354492,68.834686279296875,3902182096,18.834686279296875,1,0,0,0
3902182096,2000,Wayne,Township,Champaign,Property,roads,R,5,2,275,588,31.865585327148438,68.13441467285156,3902182096,18.134414672851563,1,0,0,0
3902182096,2002,Wayne,Township,Champaign,Property,roads,R,5,1.5,342,103,76.85393524169922,23.14606475830078,3902182096,-26.85393524169922,0,0,0,0
3902182096,2003,Wayne,Township,Champaign,Property,roads,R,5,2.5,78,304,20.418848037719727,79.5811538696289,3902182096,29.581153869628906,1,0,0,0
3902182096,2006,Wayne,Township,Champaign,Property,roads,R,5,1.5,277,317,46.63299560546875,53.36700439453125,3902182096,3.36700439453125,1,0,1,1
3902182096,2008,Wayne,Township,Champaign,Property,roads,R,5,2,214,392,35.31352996826172,64.68647003173828,3902182096,14.686470031738281,1,0,0,0
3902182096,2009,Wayne,Township,Champaign,Property,roads,R,5,1.5,478,204,70.08797454833984,29.912025451660156,3902182096,-20.087974548339844,0,0,0,0
3902182096,2012,Wayne,Township,Champaign,Property,roads,R,5,1.5,354,697,33.68220901489258,66.31779479980469,3902182096,16.317794799804688,1,0,0,0
3902182096,2015,Wayne,Township,Champaign,Property,roads,R,5,2,494,397,55.443321228027344,44.556678771972656,3902182096,-5.443321228027344,0,0,0,1
3902182096,2016,Wayne,Township,Champaign,Property,roads,R,5,1.5,281,335,45.61688232421875,54.38311767578125,3902182096,4.38311767578125,1,0,1,1
3902182096,2018,Wayne,Township,Champaign,Property,roads,R,5,2.5,544,241,69.29936218261719,30.700637817382813,3902182096,-19.299362182617188,0,0,0,0
3902182096,2021,Wayne,Township,Champaign,property,roads,R,5,2.5,211,96,68.729644775390625,31.270355224609375,3902182096,-18.729644775390625,0,0,0,0
3902186478,2015,Woodstock,Village,Champaign,Property,roads,R,5,1,196,397,33.052276611328125,66.947723388671875,3986478,16.947723388671875,1,0,0,0
3902329862,1993,German,Township,Clark,Property,roads,R,5,.5,985,905,52.11640167236328,47.88359832763672,3902329862,-2.1164016723632813,0,1,1,1
3902329862,1995,German,Township,Clark,Property,roads,R,5,.9,942,901,51.1123161315918,48.8876838684082,3902329862,-1.1123161315917969,0,1,1,1
3902329862,1998,German,Township,Clark,Property,roads,R,5,.7,1193,1226,49.317901611328125,50.682098388671875,3902329862,0.682098388671875,1,1,1,1
3902329862,1999,German,Township,Clark,Property,roads,A,5,.7,711,848,45.60615921020508,54.39384078979492,3902329862,4.393840789794922,1,0,1,1
3902329862,2000,German,Township,Clark,Property,roads,R,5,.9,2081,1214,63.15629577636719,36.84370422363281,3902329862,-13.156295776367188,0,0,0,0
3902329862,2003,German,Township,Clark,Property,roads,R,5,.5,1442,926,60.89527130126953,39.10472869873047,3902329862,-10.895271301269531,0,0,0,0
3902329862,2006,German,Township,Clark,Property,roads,R,5,.9,2080,1137,64.65650939941406,35.34349060058594,3902329862,-14.656509399414063,0,0,0,0
3902329862,2008,German,Township,Clark,Property,roads,R,5,.5,2859,1062,72.915069580078125,27.084930419921875,3902329862,-22.915069580078125,0,0,0,0
3902329862,2010,German,Township,Clark,Property,roads,R,5,.9,1810,1113,61.92268371582031,38.07731628417969,3902329862,-11.922683715820313,0,0,0,0
3902329862,2013,German,Township,Clark,Property,roads,R,5,.5,1217,620,66.24932098388672,33.75067901611328,3902329862,-16.24932098388672,0,0,0,0
3902329862,2015,German,Township,Clark,Property,roads,R,5,.9,1627,927,63.70399475097656,36.29600524902344,3902329862,-13.703994750976563,0,0,0,0
3902329862,2018,German,Township,Clark,Property,roads,R,5,.5,2112,949,68.99706268310547,31.00293731689453,3902329862,-18.99706268310547,0,0,0,0
3902329862,2019,German,Township,Clark,property,roads,A,5,1,680,561,54.79452133178711,45.20547866821289,3902329862,-4.794521331787109,0,0,1,1
3902329862,2020,German,Township,Clark,property,roads,R,5,.9,2437,1415,63.26583480834961,36.73416519165039,3902329862,-13.26583480834961,0,0,0,0
3902331703,1994,Green,Township,Clark,Property,roads,A,5,.5,167,204,45.01347732543945,54.98652267456055,3902331703,4.986522674560547,1,0,1,1
3902331703,2001,Green,Township,Clark,Property,roads,A,5,1,121,162,42.75618362426758,57.24381637573242,3902331703,7.243816375732422,1,0,0,1
3902331703,2014,Green,Township,Clark,Property,roads,A,5,1.5,563,567,49.8230094909668,50.1769905090332,3902331703,0.17699050903320313,1,1,1,1
3902331703,2015,Green,Township,Clark,Property,roads,A,5,1.5,538,532,50.280372619628906,49.719627380371094,3902331703,-0.28037261962890625,0,1,1,1
3902331703,2019,Green,Township,Clark,property,roads,R,5,1.5,299,150,66.5924301147461,33.407569885253906,3902331703,-16.592430114746094,0,0,0,0
3902333586,1994,Harmony,Township,Clark,Property,roads,R,5,1.8,578,421,57.85785675048828,42.14214324951172,3902333586,-7.857856750488281,0,0,0,0
3902333586,1998,Harmony,Township,Clark,Property,roads,R,5,1.8,494,424,53.81263732910156,46.18736267089844,3902333586,-3.8126373291015625,0,0,1,1
3902333586,2003,Harmony,Township,Clark,Property,roads,R,5,1.8,135,116,53.78485870361328,46.21514129638672,3902333586,-3.7848587036132813,0,0,1,1
3902333586,2008,Harmony,Township,Clark,Property,roads,R,5,1.8,928,744,55.50239181518555,44.49760818481445,3902333586,-5.502391815185547,0,0,0,1
3902333586,2012,Harmony,Township,Clark,Property,roads,R,5,1.8,830,737,52.96745300292969,47.03254699707031,3902333586,-2.9674530029296875,0,1,1,1
3902333586,2015,Harmony,Township,Clark,Property,roads,A,5,2,469,565,45.35783386230469,54.64216613769531,3902333586,4.6421661376953125,1,0,1,1
3902333586,2017,Harmony,Township,Clark,Property,roads,R,5,1.8,604,387,60.94853591918945,39.05146408081055,3902333586,-10.948535919189453,0,0,0,0
3902346354,2012,Madison,Township,Clark,Property,roads,A,5,2,336,449,42.802547454833984,57.197452545166016,3902346354,7.197452545166016,1,0,0,1
3902346354,2017,Madison,Township,Clark,Property,roads,A,5,2,141,119,54.230770111083984,45.769229888916016,3902346354,-4.230770111083984,0,0,1,1
3902346788,1992,Mad River,Township,Clark,Property,roads,R,5,1.7,2458,1672,59.51573944091797,40.48426055908203,3902346788,-9.515739440917969,0,0,0,0
3902346788,2004,Mad River,Township,Clark,Property,roads,A,5,1.5,689,1304,34.57099914550781,65.42900085449219,3902346788,15.429000854492188,1,0,0,0
3902346788,2006,Mad River,Township,Clark,Property,roads,A,5,1.5,1022,1327,43.507877349853516,56.492122650146484,3902346788,6.492122650146484,1,0,0,1
3902346788,2015,Mad River,Township,Clark,Property,roads,A,5,1.7,2326,170,93.18910217285156,6.8108978271484375,3902346788,-43.18910217285156,0,0,0,0
3902351912,1993,Moorefield,Township,Clark,Property,roads,R,5,1,3149,32,98.99402618408203,1.0059738159179688,3902351912,-48.99402618408203,0,0,0,0
3902351912,1998,Moorefield,Township,Clark,Property,roads,A,5,1,2548,1282,66.52741241455078,33.47258758544922,3902351912,-16.52741241455078,0,0,0,0
3902351912,2000,Moorefield,Township,Clark,Property,roads,R,5,1,2668,2732,49.407405853271484,50.592594146728516,3902351912,0.5925941467285156,1,1,1,1
3902351912,2004,Moorefield,Township,Clark,Property,roads,A,5,1,1482,1714,46.37046432495117,53.62953567504883,3902351912,3.629535675048828,1,0,1,1
3902351912,2005,Moorefield,Township,Clark,Property,roads,R,5,1,2256,1305,63.352989196777344,36.647010803222656,3902351912,-13.352989196777344,0,0,0,0
3902351912,2010,Moorefield,Township,Clark,Property,roads,R,5,1,3646,743,83.0713119506836,16.928688049316406,3902351912,-33.071311950683594,0,0,0,0
3902351912,2014,Moorefield,Township,Clark,Property,roads,A,5,1,3668,2114,63.438255310058594,36.561744689941406,3902351912,-13.438255310058594,0,0,0,0
3902351912,2015,Moorefield,Township,Clark,Property,roads,R,5,1,3493,1143,75.345123291015625,24.654876708984375,3902351912,-25.345123291015625,0,0,0,0
3902351912,2019,Moorefield,Township,Clark,property,roads,R,5,1,1077,410,72.427703857421875,27.572296142578125,3902351912,-22.427703857421875,0,0,0,0
3902354334,1998,New Carlisle,City,Clark,Income,roads,A,1000,.5,1126,711,61.295589447021484,38.704410552978516,3954334,-11.295589447021484,0,0,0,0
3902354334,2000,New Carlisle,City,Clark,income,roads,A,1000,.4,2071,1065,66.03954315185547,33.96045684814453,3954334,-16.03954315185547,0,0,0,0
3902354334,2014,New Carlisle,City,Clark,Property,roads,A,1000,2,729,922,44.15505599975586,55.84494400024414,3954334,5.844944000244141,1,0,0,1
3902354334,2016,New Carlisle,City,Clark,Income,roads,A,5,.5,508,1009,33.487144470214844,66.51285552978516,3954334,16.512855529785156,1,0,0,0
3902356588,2008,North Hampton,Village,Clark,Property,roads,R,5,2.5,665,452,59.53446578979492,40.46553421020508,3956588,-9.534465789794922,0,0,0,0
3902362610,1997,Pike,Township,Clark,Property,roads,R,-999,2,847,288,74.62554931640625,25.37445068359375,3902362610,-24.62554931640625,0,0,0,0
3902362610,2002,Pike,Township,Clark,Property,roads,R,5,1,691,305,69.37751007080078,30.62248992919922,3902362610,-19.37751007080078,0,0,0,0
3902362610,2003,Pike,Township,Clark,Property,roads,R,5,2,667,297,69.19087219238281,30.809127807617188,3902362610,-19.190872192382813,0,0,0,0
3902362610,2008,Pike,Township,Clark,Property,roads,R,5,1,558,452,55.24752426147461,44.75247573852539,3902362610,-5.247524261474609,0,0,0,1
3902362610,2013,Pike,Township,Clark,Property,roads,R,5,2,991,178,84.77330780029297,15.226692199707031,3902362610,-34.77330780029297,0,0,0,0
3902362610,2016,Pike,Township,Clark,Property,roads,A,5,1.5,489,849,36.54708480834961,63.45291519165039,3902362610,13.45291519165039,1,0,0,0
3902362610,2018,Pike,Township,Clark,Property,roads,R,5,2,484,377,56.21370315551758,43.78629684448242,3902362610,-6.213703155517578,0,0,0,1
3902363226,1993,Pleasant,Township,Clark,Property,roads,R,5,1.4,562,165,77.303985595703125,22.696014404296875,3902363226,-27.303985595703125,0,0,0,0
3902363226,1994,Pleasant,Township,Clark,Property,roads,R,5,1.4,280,273,50.632911682128906,49.367088317871094,3902363226,-0.63291168212890625,0,1,1,1
3902363226,2000,Pleasant,Township,Clark,Property,roads,R,5,1.4,578,423,57.74225616455078,42.25774383544922,3902363226,-7.742256164550781,0,0,0,0
3902363226,2003,Pleasant,Township,Clark,Property,roads,R,5,1.4,475,196,70.78986358642578,29.21013641357422,3902363226,-20.78986358642578,0,0,0,0
3902363226,2009,Pleasant,Township,Clark,Property,roads,R,5,1.4,397,313,55.91549301147461,44.08450698852539,3902363226,-5.915493011474609,0,0,0,1
3902363226,2012,Pleasant,Township,Clark,Property,roads,R,5,1.4,590,532,52.58467102050781,47.41532897949219,3902363226,-2.5846710205078125,0,1,1,1
3902373124,1995,South Charleston,Village,Clark,Income,roads,A,8,.25,188,2295,7.571485996246338,92.42851257324219,3973124,42.42851257324219,1,0,0,0
3902374118,2017,Springfield,City,Clark,Income,roads,A,5,.25,5528,1501,78.64561462402344,21.354385375976563,3974118,-28.645614624023438,0,0,0,0
3902374119,1998,Springfield,Township,Clark,Property,roads,R,5,1,2793,680,80.4203872680664,19.579612731933594,3902374119,-30.420387268066406,0,0,0,0
3902374119,2000,Springfield,Township,Clark,Property,roads,R,5,1,1877,1905,49.629825592041016,50.370174407958984,3902374119,0.3701744079589844,1,1,1,1
3902374119,2003,Springfield,Township,Clark,Property,roads,R,5,1,3567,912,79.63831329345703,20.36168670654297,3902374119,-29.63831329345703,0,0,0,0
3902374119,2006,Springfield,Township,Clark,Property,roads,R,5,1,1374,1799,43.3028678894043,56.6971321105957,3902374119,6.697132110595703,1,0,0,1
3902374119,2011,Springfield,Township,Clark,Property,roads,R,5,1,1617,1309,55.26315689086914,44.73684310913086,3902374119,-5.263156890869141,0,0,0,1
3902374119,2014,Springfield,Township,Clark,Property,roads,A,5,1,2992,1091,73.279449462890625,26.720550537109375,3902374119,-23.279449462890625,0,0,0,0
3902374119,2016,Springfield,Township,Clark,Property,roads,R,5,1,3015,3223,48.33279800415039,51.66720199584961,3902374119,1.6672019958496094,1,1,1,1
3902374119,2017,Springfield,Township,Clark,Property,roads,A,5,1,2096,675,75.64056396484375,24.35943603515625,3902374119,-25.64056396484375,0,0,0,0
3902374119,2018,Springfield,Township,Clark,Property,roads,A,5,1.5,3108,1250,71.3171157836914,28.682884216308594,3902374119,-21.317115783691406,0,0,0,0
3902374119,2019,Springfield,Township,Clark,property,roads,R,5,1,1202,440,73.20340728759766,26.796592712402344,3902374119,-23.203407287597656,0,0,0,0
3902506068,1996,Bethel,Village,Clermont,Property,roads,R,5,2,485,258,65.275909423828125,34.724090576171875,3906068,-15.275909423828125,0,0,0,0
3902506068,2001,Bethel,Village,Clermont,Property,roads,R,5,2,197,174,53.0997314453125,46.9002685546875,3906068,-3.0997314453125,0,0,1,1
3902506068,2006,Bethel,Village,Clermont,Property,roads,R,5,2,379,279,57.598785400390625,42.401214599609375,3906068,-7.598785400390625,0,0,0,0
3902506068,2011,Bethel,Village,Clermont,Property,roads,R,5,2,401,198,66.94490814208984,33.055091857910156,3906068,-16.944908142089844,0,0,0,0
3902506068,2016,Bethel,Village,Clermont,Property,roads,R,cpt,2,305,256,54.36720275878906,45.63279724121094,3906068,-4.3672027587890625,0,0,1,1
3902537716,1994,Jackson,Township,Clermont,Property,roads,A,-999,1,312,522,37.410072326660156,62.589927673339844,3902537716,12.589927673339844,1,0,0,0
3902549322,2000,Miami,Township,Clermont,Property,roads,A,cpt,1,12469,401,96.88422393798828,3.1157760620117188,3902549322,-46.88422393798828,0,0,0,0
3902552416,2003,Moscow,Village,Clermont,Property,roads,A,5,2,24,5,82.75862121582031,17.241378784179688,3952416,-32.75862121582031,0,0,0,0
3902555384,2016,New Richmond,Village,Clermont,Property,roads,A,5,2.5,296,781,27.48375129699707,72.51625061035156,3955384,22.516250610351563,1,0,0,0
3902562540,2006,Pierce,Township,Clermont,Property,roads,A,1000,1.5,2502,1015,71.14017486572266,28.859825134277344,3902562540,-21.140174865722656,0,0,0,0
3902582110,1993,Wayne,Township,Clermont,Property,roads,A,5,2,211,515,29.0633602142334,70.93663787841797,3902582110,20.93663787841797,1,0,0,0
3902781144,1995,Washington,Township,Clinton,Property,roads,R,5,1.5,438,71,86.05107879638672,13.948921203613281,3902781144,-36.05107879638672,0,0,0,0
3902781144,1998,Washington,Township,Clinton,Property,roads,A,5,1.5,246,177,58.156028747558594,41.843971252441406,3902781144,-8.156028747558594,0,0,0,0
3902781144,2005,Washington,Township,Clinton,Property,roads,R,5,1.5,407,201,66.94078826904297,33.05921173095703,3902781144,-16.94078826904297,0,0,0,0
3902781144,2010,Washington,Township,Clinton,Property,roads,R,5,1.5,336,220,60.43165588378906,39.56834411621094,3902781144,-10.431655883789063,0,0,0,0
3902781144,2015,Washington,Township,Clinton,Property,roads,R,5,1.5,432,154,73.72013854980469,26.279861450195313,3902781144,-23.720138549804688,0,0,0,0
3902910562,1991,Butler,Township,Columbiana,Property,roads,R,5,3,718,347,67.41783905029297,32.58216094970703,3902910562,-17.41783905029297,0,0,0,0
3902910562,1995,Butler,Township,Columbiana,Property,roads,R,5,3.5,548,196,73.655914306640625,26.344085693359375,3902910562,-23.655914306640625,0,0,0,0
3902910562,1996,Butler,Township,Columbiana,Property,roads,R,5,3,868,682,56,44,3902910562,-6,0,0,0,1
3902910562,2000,Butler,Township,Columbiana,Property,roads,R,5,3.5,1046,638,62.114013671875,37.885986328125,3902910562,-12.114013671875,0,0,0,0
3902910562,2001,Butler,Township,Columbiana,Property,roads,R,5,3,759,318,70.473541259765625,29.526458740234375,3902910562,-20.473541259765625,0,0,0,0
3902910562,2006,Butler,Township,Columbiana,Property,roads,R,5,3.5,414,361,53.41935348510742,46.58064651489258,3902910562,-3.419353485107422,0,0,1,1
3902910562,2010,Butler,Township,Columbiana,Property,roads,R,5,3.5,947,425,69.02332305908203,30.97667694091797,3902910562,-19.02332305908203,0,0,0,0
3902910562,2011,Butler,Township,Columbiana,Property,roads,R,5,3,995,423,70.16925048828125,29.83074951171875,3902910562,-20.16925048828125,0,0,0,0
3902910562,2014,Butler,Township,Columbiana,Property,roads,A,5,1.5,510,656,43.739280700683594,56.260719299316406,3902910562,6.260719299316406,1,0,0,1
3902910562,2015,Butler,Township,Columbiana,Property,roads,A,5,1.5,178,177,50.140846252441406,49.859153747558594,3902910562,-0.14084625244140625,0,1,1,1
3902910562,2016,Butler,Township,Columbiana,Property,roads,R,5,3.5,683,394,63.416900634765625,36.583099365234375,3902910562,-13.416900634765625,0,0,0,0
3902910562,2019,Butler,Township,Columbiana,property,roads,R,5,1.5,767,298,72.0187759399414,27.981224060058594,3902910562,-22.018775939941406,0,0,0,0
3902910562,2020,Butler,Township,Columbiana,property,roads,R,5,3.5,1399,576,70.83544158935547,29.16455841064453,3902910562,-20.83544158935547,0,0,0,0
3902910562,2021,Butler,Township,Columbiana,property,roads,R,5,3,635,145,81.4102554321289,18.589744567871094,3902910562,-31.410255432128906,0,0,0,0
3902912910,1991,Center,Township,Columbiana,Property,roads,R,-999,1.5,441,234,65.33333587646484,34.666664123535156,3902912910,-15.333335876464844,0,0,0,0
3902912910,2000,Center,Township,Columbiana,Property,roads,R,5,1.5,655,650,50.19157028198242,49.80842971801758,3902912910,-0.19157028198242188,0,1,1,1
3902912910,2004,Center,Township,Columbiana,Property,roads,R,5,2,501,884,36.17328643798828,63.82671356201172,3902912910,13.826713562011719,1,0,0,0
3902912910,2005,Center,Township,Columbiana,Property,roads,R,5,1.5,513,386,57.06340408325195,42.93659591674805,3902912910,-7.063404083251953,0,0,0,1
3902912910,2009,Center,Township,Columbiana,Property,roads,R,5,2,542,320,62.87702941894531,37.12297058105469,3902912910,-12.877029418945313,0,0,0,0
3902912910,2010,Center,Township,Columbiana,Property,roads,R,5,1.5,685,386,63.95891571044922,36.04108428955078,3902912910,-13.958915710449219,0,0,0,0
3902912910,2014,Center,Township,Columbiana,Property,roads,R,5,2,574,510,52.952030181884766,47.047969818115234,3902912910,-2.9520301818847656,0,1,1,1
3902912910,2015,Center,Township,Columbiana,Property,roads,R,5,1.5,639,348,64.74163818359375,35.25836181640625,3902912910,-14.74163818359375,0,0,0,0
3902912910,2020,Center,Township,Columbiana,property,roads,R,5,1.5,1017,544,65.150543212890625,34.849456787109375,3902912910,-15.150543212890625,0,0,0,0
3902923730,2007,East Liverpool,City,Columbiana,Property,roads,A,5,.5,810,882,47.87234115600586,52.12765884399414,3923730,2.1276588439941406,1,1,1,1
3902923730,2010,East Liverpool,City,Columbiana,Property,roads,A,5,5,971,1167,45.41627502441406,54.58372497558594,3923730,4.5837249755859375,1,0,1,1
3902923730,2011,East Liverpool,City,Columbiana,Property,roads,A,5,.75,437,687,38.879005432128906,61.120994567871094,3923730,11.120994567871094,1,0,0,0
3902923730,2012,East Liverpool,City,Columbiana,property,roads,A,5,5,544,546,49.90825653076172,50.09174346923828,3923730,0.09174346923828125,1,1,1,1
3902923730,2017,East Liverpool,City,Columbiana,Property,roads,R,5,5,806,579,58.1949462890625,41.8050537109375,3923730,-8.1949462890625,0,0,0,0
3902923940,1995,East Palestine,City,Columbiana,Property,roads,A,5,5,481,775,38.29617691040039,61.70382308959961,3923940,11.70382308959961,1,0,0,0
3902923940,2008,East Palestine,City,Columbiana,Property,roads,A,5,6,774,1235,38.52663040161133,61.47336959838867,3923940,11.473369598388672,1,0,0,0
3902923940,2009,East Palestine,City,Columbiana,Property,roads,A,5,5,514,633,44.81255340576172,55.18744659423828,3923940,5.187446594238281,1,0,0,1
3902923940,2010,East Palestine,City,Columbiana,Property,roads,A,5,5,328,301,52.146263122558594,47.853736877441406,3923940,-2.1462631225585938,0,1,1,1
3902923940,2014,East Palestine,Village,Columbiana,Property,roads,R,5,5,894,258,77.60416412353516,22.395835876464844,3923940,-27.604164123535156,0,0,0,0
3902923940,2019,East Palestine,Village,Columbiana,property,roads,R,5,5,665,379,63.69731903076172,36.30268096923828,3923940,-13.697319030761719,0,0,0,0
3902924906,1992,Elkrun,Township,Columbiana,Property,roads,A,-999,1,409,562,42.121524810791016,57.878475189208984,3902924906,7.878475189208984,1,0,0,0
3902924906,1994,Elkrun,Township,Columbiana,Property,roads,R,5,1.5,440,328,57.29166793823242,42.70833206176758,3902924906,-7.291667938232422,0,0,0,1
3902924906,1995,Elkrun,Township,Columbiana,Property,roads,R,5,2,336,184,64.615386962890625,35.384613037109375,3902924906,-14.615386962890625,0,0,0,0
3902924906,1997,Elkrun,Township,Columbiana,Property,roads,A,5,1,98,119,45.16128921508789,54.83871078491211,3902924906,4.838710784912109,1,0,1,1
3902924906,2000,Elkrun,Township,Columbiana,Property,roads,R,5,1.5,281,226,55.42406463623047,44.57593536376953,3902924906,-5.424064636230469,0,0,0,1
3902924906,2004,Elkrun,Township,Columbiana,Property,roads,R,5,1.5,482,516,48.296592712402344,51.703407287597656,3902924906,1.7034072875976563,1,1,1,1
3902924906,2005,Elkrun,Township,Columbiana,Property,roads,R,5,2,351,208,62.79069900512695,37.20930099487305,3902924906,-12.790699005126953,0,0,0,0
3902924906,2009,Elkrun,Township,Columbiana,Property,roads,R,5,1.5,401,162,71.22557830810547,28.77442169189453,3902924906,-21.22557830810547,0,0,0,0
3902924906,2010,Elkrun,Township,Columbiana,Property,roads,R,5,2,481,204,70.21897888183594,29.781021118164063,3902924906,-20.218978881835938,0,0,0,0
3902924906,2015,Elkrun,Township,Columbiana,Property,roads,R,5,2,436,193,69.316375732421875,30.683624267578125,3902924906,-19.316375732421875,0,0,0,0
3902924906,2016,Elkrun,Township,Columbiana,Property,roads,A,5,2.55,441,504,46.66666793823242,53.33333206176758,3902924906,3.333332061767578,1,0,1,1
3902924906,2017,Elkrun,Township,Columbiana,Property,roads,A,5,2.41,192,239,44.54756546020508,55.45243453979492,3902924906,5.452434539794922,1,0,0,1
3902924906,2018,Elkrun,Township,Columbiana,Property,roads,A,5,1,400,369,52.01560592651367,47.98439407348633,3902924906,-2.015605926513672,0,1,1,1
3902924906,2019,Elkrun,Township,Columbiana,property,roads,R,5,1.5,261,148,63.81418228149414,36.18581771850586,3902924906,-13.81418228149414,0,0,0,0
3902924906,2020,Elkrun,Township,Columbiana,property,roads,R,5,2,642,358,64.19999694824219,35.80000305175781,3902924906,-14.199996948242188,0,0,0,0
3902925998,1991,Fairfield,Township,Columbiana,Property,roads,R,5,1.6,1678,840,66.64019012451172,33.35980987548828,3902925998,-16.64019012451172,0,0,0,0
3902925998,1996,Fairfield,Township,Columbiana,Property,roads,R,5,1.6,2544,1805,58.4962043762207,41.5037956237793,3902925998,-8.496204376220703,0,0,0,0
3902925998,2001,Fairfield,Township,Columbiana,Property,roads,R,5,1.6,1388,1075,56.35403823852539,43.64596176147461,3902925998,-6.354038238525391,0,0,0,1
3902925998,2006,Fairfield,Township,Columbiana,Property,roads,R,5,1.6,2473,1579,61.03158950805664,38.96841049194336,3902925998,-11.03158950805664,0,0,0,0
3902925998,2011,Fairfield,Township,Columbiana,Property,roads,R,5,1.6,2255,1316,63.147579193115234,36.852420806884766,3902925998,-13.147579193115234,0,0,0,0
3902925998,2016,Fairfield,Township,Columbiana,Property,roads,R,5,1.6,3306,1869,63.884056091308594,36.115943908691406,3902925998,-13.884056091308594,0,0,0,0
3902925998,2021,Fairfield,Township,Columbiana,property,roads,R,5,1.6,750,324,69.83240509033203,30.16759490966797,3902925998,-19.83240509033203,0,0,0,0
3902928238,1995,Franklin,Township,Columbiana,Property,roads,R,5,1.6,182,71,71.93675994873047,28.06324005126953,3902928238,-21.93675994873047,0,0,0,0
3902928238,2000,Franklin,Township,Columbiana,Property,roads,R,5,1.6,211,157,57.33695602416992,42.66304397583008,3902928238,-7.336956024169922,0,0,0,1
3902928238,2005,Franklin,Township,Columbiana,Property,roads,R,5,1.6,180,85,67.924530029296875,32.075469970703125,3902928238,-17.924530029296875,0,0,0,0
3902928238,2010,Franklin,Township,Columbiana,Property,roads,R,5,1.6,210,89,70.23411560058594,29.765884399414063,3902928238,-20.234115600585938,0,0,0,0
3902928238,2015,Franklin,Township,Columbiana,Property,roads,R,5,1.6,174,59,74.67810821533203,25.32189178466797,3902928238,-24.67810821533203,0,0,0,0
3902928238,2018,Franklin Township Road District,Road District,Columbiana,Property,roads,A,5,2,68,42,61.818180084228516,38.181819915771484,NA,-11.818180084228516,0,0,0,0
3902928238,2020,Franklin,Township,Columbiana,property,roads,R,5,1.6,298,99,75.06297302246094,24.937026977539063,3902928238,-25.062973022460938,0,0,0,0
3902933264,1991,Hanover,Township,Columbiana,Property,roads,R,5,1,633,337,65.25772857666016,34.742271423339844,3902933264,-15.257728576660156,0,0,0,0
3902933264,1994,Hanover,Township,Columbiana,Property,roads,R,5,1.1,843,429,66.2735824584961,33.726417541503906,3902933264,-16.273582458496094,0,0,0,0
3902933264,1995,Hanover,Township,Columbiana,Property,roads,A,5,1.5,435,609,41.66666793823242,58.33333206176758,3902933264,8.333332061767578,1,0,0,0
3902933264,2000,Hanover,Township,Columbiana,Property,roads,R,5,1.1,633,443,58.82899475097656,41.17100524902344,3902933264,-8.8289947509765625,0,0,0,0
3902933264,2001,Hanover,Township,Columbiana,Property,roads,R,5,1,689,302,69.5257339477539,30.474266052246094,3902933264,-19.525733947753906,0,0,0,0
3902933264,2004,Hanover,Township,Columbiana,Property,roads,R,5,1.1,942,841,52.832305908203125,47.167694091796875,3902933264,-2.832305908203125,0,1,1,1
3902933264,2005,Hanover,Township,Columbiana,Property,roads,R,5,1,657,495,57.03125,42.96875,3902933264,-7.03125,0,0,0,1
3902933264,2009,Hanover,Township,Columbiana,Property,roads,R,5,1.1,679,473,58.94097137451172,41.05902862548828,3902933264,-8.940971374511719,0,0,0,0
3902933264,2011,Hanover,Township,Columbiana,Property,roads,R,5,1,713,290,71.08673858642578,28.91326141357422,3902933264,-21.08673858642578,0,0,0,0
3902933264,2014,Hanover,Township,Columbiana,Property,roads,R,5,1.1,830,263,75.93778228759766,24.062217712402344,3902933264,-25.937782287597656,0,0,0,0
3902933264,2016,Hanover,Township,Columbiana,Property,roads,R,5,1,737,276,72.75419616699219,27.245803833007813,3902933264,-22.754196166992188,0,0,0,0
3902933264,2019,Hanover,Township,Columbiana,property,roads,R,5,1.1,690,234,74.675323486328125,25.324676513671875,3902933264,-24.675323486328125,0,0,0,0
3902933264,2020,Hanover,Township,Columbiana,property,roads,R,5,1,1356,481,73.81600189208984,26.183998107910156,3902933264,-23.816001892089844,0,0,0,0
3902940824,1991,Knox,Township,Columbiana,Property,roads,A,5,1,529,1075,32.98004913330078,67.01995086669922,3902940824,17.01995086669922,1,0,0,0
3902940824,1992,Knox,Township,Columbiana,Property,roads,A,-999,1,915,1303,41.253379821777344,58.746620178222656,3902940824,8.746620178222656,1,0,0,0
3902940824,1993,Knox,Township,Columbiana,Property,roads,A,5,1,553,832,39.927799224853516,60.072200775146484,3902940824,10.072200775146484,1,0,0,0
3902940824,1996,Knox,Township,Columbiana,Property,roads,A,5,1.9,848,1029,45.17847442626953,54.82152557373047,3902940824,4.821525573730469,1,0,1,1
3902940824,2006,Knox,Township,Columbiana,Property,roads,A,5,2.5,677,1141,37.23872375488281,62.76127624511719,3902940824,12.761276245117188,1,0,0,0
3902940824,2008,Knox,Township,Columbiana,Property,roads,A,5,1,628,793,44.19422912597656,55.80577087402344,3902940824,5.8057708740234375,1,0,0,1
3902940824,2013,Knox,Township,Columbiana,Property,roads,A,5,1.5,90,88,50.561798095703125,49.438201904296875,3902940824,-0.561798095703125,0,1,1,1
3902940824,2017,Knox,Township,Columbiana,Property,roads,A,5,1.5,635,575,52.479339599609375,47.520660400390625,3902940824,-2.479339599609375,0,1,1,1
3902940824,2021,Knox,Township,Columbiana,property,roads,R,5,1.5,765,255,75,25,3902940824,-25,0,0,0,0
3902942560,2016,Leetonia,Village,Columbiana,Property,roads,A,5,5,285,250,53.271026611328125,46.728973388671875,3942560,-3.271026611328125,0,0,1,1
3902944226,1991,Liverpool,Township,Columbiana,Property,roads,R,1000,4,710,474,59.966217041015625,40.033782958984375,3902944226,-9.966217041015625,0,0,0,0
3902944226,1995,Liverpool,Township,Columbiana,Property,roads,A,-999,2,1025,531,65.87403869628906,34.12596130371094,3902944226,-15.874038696289063,0,0,0,0
3902946368,1991,Madison,Township,Columbiana,Property,roads,R,5,.5,732,137,84.23474884033203,15.765251159667969,3902946368,-34.23474884033203,0,0,0,0
3902946368,1994,Madison,Township,Columbiana,Property,roads,R,5,.5,522,282,64.92537689208984,35.074623107910156,3902946368,-14.925376892089844,0,0,0,0
3902946368,1995,Madison,Township,Columbiana,Property,roads,R,5,2,568,378,60.04228210449219,39.95771789550781,3902946368,-10.042282104492188,0,0,0,0
3902946368,1998,Madison,Township,Columbiana,Property,roads,A,5,2,391,394,49.80891799926758,50.19108200073242,3902946368,0.19108200073242188,1,1,1,1
3902946368,1999,Madison,Township,Columbiana,Property,roads,R,5,2,526,341,60.66897201538086,39.33102798461914,3902946368,-10.66897201538086,0,0,0,0
3902946368,2001,Madison,Township,Columbiana,Property,roads,R,5,.5,527,382,57.97579574584961,42.02420425415039,3902946368,-7.975795745849609,0,0,0,0
3902946368,2004,Madison,Township,Columbiana,Property,roads,R,5,1,128,256,33.33333206176758,66.66667175292969,3902946368,16.666671752929688,1,0,0,0
3902946368,2005,Madison,Township,Columbiana,Property,roads,R,5,.5,376,371,50.33467102050781,49.66532897949219,3902946368,-0.3346710205078125,0,1,1,1
3902946368,2008,Madison,Township,Columbiana,Property,roads,R,5,1,632,731,46.36830520629883,53.63169479370117,3902946368,3.631694793701172,1,0,1,1
3902946368,2009,Madison,Township,Columbiana,Property,roads,R,5,2,668,353,65.426055908203125,34.573944091796875,3902946368,-15.426055908203125,0,0,0,0
3902946368,2010,Madison,Township,Columbiana,Property,roads,R,5,2,646,337,65.717193603515625,34.282806396484375,3902946368,-15.717193603515625,0,0,0,0
3902946368,2014,Madison,Township,Columbiana,Property,roads,A,5,1.5,407,104,79.64775085449219,20.352249145507813,3902946368,-29.647750854492188,0,0,0,0
3902946368,2015,Madison,Township,Columbiana,Property,roads,R,5,2,245,283,46.40151596069336,53.59848403930664,3902946368,3.5984840393066406,1,0,1,1
3902946368,2016,Madison,Township,Columbiana,Property,roads,A,5,1.5,145,458,24.04643440246582,75.95356750488281,3902946368,25.953567504882813,1,0,0,0
3902946368,2018,Madison,Township,Columbiana,Property,roads,A,5,1.5,414,507,44.951141357421875,55.048858642578125,3902946368,5.048858642578125,1,0,0,1
3902946368,2020,Madison,Township,Columbiana,property,roads,R,5,1,1095,495,68.86792755126953,31.13207244873047,3902946368,-18.86792755126953,0,0,0,0
3902949784,1993,Middleton,Township,Columbiana,Property,roads,R,5,2,386,241,61.5629997253418,38.4370002746582,3902949784,-11.562999725341797,0,0,0,0
3902949784,1995,Middleton,Township,Columbiana,Property,roads,A,-999,2,173,245,41.38755798339844,58.61244201660156,3902949784,8.6124420166015625,1,0,0,0
3902949784,1997,Middleton,Township,Columbiana,Property,roads,R,-999,2,727,439,62.34991455078125,37.65008544921875,3902949784,-12.34991455078125,0,0,0,0
3902949784,2000,Middleton,Township,Columbiana,Property,roads,R,5,2,414,632,39.579349517822266,60.420650482177734,3902949784,10.420650482177734,1,0,0,0
3902949784,2002,Middleton,Township,Columbiana,Property,roads,R,5,2,725,408,63.989410400390625,36.010589599609375,3902949784,-13.989410400390625,0,0,0,0
3902949784,2006,Middleton,Township,Columbiana,Property,roads,R,5,2,515,354,59.26352310180664,40.73647689819336,3902949784,-9.26352310180664,0,0,0,0
3902949784,2007,Middleton,Township,Columbiana,Property,roads,R,5,2,484,276,63.68421173095703,36.31578826904297,3902949784,-13.684211730957031,0,0,0,0
3902949784,2011,Middleton,Township,Columbiana,Property,roads,R,5,2,424,230,64.83180236816406,35.16819763183594,3902949784,-14.831802368164063,0,0,0,0
3902949784,2012,Middleton,Township,Columbiana,Property,roads,R,5,2,684,693,49.67320251464844,50.32679748535156,3902949784,0.3267974853515625,1,1,1,1
3902949784,2017,Middleton,Township,Columbiana,Property,roads,R,5,2,503,191,72.47838592529297,27.52161407470703,3902949784,-22.47838592529297,0,0,0,0
3902949784,2020,Middleton,Township,Columbiana,property,roads,R,5,2,1098,619,63.94874954223633,36.05125045776367,3902949784,-13.948749542236328,0,0,0,0
3902955790,2006,New Waterford,Village,Columbiana,Property,roads,R,5,2,164,253,39.32853698730469,60.67146301269531,3955790,10.671463012695313,1,0,0,0
3902968084,1991,Rogers,Village,Columbiana,Property,roads,A,5,3,18,2385,0.7490636706352234,99.25093841552734,3968084,49.250938415527344,1,0,0,0
3902968084,2017,Rogers,Village,Columbiana,Property,roads,A,5,4,40,30,57.14285659790039,42.85714340209961,3968084,-7.142856597900391,0,0,0,1
3902968084,2020,Rogers,Village,Columbiana,property,roads,A,5,1.5,17,13,56.66666793823242,43.33333206176758,3968084,-6.666667938232422,0,0,0,1
3902969512,2012,St. Clair,Township,Columbiana,Property,roads,A,1000,2,593,1170,33.63584899902344,66.36415100097656,3902969512,16.364151000976563,1,0,0,0
3902969512,2013,St. Clair,Township,Columbiana,Property,roads,A,1000,2,1164,698,62.513427734375,37.486572265625,3902969512,-12.513427734375,0,0,0,0
3902969512,2016,St. Clair,Township,Columbiana,Property,roads,A,5,2,1152,1088,51.42856979370117,48.57143020629883,3902969512,-1.4285697937011719,0,1,1,1
3902969512,2017,St. Clair,Township,Columbiana,Property,roads,A,5,2,1807,739,70.97407531738281,29.025924682617188,3902969512,-20.974075317382813,0,0,0,0
3902969512,2018,St. Clair,Township,Columbiana,Property,roads,A,5,2,1079,1244,46.44855880737305,53.55144119262695,3902969512,3.551441192626953,1,0,1,1
3902969512,2019,St. Clair,Township,Columbiana,property,roads,A,7,2,1073,1090,49.60702896118164,50.39297103881836,3902969512,0.3929710388183594,1,1,1,1
3902969512,2021,St. Clair,Township,Columbiana,property,roads,A,cpt,2,751,777,49.14921569824219,50.85078430175781,3902969512,0.8507843017578125,1,1,1,1
3902969834,1992,Salem,City,Columbiana,Income,roads,A,5,.25,1847,3127,37.13309097290039,62.86690902709961,3969834,12.86690902709961,1,0,0,0
3902969834,2019,Salem,City,Columbiana,income,roads,A,5,.25,1232,1223,50.18330001831055,49.81669998168945,3969834,-0.18330001831054688,0,1,1,1
3902969848,1997,Salem,Township,Columbiana,Property,roads,R,5,.9,805,127,86.3733901977539,13.626609802246094,3902969848,-36.373390197753906,0,0,0,0
3902969848,2000,Salem,Township,Columbiana,Property,roads,R,5,.9,635,1096,36.683998107910156,63.316001892089844,3902969848,13.316001892089844,1,0,0,0
3902969848,2003,Salem,Township,Columbiana,Property,roads,R,5,.9,1199,240,83.3217544555664,16.678245544433594,3902969848,-33.321754455566406,0,0,0,0
3902969848,2010,Salem,Township,Columbiana,Property,roads,R,5,.9,1221,795,60.56547546386719,39.43452453613281,3902969848,-10.565475463867188,0,0,0,0
3902969848,2013,Salem,Township,Columbiana,Property,roads,R,5,.9,885,90,90.76923370361328,9.230766296386719,3902969848,-40.76923370361328,0,0,0,0
3902969848,2015,Salem,Township,Columbiana,Property,roads,R,5,.9,1209,558,68.421051025390625,31.578948974609375,3902969848,-18.421051025390625,0,0,0,0
3902978890,1992,Unity,Township,Columbiana,Property,roads,R,5,2,834,981,45.95041275024414,54.04958724975586,3902978890,4.049587249755859,1,0,1,1
3902978890,1998,Unity,Township,Columbiana,Property,roads,R,5,2,638,1868,25.458898544311523,74.54109954833984,3902978890,24.541099548339844,1,0,0,0
3902978890,2001,Unity,Township,Columbiana,Property,roads,A,5,2,944,67,93.3729019165039,6.627098083496094,3902978890,-43.372901916503906,0,0,0,0
3902978890,2004,Unity,Township,Columbiana,Property,roads,R,5,2,267,694,27.783557891845703,72.21644592285156,3902978890,22.216445922851563,1,0,0,0
3902978890,2008,Unity Township Road District,Road District,Columbiana,Property,roads,R,5,2,798,8980,8.1611785888671875,91.83882141113281,NA,41.83882141113281,1,0,0,0
3902978890,2011,Unity,Township,Columbiana,Property,roads,R,5,2,942,234,80.10204315185547,19.89795684814453,3902978890,-30.10204315185547,0,0,0,0
3902978890,2016,Unity,Township,Columbiana,Property,roads,R,5,2,926,335,73.43378448486328,26.56621551513672,3902978890,-23.43378448486328,0,0,0,0
3902978890,2021,Unity,Township,Columbiana,property,roads,R,5,2,517,260,66.5379638671875,33.4620361328125,3902978890,-16.5379638671875,0,0,0,0
3902981158,2012,Washington,Township,Columbiana,Property,roads,A,5,.43,260,136,65.65656280517578,34.34343719482422,3902981158,-15.656562805175781,0,0,0,0
3902981158,2015,Washington,Township,Columbiana,Property,roads,A,5,2,119,287,29.310344696044922,70.68965148925781,3902981158,20.689651489257813,1,0,0,0
3902981158,2016,Washington,Township,Columbiana,Property,roads,A,5,.5,218,107,67.07691955566406,32.92308044433594,3902981158,-17.076919555664063,0,0,0,0
3902981158,2020,Washington,Township,Columbiana,property,roads,R,5,.5,614,280,68.68009185791016,31.319908142089844,3902981158,-18.680091857910156,0,0,0,0
3902981732,1998,Washingtonville,Village,Columbiana,Property,roads,A,5,3,116,156,42.64706039428711,57.35293960571289,3981732,7.352939605712891,1,0,0,1
3902981732,2002,Washingtonville,Village,Columbiana,Property,roads,A,5,3.5,104,108,49.056602478027344,50.943397521972656,3981732,0.94339752197265625,1,1,1,1
3902981732,2015,Washingtonville,Village,Columbiana,Property,roads,A,1000,.5,54,61,46.956520080566406,53.043479919433594,3981732,3.0434799194335938,1,0,1,1
3902981732,2019,Washingtonville,Village,Columbiana,property,roads,A,5,2.5,55,65,45.83333206176758,54.16666793823242,3981732,4.166667938232422,1,0,1,1
3902982138,1996,Wayne,Township,Columbiana,Property,roads,A,5,4,157,200,43.97759246826172,56.02240753173828,3902982138,6.022407531738281,1,0,0,1
3902982138,2004,Wayne,Township,Columbiana,Property,roads,A,5,2,101,243,29.36046600341797,70.63953399658203,3902982138,20.63953399658203,1,0,0,0
3902982138,2006,Wayne,Township,Columbiana,Property,roads,A,5,2,128,112,53.33333206176758,46.66666793823242,3902982138,-3.333332061767578,0,0,1,1
3902982138,2011,Wayne,Township,Columbiana,Property,roads,A,5,1,102,88,53.68421173095703,46.31578826904297,3902982138,-3.6842117309570313,0,0,1,1
3902982138,2014,Wayne,Township,Columbiana,Property,roads,A,5,2,162,105,60.674156188964844,39.325843811035156,3902982138,-10.674156188964844,0,0,0,0
3902982138,2018,Wayne,Township,Columbiana,Property,roads,R,5,3,173,170,50.43731689453125,49.56268310546875,3902982138,-0.43731689453125,0,1,1,1
3902982740,2018,Wellsville,Village,Columbiana,Income,roads,A,N/A,.5,299,511,36.91358184814453,63.08641815185547,3982740,13.086418151855469,1,0,0,0
3902982852,1991,West,Township,Columbiana,Property,roads,R,5,1,552,163,77.20279693603516,22.797203063964844,3902982852,-27.202796936035156,0,0,0,0
3902982852,1992,West,Township,Columbiana,Property,roads,R,5,3,872,286,75.30224609375,24.69775390625,3902982852,-25.30224609375,0,0,0,0
3902982852,1995,West,Township,Columbiana,Property,roads,R,5,2,545,389,58.35117721557617,41.64882278442383,3902982852,-8.351177215576172,0,0,0,0
3902982852,2001,West,Township,Columbiana,Property,roads,R,5,2,320,410,43.83561706542969,56.16438293457031,3902982852,6.1643829345703125,1,0,0,1
3902982852,2002,West,Township,Columbiana,Property,roads,R,5,1,389,184,67.8883056640625,32.1116943359375,3902982852,-17.8883056640625,0,0,0,0
3902982852,2003,West,Township,Columbiana,Property,roads,R,5,2,598,235,71.7887191772461,28.211280822753906,3902982852,-21.788719177246094,0,0,0,0
3902982852,2006,West,Township,Columbiana,Property,roads,R,5,2,358,534,40.13452911376953,59.86547088623047,3902982852,9.865470886230469,1,0,0,0
3902982852,2007,West,Township,Columbiana,Property,roads,R,5,1,482,292,62.273902893066406,37.726097106933594,3902982852,-12.273902893066406,0,0,0,0
3902982852,2008,West,Township,Columbiana,Property,roads,A,5,2,191,806,19.157472610473633,80.842529296875,3902982852,30.842529296875,1,0,0,0
3902982852,2009,West,Township,Columbiana,Property,roads,A,5,2,265,303,46.654930114746094,53.345069885253906,3902982852,3.3450698852539063,1,0,1,1
3902982852,2011,West,Township,Columbiana,Property,roads,R,5,1,545,553,49.63570022583008,50.36429977416992,3902982852,0.3642997741699219,1,1,1,1
3902982852,2015,West,Township,Columbiana,Property,roads,A,5,2,455,311,59.399478912353516,40.600521087646484,3902982852,-9.399478912353516,0,0,0,0
3902982852,2016,West,Township,Columbiana,Property,roads,A,5,3.5,697,479,59.268707275390625,40.731292724609375,3902982852,-9.268707275390625,0,0,0,0
3902982852,2020,West,Township,Columbiana,property,roads,R,5,1,1003,499,66.77762603759766,33.222373962402344,3902982852,-16.777626037597656,0,0,0,0
3902982852,2021,West,Township,Columbiana,property,roads,R,5,3,413,210,66.2921371459961,33.707862854003906,3902982852,-16.292137145996094,0,0,0,0
3902986912,1991,Yellow Creek,Township,Columbiana,Property,roads,R,5,1,495,379,56.63615417480469,43.36384582519531,3902986912,-6.6361541748046875,0,0,0,1
3902986912,1994,Yellow Creek,Township,Columbiana,Property,roads,R,5,1.1,472,205,69.71935272216797,30.28064727783203,3902986912,-19.71935272216797,0,0,0,0
3902986912,2001,Yellow Creek,Township,Columbiana,Property,roads,R,5,1.1,653,164,79.92655944824219,20.073440551757813,3902986912,-29.926559448242188,0,0,0,0
3902986912,2006,Yellow Creek,Township,Columbiana,Property,roads,R,5,1.1,430,162,72.6351318359375,27.3648681640625,3902986912,-22.6351318359375,0,0,0,0
3902986912,2010,Yellow Creek,Township,Columbiana,Property,roads,A,5,1,290,197,59.548255920410156,40.451744079589844,3902986912,-9.548255920410156,0,0,0,0
3902986912,2015,Yellow Creek,Township,Columbiana,Property,roads,R,5,1,558,89,86.24420166015625,13.75579833984375,3902986912,-36.24420166015625,0,0,0,0
3902986912,2018,Yellow Creek,Township,Columbiana,Property,roads,A,5,2,101,220,31.464174270629883,68.53582763671875,3902986912,18.53582763671875,1,0,0,0
3902986912,2019,Yellow Creek,Township,Columbiana,property,roads,R,5,2,359,177,66.97761535644531,33.02238464355469,3902986912,-16.977615356445313,0,0,0,0
3902986912,2020,Yellow Creek,Township,Columbiana,property,roads,R,5,1,766,294,72.26415252685547,27.73584747314453,3902986912,-22.26415252685547,0,0,0,0
3903100240,1991,Adams,Township,Coshocton,Property,roads,R,3,2,123,32,79.3548355102539,20.645164489746094,3903100240,-29.354835510253906,0,0,0,0
3903100240,1994,Adams,Township,Coshocton,Property,roads,R,3,2,126,34,78.75,21.25,3903100240,-28.75,0,0,0,0
3903100240,1997,Adams,Township,Coshocton,Property,roads,R,3,2,192,59,76.49402618408203,23.50597381591797,3903100240,-26.49402618408203,0,0,0,0
3903100240,2000,Adams,Township,Coshocton,Property,roads,R,5,2,145,28,83.81502532958984,16.184974670410156,3903100240,-33.815025329589844,0,0,0,0
3903100240,2003,Adams,Township,Coshocton,Property,roads,R,3,2,176,50,77.87610626220703,22.12389373779297,3903100240,-27.87610626220703,0,0,0,0
3903100240,2006,Adams,Township,Coshocton,Property,roads,R,3,2,172,110,60.9929084777832,39.0070915222168,3903100240,-10.992908477783203,0,0,0,0
3903100240,2008,Adams,Township,Coshocton,Property,roads,R,3,2,251,102,71.10481262207031,28.895187377929688,3903100240,-21.104812622070313,0,0,0,0
3903100240,2011,Adams,Township,Coshocton,Property,roads,R,3,2,160,60,72.7272720336914,27.272727966308594,3903100240,-22.727272033691406,0,0,0,0
3903100240,2014,Adams,Township,Coshocton,Property,roads,R,3,2,130,55,70.27027130126953,29.72972869873047,3903100240,-20.27027130126953,0,0,0,0
3903100240,2017,Adams,Township,Coshocton,Property,roads,R,3,2,145,40,78.37837982177734,21.621620178222656,3903100240,-28.378379821777344,0,0,0,0
3903100240,2019,Adams,Township,Coshocton,property,roads,R,3,2,125,48,72.25433349609375,27.74566650390625,3903100240,-22.25433349609375,0,0,0,0
3903106152,1994,Bethlehem,Township,Coshocton,Property,roads,A,5,2,198,190,51.03092956542969,48.96907043457031,3903106152,-1.0309295654296875,0,1,1,1
3903106152,1999,Bethlehem,Township,Coshocton,Property,roads,R,5,2,251,71,77.95030975341797,22.04969024658203,3903106152,-27.95030975341797,0,0,0,0
3903106152,2004,Bethlehem,Township,Coshocton,Property,roads,R,5,2,440,200,68.75,31.25,3903106152,-18.75,0,0,0,0
3903106152,2008,Bethlehem,Township,Coshocton,Property,roads,R,5,2,417,170,71.0391845703125,28.9608154296875,3903106152,-21.0391845703125,0,0,0,0
3903106152,2013,Bethlehem,Township,Coshocton,Property,roads,R,5,2,171,77,68.95161437988281,31.048385620117188,3903106152,-18.951614379882813,0,0,0,0
3903106152,2017,Bethlehem,Township,Coshocton,Property,roads,R,5,2,226,99,69.53845977783203,30.46154022216797,3903106152,-19.53845977783203,0,0,0,0
3903118868,2014,Coshocton,City,Coshocton,Property,roads,A,5,2.4,890,642,58.093994140625,41.906005859375,3918868,-8.093994140625,0,0,0,0
3903118868,2018,Coshocton,City,Coshocton,Property,roads,R,5,2.4,2409,1207,66.620574951171875,33.379425048828125,3918868,-16.620574951171875,0,0,0,0
3903119218,2001,Crawford,Township,Coshocton,Property,roads,A,5,1.5,32,33,49.230770111083984,50.769229888916016,3903119218,0.7692298889160156,1,1,1,1
3903119218,2006,Crawford,Township,Coshocton,Property,roads,R,5,1.5,46,23,66.66666412353516,33.333335876464844,3903119218,-16.666664123535156,0,0,0,0
3903119218,2010,Crawford,Township,Coshocton,Property,roads,R,5,1.5,135,74,64.59329986572266,35.406700134277344,3903119218,-14.593299865722656,0,0,0,0
3903119218,2015,Crawford,Township,Coshocton,Property,roads,R,5,1.5,99,38,72.26277160644531,27.737228393554688,3903119218,-22.262771606445313,0,0,0,0
3903119218,2020,Crawford,Township,Coshocton,property,roads,R,5,1.5,149,65,69.62616729736328,30.37383270263672,3903119218,-19.62616729736328,0,0,0,0
3903138556,2014,Jefferson,Township,Coshocton,Property,roads,A,3,1.5,122,79,60.69651794433594,39.30348205566406,3903138556,-10.696517944335938,0,0,0,0
3903138556,2016,Jefferson,Township,Coshocton,Property,roads,R,3,1.5,426,291,59.41422653198242,40.58577346801758,3903138556,-9.414226531982422,0,0,0,0
3903138556,2019,Jefferson,Township,Coshocton,property,roads,R,3,1.5,299,190,61.14519500732422,38.85480499267578,3903138556,-11.145195007324219,0,0,0,0
3903139634,1991,Keene,Township,Coshocton,Property,roads,R,3,3,255,162,61.15107727050781,38.84892272949219,3903139634,-11.151077270507813,0,0,0,0
3903139634,1994,Keene,Township,Coshocton,Property,roads,R,3,3,406,153,72.62969207763672,27.37030792236328,3903139634,-22.62969207763672,0,0,0,0
3903139634,1997,Keene,Township,Coshocton,Property,roads,R,3,3,423,165,71.93877410888672,28.06122589111328,3903139634,-21.93877410888672,0,0,0,0
3903139634,2000,Keene,Township,Coshocton,Property,roads,R,3,3,546,228,70.542633056640625,29.457366943359375,3903139634,-20.542633056640625,0,0,0,0
3903139634,2003,Keene,Township,Coshocton,Property,roads,R,3,3,385,190,66.9565200805664,33.043479919433594,3903139634,-16.956520080566406,0,0,0,0
3903139634,2006,Keene,Township,Coshocton,Property,roads,R,5,3,480,297,61.77606201171875,38.22393798828125,3903139634,-11.77606201171875,0,0,0,0
3903139634,2008,Keene,Township,Coshocton,Property,roads,R,3,3,622,294,67.9039306640625,32.0960693359375,3903139634,-17.9039306640625,0,0,0,0
3903139634,2014,Keene,Township,Coshocton,Property,roads,R,5,3,461,135,77.34899139404297,22.65100860595703,3903139634,-27.34899139404297,0,0,0,0
3903139634,2019,Keene,Township,Coshocton,property,roads,R,5,3,386,198,66.09589385986328,33.90410614013672,3903139634,-16.09589385986328,0,0,0,0
3903141132,1998,Lafayette,Township,Coshocton,Property,roads,A,5,2,639,529,54.70890426635742,45.29109573364258,3903141132,-4.708904266357422,0,0,1,1
3903151352,2001,Monroe,Township,Coshocton,Property,roads,A,5,2,32,580,5.228758335113525,94.771240234375,3903151352,44.771240234375,1,0,0,0
3903180220,2012,Virginia,Township,Coshocton,Property,roads,A,5,2.5,115,182,38.72053909301758,61.27946090698242,3903180220,11.279460906982422,1,0,0,0
3903181032,1999,Warsaw,Village,Coshocton,Property,roads,R,5,.2,137,46,74.86338806152344,25.136611938476563,3981032,-24.863388061523438,0,0,0,0
3903181032,2003,Warsaw,Village,Coshocton,Property,roads,R,5,1.5,178,71,71.48594665527344,28.514053344726563,3981032,-21.485946655273438,0,0,0,0
3903181032,2008,Warsaw,Village,Coshocton,Property,roads,R,5,1.5,165,104,61.33829116821289,38.66170883178711,3981032,-11.33829116821289,0,0,0,0
3903181032,2012,Warsaw,Village,Coshocton,Property,roads,R,5,1.5,124,1082,10.281923294067383,89.71807861328125,3981032,39.71807861328125,1,0,0,0
3903181032,2018,Warsaw,Village,Coshocton,Property,roads,R,5,1.5,137,63,68.5,31.5,3981032,-18.5,0,0,0,0
3903181032,2020,Warsaw,Village,Coshocton,property,roads,R,5,1.5,229,101,69.39393615722656,30.606063842773438,3981032,-19.393936157226563,0,0,0,0
3903183608,2014,West Lafayette,Village,Coshocton,Income,roads,A,1000,.5,363,183,66.48351287841797,33.51648712158203,3983608,-16.48351287841797,0,0,0,0
3903184714,1992,White Eyes,Township,Coshocton,Property,roads,A,5,3,223,822,21.339712142944336,78.66028594970703,3903184714,28.66028594970703,1,0,0,0
3903184714,2000,White Eyes,Township,Coshocton,Property,roads,A,5,1,210,106,66.45569610595703,33.54430389404297,3903184714,-16.45569610595703,0,0,0,0
3903184714,2004,White Eyes,Township,Coshocton,Property,roads,A,5,3,117,216,35.135135650634766,64.8648681640625,3903184714,14.8648681640625,1,0,0,0
3903302890,2001,Auburn,Township,Crawford,Property,roads,A,3,2,94,81,53.71428680419922,46.28571319580078,3903302890,-3.7142868041992188,0,0,1,1
3903302890,2004,Auburn,Township,Crawford,Property,roads,R,3,2,203,161,55.769229888916016,44.230770111083984,3903302890,-5.769229888916016,0,0,0,1
3903310030,2000,Bucyrus,City,Crawford,Income,roads,R,6,.5,2423,2332,50.956886291503906,49.043113708496094,3910030,-0.95688629150390625,0,1,1,1
3903310044,2006,Bucyrus,Township,Crawford,Property,roads,A,5,1,248,193,56.2358283996582,43.7641716003418,3903310044,-6.235828399658203,0,0,0,1
3903310044,2010,Bucyrus,Township,Crawford,Property,roads,R,5,1,272,120,69.38775634765625,30.61224365234375,3903310044,-19.38775634765625,0,0,0,0
3903310044,2015,Bucyrus,Township,Crawford,Property,roads,R,5,1,242,103,70.144927978515625,29.855072021484375,3903310044,-20.144927978515625,0,0,0,0
3903310044,2021,Bucyrus,Township,Crawford,property,roads,R,5,1,148,56,72.54901885986328,27.45098114013672,3903310044,-22.54901885986328,0,0,0,0
3903313694,1991,Chatfield,Village,Crawford,Property,roads,A,3,3,53,26,67.08860778808594,32.91139221191406,3913694,-17.088607788085938,0,0,0,0
3903313694,1994,Chatfield,Village,Crawford,Property,roads,A,-999,1,50,9,84.74576568603516,15.254234313964844,3913694,-34.745765686035156,0,0,0,0
3903313708,2017,Chatfield,Township,Crawford,Property,roads,R,5,1.5,143,28,83.625732421875,16.374267578125,3903313708,-33.625732421875,0,0,0,0
3903319932,1995,Dallas,Township,Crawford,Property,roads,A,5,1.5,70,87,44.58598709106445,55.41401290893555,3903319932,5.414012908935547,1,0,0,1
3903319932,2005,Dallas,Township,Crawford,Property,roads,A,5,2,58,144,28.712871551513672,71.28712463378906,3903319932,21.287124633789063,1,0,0,0
3903329162,1992,Galion,City,Crawford,Income,roads,A,-999,.5,1240,3281,27.427560806274414,72.57244110107422,3929162,22.57244110107422,1,0,0,0
3903329162,1997,Galion,City,Crawford,Income,roads,A,1000,.5,1478,1500,49.63062286376953,50.36937713623047,3929162,0.36937713623046875,1,1,1,1
3903329162,1998,Galion,City,Crawford,Income,roads,A,1000,.5,994,1659,37.467018127441406,62.532981872558594,3929162,12.532981872558594,1,0,0,0
3903504920,1994,Bedford Heights,City,Cuyahoga,Property,roads,A,-999,2,1581,1359,53.775508880615234,46.224491119384766,3904920,-3.7755088806152344,0,0,1,1
3903505550,2000,Bentleyville,Village,Cuyahoga,Property,roads,R,5,1.2,374,126,74.80000305175781,25.199996948242188,3905550,-24.800003051757813,0,0,0,0
3903505550,2005,Bentleyville,Village,Cuyahoga,Property,roads,R,5,1.2,255,149,63.118812561035156,36.881187438964844,3905550,-13.118812561035156,0,0,0,0
3903505550,2010,Bentleyville,Village,Cuyahoga,Property,roads,R,5,1.2,280,156,64.220184326171875,35.779815673828125,3905550,-14.220184326171875,0,0,0,0
3903505550,2015,Bentleyville,Village,Cuyahoga,Property,roads,R,5,1.2,258,95,73.08782196044922,26.91217803955078,3905550,-23.08782196044922,0,0,0,0
3903505550,2016,Bentleyville,Village,Cuyahoga,Property,roads,A,5,2.4,174,407,29.9483642578125,70.0516357421875,3905550,20.0516357421875,1,0,0,0
3903505550,2020,Bentleyville,Village,Cuyahoga,property,roads,R,5,1.2,487,129,79.058441162109375,20.941558837890625,3905550,-29.058441162109375,0,0,0,0
3903508336,1995,Bratenahl,Village,Cuyahoga,Property,roads,A,20,1.9,349,187,65.1119384765625,34.8880615234375,3908336,-15.1119384765625,0,0,0,0
3903525704,2018,Euclid,City,Cuyahoga,Property,roads,A,5,2,6855,10010,40.64630889892578,59.35369110107422,3925704,9.353691101074219,1,0,0,0
3903526446,1997,Fairview Park,City,Cuyahoga,Income,roads,R,8,.25,3037,2724,52.7165412902832,47.2834587097168,3926446,-2.716541290283203,0,1,1,1
3903526446,2005,Fairview Park,City,Cuyahoga,Income,roads,R,8,.25,2794,2287,54.989173889160156,45.010826110839844,3926446,-4.989173889160156,0,0,1,1
3903526446,2013,Fairview Park,City,Cuyahoga,Income,roads,R,8,.25,2580,983,72.410888671875,27.589111328125,3926446,-22.410888671875,0,0,0,0
3903526446,2021,Fairview Park,City,Cuyahoga,income,roads,R,8,.25,1513,336,81.82801818847656,18.171981811523438,3926446,-31.828018188476563,0,0,0,0
3903529498,2008,Gates Mills,Village,Cuyahoga,Property,roads,A,5,2.9,518,628,45.20069885253906,54.79930114746094,3929498,4.7993011474609375,1,0,1,1
3903547306,2007,Maple Heights,City,Cuyahoga,Property,roads,A,5,2,1329,1622,45.035579681396484,54.964420318603516,3947306,4.964420318603516,1,0,1,1
3903552052,2004,Moreland Hills,Village,Cuyahoga,Income,roads,A,5,.5,392,889,30.601093292236328,69.39891052246094,3952052,19.398910522460938,1,0,0,0
3903557008,2000,North Royalton,City,Cuyahoga,Income,roads,A,1000,.5,2452,6257,28.154783248901367,71.84521484375,3957008,21.84521484375,1,0,0,0
3903557008,2008,North Royalton,City,Cuyahoga,Income,roads,A,1000,1,4164,3852,51.94610595703125,48.05389404296875,3957008,-1.94610595703125,0,1,1,1
3903558422,1991,Olmsted Falls,City,Cuyahoga,Property,roads,R,5,1.3,468,1633,22.27510643005371,77.72489166259766,3958422,27.724891662597656,1,0,0,0
3903558422,1998,Olmsted Falls,City,Cuyahoga,Property,roads,A,5,1.5,1033,1209,46.07493209838867,53.92506790161133,3958422,3.925067901611328,1,0,1,1
3903558422,2002,Olmsted Falls,City,Cuyahoga,Property,roads,R,5,1.5,1533,1290,54.303932189941406,45.696067810058594,3958422,-4.303932189941406,0,0,1,1
3903558422,2006,Olmsted Falls,City,Cuyahoga,Property,roads,R,5,1.5,2788,803,77.63854217529297,22.36145782470703,3958422,-27.63854217529297,0,0,0,0
3903558422,2013,Olmsted Falls,City,Cuyahoga,Property,roads,R,5,1.3,1281,494,72.16901397705078,27.83098602294922,3958422,-22.16901397705078,0,0,0,0
3903558422,2020,Olmsted Falls,City,Cuyahoga,property,roads,R,5,1.3,1790,684,72.35246276855469,27.647537231445313,3958422,-22.352462768554688,0,0,0,0
3903561000,2019,Parma,City,Cuyahoga,property,roads,A,5,1.5,6643,6787,49.46388626098633,50.53611373901367,3961000,0.5361137390136719,1,1,1,1
3903571416,2016,Seven Hills,City,Cuyahoga,Property,roads,R,5,.5,1910,3055,38.46928405761719,61.53071594238281,3971416,11.530715942382813,1,0,0,0
3903572928,2021,Solon,City,Cuyahoga,property,roads,R,5,.5,4185,1177,78.04923248291016,21.950767517089844,3972928,-28.049232482910156,0,0,0,0
3903573264,2000,South Euclid,City,Cuyahoga,Property,roads,R,5,3,5413,4172,56.473655700683594,43.526344299316406,3973264,-6.473655700683594,0,0,0,1
3903573264,2005,South Euclid,City,Cuyahoga,Property,roads,R,5,3,5933,1051,84.9513168334961,15.048683166503906,3973264,-34.951316833496094,0,0,0,0
3903573264,2013,South Euclid,City,Cuyahoga,Property,roads,R,5,3,4216,1616,72.29080963134766,27.709190368652344,3973264,-22.290809631347656,0,0,0,0
3903573264,2015,South Euclid,City,Cuyahoga,Property,roads,R,5,2.5,2601,2121,55.08259201049805,44.91740798950195,3973264,-5.082592010498047,0,0,0,1
3903573264,2016,South Euclid,City,Cuyahoga,Property,roads,R,5,2.5,3870,5071,43.283748626708984,56.716251373291016,3973264,6.716251373291016,1,0,0,1
3903573264,2020,South Euclid,City,Cuyahoga,property,roads,R,5,2.5,7349,4035,64.5555191040039,35.444480895996094,3973264,-14.555519104003906,0,0,0,0
3903575098,2017,Strongsville,City,Cuyahoga,Property,roads,A,5,1,5898,3405,63.398902893066406,36.601097106933594,3975098,-13.398902893066406,0,0,0,0
3903580738,2012,Walton Hills,Village,Cuyahoga,Income,roads,A,1000,1,458,778,37.055015563964844,62.944984436035156,3980738,12.944984436035156,1,0,0,0
3903580990,1997,Warrensville Heights,City,Cuyahoga,Property,roads,R,5,1,3942,1314,75,25,3980990,-25,0,0,0,0
3903580990,2002,Warrensville Heights,City,Cuyahoga,Property,roads,R,5,1,1622,1384,53.95874786376953,46.04125213623047,3980990,-3.9587478637695313,0,0,1,1
3903580990,2008,Warrensville Heights,City,Cuyahoga,Property,roads,R,5,1,2739,3116,46.7805290222168,53.2194709777832,3980990,3.219470977783203,1,0,1,1
3903580990,2015,Warrensville Heights,City,Cuyahoga,Property,roads,R,5,1,1045,924,53.07262420654297,46.92737579345703,3980990,-3.0726242065429688,0,0,1,1
3903583622,2017,Westlake,City,Cuyahoga,Income,roads,R,15,.375,8381,3077,73.14540100097656,26.854598999023438,3983622,-23.145401000976563,0,0,0,0
3903583622,2019,Westlake,City,Cuyahoga,income,roads,R,18,.38,4745,1193,79.9090576171875,20.0909423828125,3983622,-29.9090576171875,0,0,0,0
3903702330,1996,Arcanum,Village,Darke,Property,roads,A,3,1.5,345,653,34.56913757324219,65.43086242675781,3902330,15.430862426757813,1,0,0,0
3903702330,2001,Arcanum,Village,Darke,Income,roads,A,1000,.25,202,347,36.79417037963867,63.20582962036133,3902330,13.205829620361328,1,0,0,0
3903702330,2009,Arcanum,Village,Darke,Property,roads,A,5,1.5,346,390,47.010868072509766,52.989131927490234,3902330,2.9891319274902344,1,1,1,1
3903733810,2001,Harrison,Township,Darke,Property,roads,A,5,1.84,167,209,44.414894104003906,55.585105895996094,3903733810,5.585105895996094,1,0,0,1
3903733810,2002,Harrison,Township,Darke,Property,roads,A,1000,1.98,229,214,51.69300079345703,48.30699920654297,3903733810,-1.6930007934570313,0,1,1,1
3903733810,2021,Harrison,Township,Darke,property,roads,A,cpt,2.5,141,131,51.838233947753906,48.161766052246094,3903733810,-1.8382339477539063,0,1,1,1
3903754978,1995,New Madison,Village,Darke,Property,roads,R,5,2,244,41,85.6140365600586,14.385963439941406,3954978,-35.614036560058594,0,0,0,0
3903754978,2000,New Madison,Village,Darke,Property,roads,R,5,2,230,149,60.68601608276367,39.31398391723633,3954978,-10.686016082763672,0,0,0,0
3903754978,2007,New Madison,Village,Darke,Property,roads,R,5,2,298,64,82.32044219970703,17.67955780029297,3954978,-32.32044219970703,0,0,0,0
3903754978,2011,New Madison,Village,Darke,Property,roads,R,5,2,85,152,35.8649787902832,64.13502502441406,3954978,14.135025024414063,1,0,0,0
3903754978,2017,New Madison,Village,Darke,Property,roads,R,5,2,149,63,70.28302001953125,29.71697998046875,3954978,-20.28302001953125,0,0,0,0
3903754978,2019,New Madison,Village,Darke,property,roads,A,cpt,3,125,46,73.09941864013672,26.90058135986328,3954978,-23.09941864013672,0,0,0,0
3903761168,2004,Patterson,Township,Darke,Property,roads,A,1000,3,77,134,36.492889404296875,63.507110595703125,3903761168,13.507110595703125,1,0,0,0
3903761168,2005,Patterson,Township,Darke,Property,roads,R,5,2.4,351,121,74.364410400390625,25.635589599609375,3903761168,-24.364410400390625,0,0,0,0
3903762890,1994,Pitsburg,Village,Darke,Property,roads,R,5,2,102,72,58.620689392089844,41.379310607910156,3962890,-8.620689392089844,0,0,0,0
3903762890,2000,Pitsburg,Village,Darke,Property,roads,R,5,3,104,110,48.59812927246094,51.40187072753906,3962890,1.4018707275390625,1,1,1,1
3903762890,2003,Pitsburg,Village,Darke,Property,roads,R,5,2,127,11,92.02898406982422,7.971015930175781,3962890,-42.02898406982422,0,0,0,0
3903762890,2008,Pitsburg,Village,Darke,Property,roads,R,5,2,113,206,35.42319869995117,64.57679748535156,3962890,14.576797485351563,1,0,0,0
3903762890,2009,Pitsburg,Village,Darke,Property,roads,R,5,2,95,27,77.86885070800781,22.131149291992188,3962890,-27.868850708007813,0,0,0,0
3903762890,2013,Pitsburg,Village,Darke,Property,roads,R,5,2,143,13,91.66666412353516,8.333335876464844,3962890,-41.666664123535156,0,0,0,0
3903762890,2021,Pitsburg,Village,Darke,property,roads,R,5,1.1,35,27,56.45161437988281,43.54838562011719,3962890,-6.4516143798828125,0,0,0,1
3903779380,1997,Van Buren,Township,Darke,Property,roads,A,cpt,.5,458,427,51.75141143798828,48.24858856201172,3903779380,-1.7514114379882813,0,1,1,1
3903779912,1999,Versailles,Village,Darke,Income,roads,A,5,.5,567,99,85.1351318359375,14.8648681640625,3979912,-35.1351318359375,0,0,0,0
3903779912,2008,Versailles,Village,Darke,Income,roads,R,5,.5,235,385,37.90322494506836,62.09677505493164,3979912,12.09677505493164,1,0,0,0
3903779912,2009,Versailles,Village,Darke,Income,roads,A,5,.5,575,238,70.7257080078125,29.2742919921875,3979912,-20.7257080078125,0,0,0,0
3903779912,2011,Versailles,Village,Darke,Income,roads,R,5,.5,695,562,55.290374755859375,44.709625244140625,3979912,-5.290374755859375,0,0,0,1
3903779912,2016,Versailles,Village,Darke,Income,roads,R,5,.5,351,686,33.84763717651367,66.15235900878906,3979912,16.152359008789063,1,0,0,0
3903782348,2010,Wayne Lakes,Village,Darke,Property,roads,A,5,2,124,53,70.0564956665039,29.943504333496094,3982348,-20.056495666503906,0,0,0,0
3903782348,2014,Wayne Lakes,Village,Darke,Property,roads,R,5,2,236,25,90.42145538330078,9.578544616699219,3982348,-40.42145538330078,0,0,0,0
3903782348,2018,Wayne Lakes,Village,Darke,Property,roads,R,5,2,221,126,63.68876266479492,36.31123733520508,3982348,-13.688762664794922,0,0,0,0
3903782348,2020,Wayne Lakes,Village,Darke,property,roads,R,cpt,2,254,163,60.91127014160156,39.08872985839844,3982348,-10.911270141601563,0,0,0,0
3903921420,2011,Delaware,Township,Defiance,Property,roads,A,5,2,237,255,48.17073059082031,51.82926940917969,3903921420,1.8292694091796875,1,1,1,1
3903921420,2014,Delaware,Township,Defiance,Property,roads,A,5,2,245,182,57.37704849243164,42.62295150756836,3903921420,-7.377048492431641,0,0,0,1
3903921420,2018,Delaware,Township,Defiance,Property,roads,R,5,2,527,243,68.441558837890625,31.558441162109375,3903921420,-18.441558837890625,0,0,0,0
3903935196,1992,Highland,Township,Defiance,Property,roads,R,5,.5,635,537,54.18088912963867,45.81911087036133,3903935196,-4.180889129638672,0,0,1,1
3903935196,1997,Highland,Township,Defiance,Property,roads,R,5,.6,465,288,61.752986907958984,38.247013092041016,3903935196,-11.752986907958984,0,0,0,0
3903935196,2002,Highland,Township,Defiance,Property,roads,A,5,.6,517,289,64.1439208984375,35.8560791015625,3903935196,-14.1439208984375,0,0,0,0
3903935196,2006,Highland,Township,Defiance,Property,roads,R,5,.6,562,456,55.2062873840332,44.7937126159668,3903935196,-5.206287384033203,0,0,0,1
3903935196,2011,Highland,Township,Defiance,Property,roads,R,5,.6,456,465,49.51140213012695,50.48859786987305,3903935196,0.4885978698730469,1,1,1,1
3903935196,2012,Highland,Township,Defiance,property,roads,R,5,.6,509,309,62.224937438964844,37.775062561035156,3903935196,-12.224937438964844,0,0,0,0
3903935196,2016,Highland,Township,Defiance,Property,roads,A,cpt,1,591,661,47.204471588134766,52.795528411865234,3903935196,2.7955284118652344,1,1,1,1
3903935196,2017,Highland,Township,Defiance,Property,roads,R,5,.6,362,210,63.286712646484375,36.713287353515625,3903935196,-13.286712646484375,0,0,0,0
3903935196,2021,Highland,Township,Defiance,property,roads,R,5,.6,361,219,62.24137878417969,37.75862121582031,3903935196,-12.241378784179688,0,0,0,0
3903947852,1992,Mark,Township,Defiance,Property,roads,A,5,2,132,253,34.28571319580078,65.71428680419922,3903947852,15.714286804199219,1,0,0,0
3903947852,1995,Mark,Township,Defiance,Property,roads,A,5,2,221,155,58.77659606933594,41.22340393066406,3903947852,-8.7765960693359375,0,0,0,0
3903947852,2021,Mark,Township,Defiance,property,roads,R,5,2,133,53,71.50537872314453,28.49462127685547,3903947852,-21.50537872314453,0,0,0,0
3903950190,1994,Milford,Township,Defiance,Property,roads,R,5,2,183,133,57.91139221191406,42.08860778808594,3903950190,-7.9113922119140625,0,0,0,0
3903950190,1999,Milford,Township,Defiance,Property,roads,A,5,2,136,145,48.39857482910156,51.60142517089844,3903950190,1.6014251708984375,1,1,1,1
3903950190,2003,Milford,Township,Defiance,Property,roads,A,5,2,131,95,57.964603424072266,42.035396575927734,3903950190,-7.964603424072266,0,0,0,0
3903950190,2009,Milford,Township,Defiance,Property,roads,A,5,2,153,83,64.83050537109375,35.16949462890625,3903950190,-14.83050537109375,0,0,0,0
3903950190,2014,Milford,Township,Defiance,Property,roads,R,5,2,166,138,54.605262756347656,45.394737243652344,3903950190,-4.605262756347656,0,0,1,1
3903956014,2016,Noble,Township,Defiance,Property,roads,A,1000,1,451,265,62.988826751708984,37.011173248291016,3903956014,-12.988826751708984,0,0,0,0
3903976772,2000,Tiffin,Township,Defiance,Property,roads,R,-999,2,175,231,43.10344696044922,56.89655303955078,3903976772,6.896553039550781,1,0,0,1
3903976772,2005,Tiffin,Township,Defiance,Property,roads,R,5,2,261,84,75.65217590332031,24.347824096679688,3903976772,-25.652175903320313,0,0,0,0
3903976772,2006,Tiffin,Township,Defiance,Property,roads,R,5,2,340,220,60.71428680419922,39.28571319580078,3903976772,-10.714286804199219,0,0,0,0
3903976772,2016,Tiffin,Township,Defiance,Property,roads,R,5,2,377,4214,8.211718559265137,91.78828430175781,3903976772,41.78828430175781,1,0,0,0
3903976772,2018,Tiffin,Township,Defiance,Property,roads,R,5,2,360,1188,23.255813598632813,76.74418640136719,3903976772,26.744186401367188,1,0,0,0
3903976772,2020,Tiffin,Township,Defiance,property,roads,R,5,2,613,227,72.97618865966797,27.02381134033203,3903976772,-22.97618865966797,0,0,0,0
3903981200,1995,Washington,Township,Defiance,Property,roads,R,5,2,439,1794,19.659650802612305,80.34034729003906,3903981200,30.340347290039063,1,0,0,0
3903981200,1997,Washington,Township,Defiance,Property,roads,R,5,2,393,156,71.58470153808594,28.415298461914063,3903981200,-21.584701538085938,0,0,0,0
3903981200,2002,Washington,Township,Defiance,Property,roads,R,5,2,324,142,69.52790069580078,30.47209930419922,3903981200,-19.52790069580078,0,0,0,0
3903981200,2012,Washington,Township,Defiance,Property,roads,R,5,2,275,189,59.267242431640625,40.732757568359375,3903981200,-9.267242431640625,0,0,0,0
3903981200,2017,Washington,Township,Defiance,Property,roads,R,5,2,265,47,84.93589782714844,15.064102172851563,3903981200,-34.93589782714844,0,0,0,0
3904102582,1991,Ashley,Village,Delaware,Property,roads,A,5,3,204,170,54.54545593261719,45.45454406738281,3902582,-4.5454559326171875,0,0,1,1
3904102582,2001,Ashley,Village,Delaware,Property,roads,R,5,3,128,80,61.53845977783203,38.46154022216797,3902582,-11.538459777832031,0,0,0,0
3904102582,2006,Ashley,Village,Delaware,Property,roads,R,4,3,127,85,59.90565872192383,40.09434127807617,3902582,-9.905658721923828,0,0,0,0
3904102582,2010,Ashley,Village,Delaware,Property,roads,R,5,3,177,85,67.5572509765625,32.4427490234375,3902582,-17.5572509765625,0,0,0,0
3904102582,2015,Ashley,Village,Delaware,Property,roads,R,5,3,224,114,66.272186279296875,33.727813720703125,3902582,-16.272186279296875,0,0,0,0
3904102582,2020,Ashley,Village,Delaware,property,roads,R,2,3,88,44,66.66666412353516,33.333335876464844,3902582,-16.666664123535156,0,0,0,0
3904109428,1994,Brown,Township,Delaware,Property,roads,R,5,2.5,293,223,56.7829475402832,43.2170524597168,3904109428,-6.782947540283203,0,0,0,1
3904109428,2000,Brown,Township,Delaware,Property,roads,R,5,2.5,180,205,46.75324630737305,53.24675369262695,3904109428,3.246753692626953,1,0,1,1
3904109428,2005,Brown,Township,Delaware,Property,roads,R,5,2.5,143,84,62.9955940246582,37.0044059753418,3904109428,-12.995594024658203,0,0,0,0
3904109428,2010,Brown,Township,Delaware,Property,roads,R,5,2.5,203,150,57.507083892822266,42.492916107177734,3904109428,-7.507083892822266,0,0,0,0
3904109428,2014,Brown,Township,Delaware,Property,roads,R,5,2.5,348,253,57.90349578857422,42.09650421142578,3904109428,-7.903495788574219,0,0,0,0
3904109428,2019,Brown,Township,Delaware,property,roads,R,5,2.5,353,143,71.16935729980469,28.830642700195313,3904109428,-21.169357299804688,0,0,0,0
3904118140,1992,Concord,Township,Delaware,Property,roads,A,5,1,484,411,54.07821273803711,45.92178726196289,3904118140,-4.078212738037109,0,0,1,1
3904118140,1993,Concord,Township,Delaware,Property,roads,R,5,.8,619,374,62.33635330200195,37.66364669799805,3904118140,-12.336353302001953,0,0,0,0
3904118140,1997,Concord,Township,Delaware,Property,roads,R,5,1,770,412,65.1438217163086,34.856178283691406,3904118140,-15.143821716308594,0,0,0,0
3904118140,1998,Concord,Township,Delaware,Property,roads,R,5,.8,930,599,60.824066162109375,39.175933837890625,3904118140,-10.824066162109375,0,0,0,0
3904118140,2002,Concord,Township,Delaware,Property,roads,R,5,1,1062,632,62.69185256958008,37.30814743041992,3904118140,-12.691852569580078,0,0,0,0
3904118140,2003,Concord,Township,Delaware,Property,roads,R,5,.8,702,321,68.6217041015625,31.3782958984375,3904118140,-18.6217041015625,0,0,0,0
3904118140,2006,Concord,Township,Delaware,Property,roads,R,5,1,2177,1324,62.18223190307617,37.81776809692383,3904118140,-12.182231903076172,0,0,0,0
3904118140,2008,Concord,Township,Delaware,Property,roads,R,5,.8,3159,1817,63.48472595214844,36.51527404785156,3904118140,-13.484725952148438,0,0,0,0
3904118140,2012,Concord,Township,Delaware,Property,roads,R,5,1,3183,2319,57.85169219970703,42.14830780029297,3904118140,-7.851692199707031,0,0,0,0
3904118140,2013,Concord,Township,Delaware,Property,roads,R,5,.4,1061,362,74.56078338623047,25.43921661376953,3904118140,-24.56078338623047,0,0,0,0
3904118140,2017,Concord,Township,Delaware,Property,roads,R,5,1,1589,551,74.25233459472656,25.747665405273438,3904118140,-24.252334594726563,0,0,0,0
3904118140,2018,Concord,Township,Delaware,Property,roads,R,5,.4,4059,1467,73.45276641845703,26.54723358154297,3904118140,-23.45276641845703,0,0,0,0
3904121434,2003,Delaware,City,Delaware,Income,roads,A,-999,.2,1620,2448,39.8230094909668,60.1769905090332,3921434,10.176990509033203,1,0,0,0
3904121448,1993,Delaware,Township,Delaware,Property,roads,R,5,.6,284,222,56.12648391723633,43.87351608276367,3904121448,-6.126483917236328,0,0,0,1
3904121448,1998,Delaware,Township,Delaware,Property,roads,R,5,.6,264,193,57.76805114746094,42.23194885253906,3904121448,-7.7680511474609375,0,0,0,0
3904121448,2002,Delaware,Township,Delaware,Property,roads,R,5,.6,364,267,57.68621063232422,42.31378936767578,3904121448,-7.686210632324219,0,0,0,0
3904121448,2008,Delaware,Township,Delaware,Property,roads,R,5,.6,665,635,51.153846740722656,48.846153259277344,3904121448,-1.1538467407226563,0,1,1,1
3904121448,2013,Delaware,Township,Delaware,Property,roads,R,5,.8,241,100,70.67448425292969,29.325515747070313,3904121448,-20.674484252929688,0,0,0,0
3904121448,2018,Delaware,Township,Delaware,Property,roads,R,5,.8,252,311,44.76021194458008,55.23978805541992,3904121448,5.239788055419922,1,0,0,1
3904129694,1994,Genoa,Township,Delaware,Property,roads,R,5,1,1114,755,59.60406494140625,40.39593505859375,3904129694,-9.60406494140625,0,0,0,0
3904129694,1996,Genoa,Township,Delaware,Property,roads,A,3,.5,2000,1526,56.72149658203125,43.27850341796875,3904129694,-6.72149658203125,0,0,0,1
3904129694,2002,Genoa,Township,Delaware,Property,roads,R,3,1.1,670,330,67,33,3904129694,-17,0,0,0,0
3904129694,2005,Genoa,Township,Delaware,Property,roads,R,3,.7,1828,477,79.30585479736328,20.69414520263672,3904129694,-29.30585479736328,0,0,0,0
3904129694,2008,Genoa,Township,Delaware,Property,roads,R,3,.7,7980,4679,63.03815460205078,36.96184539794922,3904129694,-13.038154602050781,0,0,0,0
3904129694,2011,Genoa,Township,Delaware,Property,roads,R,5,.7,1452,773,65.25843048095703,34.74156951904297,3904129694,-15.258430480957031,0,0,0,0
3904129694,2014,Genoa,Township,Delaware,Property,roads,R,5,1.1,4723,3917,54.66435241699219,45.33564758300781,3904129694,-4.6643524169921875,0,0,1,1
3904129694,2019,Genoa,Township,Delaware,property,roads,A,5,2.1,4305,3174,57.56117248535156,42.43882751464844,3904129694,-7.5611724853515625,0,0,0,0
3904133516,2005,Harlem,Township,Delaware,Property,roads,A,5,1.5,506,730,40.93851089477539,59.06148910522461,3904133516,9.06148910522461,1,0,0,0
3904133516,2006,Harlem,Township,Delaware,Property,roads,A,5,1.25,542,579,48.34968948364258,51.65031051635742,3904133516,1.6503105163574219,1,1,1,1
3904158618,2018,Orange,Township,Delaware,Property,roads,A,3,.5,9400,4062,69.82617950439453,30.17382049560547,3904158618,-19.82617950439453,0,0,0,0
3904158618,2019,Orange,Township,Delaware,property,roads,R,3,.5,3711,1248,74.83363342285156,25.166366577148438,3904158618,-24.833633422851563,0,0,0,0
3904159262,1994,Oxford,Township,Delaware,Property,roads,R,5,1.2,193,136,58.66261291503906,41.33738708496094,3904159262,-8.6626129150390625,0,0,0,0
3904159262,1999,Oxford,Township,Delaware,Property,roads,R,5,1.2,266,87,75.35411071777344,24.645889282226563,3904159262,-25.354110717773438,0,0,0,0
3904159262,2000,Oxford,Township,Delaware,Property,roads,R,5,1.2,375,148,71.70172119140625,28.29827880859375,3904159262,-21.70172119140625,0,0,0,0
3904159262,2005,Oxford,Township,Delaware,Property,roads,R,5,1.2,229,89,72.01258087158203,27.98741912841797,3904159262,-22.01258087158203,0,0,0,0
3904159262,2010,Oxford,Township,Delaware,Property,roads,R,5,1.2,261,115,69.4148941040039,30.585105895996094,3904159262,-19.414894104003906,0,0,0,0
3904159262,2014,Oxford,Township,Delaware,Property,roads,R,5,1.2,254,128,66.49214935302734,33.507850646972656,3904159262,-16.492149353027344,0,0,0,0
3904159262,2021,Oxford,Township,Delaware,property,roads,R,5,1.2,196,58,77.16535186767578,22.83464813232422,3904159262,-27.16535186767578,0,0,0,0
3904164178,1993,Porter,Township,Delaware,Property,roads,A,5,3,199,1109,15.214067459106445,84.78593444824219,3904164178,34.78593444824219,1,0,0,0
3904164178,2002,Porter,Township,Delaware,Property,roads,R,5,3,435,343,55.91259765625,44.08740234375,3904164178,-5.91259765625,0,0,0,1
3904164486,1993,Powell,Village,Delaware,Property,roads,A,20,1.35,1072,355,75.12263488769531,24.877365112304688,3964486,-25.122634887695313,0,0,0,0
3904164486,1996,Powell,Village,Delaware,Property,roads,A,20,1.34,790,1078,42.291221618652344,57.708778381347656,3964486,7.708778381347656,1,0,0,0
3904165312,2019,Radnor,Township,Delaware,property,roads,A,5,2.9,236,200,54.128440856933594,45.871559143066406,3904165312,-4.128440856933594,0,0,1,1
3904170842,1993,Scioto,Township,Delaware,Property,roads,R,2,2,514,310,62.378639221191406,37.621360778808594,3904170842,-12.378639221191406,0,0,0,0
3904170842,1994,Scioto,Township,Delaware,Property,roads,R,2,2,509,324,61.10444259643555,38.89555740356445,3904170842,-11.104442596435547,0,0,0,0
3904170842,1997,Scioto,Township,Delaware,Property,roads,R,2,2,512,425,54.64247512817383,45.35752487182617,3904170842,-4.642475128173828,0,0,1,1
3904170842,1998,Scioto,Township,Delaware,Property,roads,R,2,2,494,470,51.24481201171875,48.75518798828125,3904170842,-1.24481201171875,0,1,1,1
3904170842,2001,Scioto,Township,Delaware,Property,roads,R,2,2,434,391,52.60606002807617,47.39393997192383,3904170842,-2.606060028076172,0,1,1,1
3904170842,2011,Scioto,Township,Delaware,Property,roads,A,4,1,432,838,34.0157470703125,65.9842529296875,3904170842,15.9842529296875,1,0,0,0
3904171976,1996,Shawnee Hills,Village,Delaware,Property,roads,A,3,5,139,107,56.504066467285156,43.495933532714844,3971976,-6.504066467285156,0,0,0,1
3904171976,1999,Shawnee Hills,Village,Delaware,Property,roads,R,3,5,137,19,87.82051086425781,12.179489135742188,3971976,-37.82051086425781,0,0,0,0
3904171976,2002,Shawnee Hills,Village,Delaware,Property,roads,A,3,5,47,15,75.80644989013672,24.19355010986328,3971976,-25.80644989013672,0,0,0,0
3904171976,2003,Shawnee Hills,Village,Delaware,Property,roads,R,1000,5,21,9,70,30,3971976,-20,0,0,0,0
3904171976,2017,Shawnee Hills,Village,Delaware,Property,roads,A,20,.5,35,1568,2.183406114578247,97.81659698486328,3971976,47.81659698486328,1,0,0,0
3904171976,2018,Shawnee Hills,Village,Delaware,Property,roads,A,30,.8,44,4055,1.0734325647354126,98.92656707763672,3971976,48.92656707763672,1,0,0,0
3904177560,2008,Troy,Township,Delaware,Property,roads,A,5,2,204,1072,15.98746109008789,84.012542724609375,3904177560,34.012542724609375,1,0,0,0
3904305802,1993,Berlin,Township,Erie,Property,roads,R,3,1,430,274,61.07954406738281,38.92045593261719,3904305802,-11.079544067382813,0,0,0,0
3904305802,1996,Berlin,Township,Erie,Property,roads,R,5,1,818,315,72.19770812988281,27.802291870117188,3904305802,-22.197708129882813,0,0,0,0
3904305802,1999,Berlin,Township,Erie,Property,roads,R,3,1,400,129,75.61436462402344,24.385635375976563,3904305802,-25.614364624023438,0,0,0,0
3904305802,2002,Berlin,Township,Erie,Property,roads,R,3,1,574,346,62.39130401611328,37.60869598388672,3904305802,-12.391304016113281,0,0,0,0
3904305802,2003,Berlin,Township,Erie,Property,roads,A,5,1,362,372,49.31880187988281,50.68119812011719,3904305802,0.6811981201171875,1,1,1,1
3904305802,2005,Berlin,Township,Erie,Property,roads,R,3,1,505,395,56.11111068725586,43.88888931274414,3904305802,-6.111110687255859,0,0,0,1
3904305802,2008,Berlin,Township,Erie,Property,roads,R,3,1,978,499,66.215301513671875,33.784698486328125,3904305802,-16.215301513671875,0,0,0,0
3904305802,2011,Berlin,Township,Erie,Property,roads,R,3,1,712,352,66.91728973388672,33.08271026611328,3904305802,-16.91728973388672,0,0,0,0
3904305802,2014,Berlin,Township,Erie,Property,roads,R,3,1,630,267,70.23411560058594,29.765884399414063,3904305802,-20.234115600585938,0,0,0,0
3904305900,1993,Berlin Heights,Village,Erie,Property,roads,A,5,2,106,115,47.963802337646484,52.036197662353516,3905900,2.0361976623535156,1,1,1,1
3904312476,1995,Castalia,Village,Erie,Property,roads,R,5,1,185,92,66.78700256347656,33.21299743652344,3912476,-16.787002563476563,0,0,0,0
3904312476,1999,Castalia,Village,Erie,Property,roads,R,5,1,146,68,68.22429656982422,31.77570343017578,3912476,-18.22429656982422,0,0,0,0
3904312476,2004,Castalia,Village,Erie,Property,roads,R,5,1,259,188,57.94183349609375,42.05816650390625,3912476,-7.94183349609375,0,0,0,0
3904312476,2010,Castalia,Village,Erie,Property,roads,R,5,1,224,107,67.67371368408203,32.32628631591797,3912476,-17.67371368408203,0,0,0,0
3904312476,2015,Castalia,Village,Erie,Property,roads,R,5,1,216,61,77.97834014892578,22.02165985107422,3912476,-27.97834014892578,0,0,0,0
3904312476,2020,Castalia,Village,Erie,property,roads,R,5,1,317,82,79.44862365722656,20.551376342773438,3912476,-29.448623657226563,0,0,0,0
3904327482,2015,Florence,Township,Erie,Property,roads,A,5,2,409,532,43.46440124511719,56.53559875488281,3904327482,6.5355987548828125,1,0,0,1
3904327482,2016,Florence,Township,Erie,Property,roads,A,5,1,542,805,40.23756408691406,59.76243591308594,3904327482,9.7624359130859375,1,0,0,0
3904327482,2017,Berlin,Township,Erie,Property,roads,R,3,1,456,181,71.58555603027344,28.414443969726563,3904327482,-21.585556030273438,0,0,0,0
3904327482,2020,Berlin,Township,Erie,property,roads,R,3,1,1105,433,71.8465576171875,28.1534423828125,3904327482,-21.8465576171875,0,0,0,0
3904339662,1994,Kelleys Island,Village,Erie,Property,roads,R,-999,5,135,88,60.538116455078125,39.461883544921875,3939662,-10.538116455078125,0,0,0,0
3904339662,1999,Kelleys Island,Village,Erie,Property,roads,R,5,3,203,120,62.848297119140625,37.151702880859375,3939662,-12.848297119140625,0,0,0,0
3904339662,2004,Kelleys Island,Village,Erie,Property,roads,R,5,3,173,139,55.4487190246582,44.5512809753418,3939662,-5.448719024658203,0,0,0,1
3904339662,2010,Kelleys Island,Village,Erie,Property,roads,R,5,3,168,67,71.48936462402344,28.510635375976563,3939662,-21.489364624023438,0,0,0,0
3904339662,2015,Kelleys Island,Village,Erie,Property,roads,R,5,3,240,48,83.33333587646484,16.666664123535156,3939662,-33.333335876464844,0,0,0,0
3904339662,2019,Kelleys Island,Village,Erie,property,roads,R,5,3,157,26,85.79235076904297,14.207649230957031,3939662,-35.79235076904297,0,0,0,0
3904347572,1992,Margaretta,Township,Erie,Property,roads,R,5,1,528,1271,29.349637985229492,70.650360107421875,3904347572,20.650360107421875,1,0,0,0
3904347572,1993,Margaretta,Township,Erie,Property,roads,R,3,.5,1313,258,83.57733917236328,16.42266082763672,3904347572,-33.57733917236328,0,0,0,0
3904347572,1999,Margaretta,Township,Erie,Property,roads,R,-999,.5,1271,441,74.24065399169922,25.75934600830078,3904347572,-24.24065399169922,0,0,0,0
3904347572,2002,Margaretta,Township,Erie,Property,roads,R,5,.5,877,657,57.17079544067383,42.82920455932617,3904347572,-7.170795440673828,0,0,0,1
3904347572,2007,Margaretta,Township,Erie,Property,roads,R,5,.5,985,622,61.29433822631836,38.70566177368164,3904347572,-11.29433822631836,0,0,0,0
3904347572,2009,Margaretta,Township,Erie,Property,roads,A,5,1,982,487,66.84819793701172,33.15180206298828,3904347572,-16.84819793701172,0,0,0,0
3904347572,2010,Margaretta,Township,Erie,Property,roads,A,5,1,443,693,38.99647903442383,61.00352096557617,3904347572,11.003520965576172,1,0,0,0
3904347572,2011,Margaretta,Township,Erie,Property,roads,R,5,.5,1164,425,73.25361633300781,26.746383666992188,3904347572,-23.253616333007813,0,0,0,0
3904347572,2012,Margaretta,Township,Erie,Property,roads,A,5,1,762,496,60.57233810424805,39.42766189575195,3904347572,-10.572338104248047,0,0,0,0
3904347572,2013,Margaretta,Township,Erie,property,roads,A,5,1,531,308,63.28963088989258,36.71036911010742,3904347572,-13.289630889892578,0,0,0,0
3904347572,2014,Margaretta,Township,Erie,Property,roads,A,5,1,245,686,26.3157901763916,73.68421173095703,3904347572,23.68421173095703,1,0,0,0
3904347572,2017,Margaretta,Township,Erie,Property,roads,R,5,.5,1004,99,91.02447509765625,8.97552490234375,3904347572,-41.02447509765625,0,0,0,0
3904347572,2020,Margaretta,Township,Erie,property,roads,R,5,.5,1726,614,73.76068115234375,26.23931884765625,3904347572,-23.76068115234375,0,0,0,0
3904350134,1993,Milan,Village,Erie,Property,roads,R,5,4,284,1209,19.02210235595703,80.97789764404297,3950134,30.97789764404297,1,0,0,0
3904350134,1995,Milan,Village,Erie,Property,roads,A,-999,4,277,122,69.4235610961914,30.576438903808594,3950134,-19.423561096191406,0,0,0,0
3904350134,1999,Milan,Village,Erie,Property,roads,A,5,4,178,69,72.06477355957031,27.935226440429688,3950134,-22.064773559570313,0,0,0,0
3904350134,2004,Milan,Village,Erie,Property,roads,R,5,4,153,338,31.16089630126953,68.83910369873047,3950134,18.83910369873047,1,0,0,0
3904350134,2009,Milan,Village,Erie,Property,roads,R,5,4,373,146,71.86898040771484,28.131019592285156,3950134,-21.868980407714844,0,0,0,0
3904350134,2012,Milan,Village,Erie,Property,roads,R,5,4,340,224,60.283687591552734,39.716312408447266,3950134,-10.283687591552734,0,0,0,0
3904350134,2019,Milan,Village,Erie,property,roads,R,5,4,272,78,77.71428680419922,22.28571319580078,3950134,-27.71428680419922,0,0,0,0
3904361714,2016,Perkins,Township,Erie,Property,roads,R,cpt,2.75,3733,2808,57.07078552246094,42.92921447753906,3904361714,-7.0707855224609375,0,0,0,1
3904361714,2017,Perkins,Township,Erie,Property,roads,A,5,2.75,2193,881,71.34027099609375,28.65972900390625,3904361714,-21.34027099609375,0,0,0,0
3904370380,1992,Sandusky,City,Erie,Income,roads,A,-999,.25,3548,4500,44.085487365722656,55.914512634277344,3970380,5.914512634277344,1,0,0,1
3904379716,2003,Vermilion,City,Erie,Income,roads,A,1000,.25,824,2482,24.924379348754883,75.07562255859375,3979716,25.07562255859375,1,0,0,0
3904379716,2006,Vermilion,City,Erie,Income,roads,A,6,.25,903,2846,24.086423873901367,75.91357421875,3979716,25.91357421875,1,0,0,0
3904379716,2008,Vermilion,City,Erie,Income,roads,A,6,.25,1392,3473,28.612539291381836,71.38745880126953,3979716,21.38745880126953,1,0,0,0
3904379716,2012,Vermilion,City,Erie,Income,roads,A,10,.5,2050,3429,37.41558837890625,62.58441162109375,3979716,12.58441162109375,1,0,0,0
3904379716,2017,Vermilion,City,Erie,Income,roads,A,-999,.5,1279,1159,52.46103286743164,47.53896713256836,3979716,-2.4610328674316406,0,1,1,1
3904501630,1994,Amanda,Village,Fairfield,Property,roads,A,1000,3,114,105,52.05479431152344,47.94520568847656,3901630,-2.0547943115234375,0,1,1,1
3904501630,2001,Amanda,Village,Fairfield,Property,roads,R,5,3,103,100,50.738914489746094,49.261085510253906,3901630,-0.73891448974609375,0,1,1,1
3904501630,2005,Amanda,Village,Fairfield,Property,roads,R,5,3,86,105,45.02617645263672,54.97382354736328,3901630,4.973823547363281,1,0,1,1
3904501630,2006,Amanda,Village,Fairfield,Property,roads,R,5,3,80,77,50.955413818359375,49.044586181640625,3901630,-0.955413818359375,0,1,1,1
3904501630,2010,Amanda,Village,Fairfield,Property,roads,R,5,3,171,95,64.28571319580078,35.71428680419922,3901630,-14.285713195800781,0,0,0,0
3904505956,1995,Berne,Township,Fairfield,Property,roads,R,5,2,661,489,57.4782600402832,42.5217399597168,3904505956,-7.478260040283203,0,0,0,1
3904505956,1999,Berne,Township,Fairfield,Property,roads,R,5,2,489,403,54.82062911987305,45.17937088012695,3904505956,-4.820629119873047,0,0,1,1
3904505956,2004,Berne,Township,Fairfield,Property,roads,R,5,2,1009,1181,46.07305908203125,53.92694091796875,3904505956,3.92694091796875,1,0,1,1
3904505956,2005,Berne,Township,Fairfield,Property,roads,R,1000,2,905,474,65.62726593017578,34.37273406982422,3904505956,-15.627265930175781,0,0,0,0
3904506950,1993,Bloom,Township,Fairfield,Property,roads,R,5,3,1041,631,62.260765075683594,37.739234924316406,3904506950,-12.260765075683594,0,0,0,0
3904506950,1998,Bloom,Township,Fairfield,Property,roads,R,5,3,1299,1137,53.32512283325195,46.67487716674805,3904506950,-3.325122833251953,0,0,1,1
3904506950,2003,Bloom,Township,Fairfield,Property,roads,R,5,3,552,524,51.301116943359375,48.698883056640625,3904506950,-1.301116943359375,0,1,1,1
3904506950,2008,Bloom,Township,Fairfield,Property,roads,R,5,3,1772,1537,53.55092239379883,46.44907760620117,3904506950,-3.550922393798828,0,0,1,1
3904506950,2012,Bloom,Township,Fairfield,Property,roads,R,1000,3,2637,1815,59.231807708740234,40.768192291259766,3904506950,-9.231807708740234,0,0,0,0
3904508392,1991,Bremen,Village,Fairfield,Income,roads,A,-999,.5,174,265,39.635536193847656,60.364463806152344,3908392,10.364463806152344,1,0,0,0
3904508392,2019,Bremen,Village,Fairfield,property,roads,A,5,3,186,168,52.54237365722656,47.45762634277344,3908392,-2.5423736572265625,0,1,1,1
3904515686,1993,Clearcreek,Township,Fairfield,Property,roads,R,4,.5,301,231,56.578948974609375,43.421051025390625,3904515686,-6.578948974609375,0,0,0,1
3904515686,1994,Clearcreek,Township,Fairfield,Property,roads,A,5,3,343,355,49.14039993286133,50.85960006713867,3904515686,0.8596000671386719,1,1,1,1
3904515686,1995,Clearcreek,Township,Fairfield,Property,roads,R,4,.5,305,186,62.118125915527344,37.881874084472656,3904515686,-12.118125915527344,0,0,0,0
3904515686,1999,Clearcreek,Township,Fairfield,Property,roads,A,5,.5,95,66,59.00621032714844,40.99378967285156,3904515686,-9.0062103271484375,0,0,0,0
3904515686,2000,Clearcreek,Township,Fairfield,Property,roads,R,1000,3,573,525,52.185791015625,47.814208984375,3904515686,-2.185791015625,0,1,1,1
3904515686,2003,Clearcreek,Township,Fairfield,Property,roads,R,5,.5,235,252,48.25461959838867,51.74538040161133,3904515686,1.7453804016113281,1,1,1,1
3904515686,2004,Clearcreek,Township,Fairfield,Property,roads,R,5,.5,342,252,57.57575607299805,42.42424392700195,3904515686,-7.575756072998047,0,0,0,0
3904515686,2005,Clearcreek,Township,Fairfield,Property,roads,R,1000,3,442,379,53.83678436279297,46.16321563720703,3904515686,-3.8367843627929688,0,0,1,1
3904515686,2008,Clearcreek,Township,Fairfield,Property,roads,A,5,1,577,894,39.22501754760742,60.77498245239258,3904515686,10.774982452392578,1,0,0,0
3904515686,2009,Clearcreek,Township,Fairfield,Property,roads,R,5,.5,584,533,52.282901763916016,47.717098236083984,3904515686,-2.2829017639160156,0,1,1,1
3904515686,2014,Clearcreek,Township,Fairfield,Property,roads,R,5,.5,126,77,62.068965911865234,37.931034088134766,3904515686,-12.068965911865234,0,0,0,0
3904532060,1991,Greenfield,Township,Fairfield,Property,roads,R,2,1,729,397,64.7424545288086,35.257545471191406,3904532060,-14.742454528808594,0,0,0,0
3904532060,1993,Greenfield,Township,Fairfield,Property,roads,R,2,1,679,323,67.76447296142578,32.23552703857422,3904532060,-17.76447296142578,0,0,0,0
3904532060,1995,Greenfield,Township,Fairfield,Property,roads,R,2,1,738,474,60.891090393066406,39.108909606933594,3904532060,-10.891090393066406,0,0,0,0
3904532060,1997,Greenfield,Township,Fairfield,Property,roads,R,2,1,811,404,66.74897003173828,33.25102996826172,3904532060,-16.74897003173828,0,0,0,0
3904532060,1999,Greenfield,Township,Fairfield,Property,roads,R,2,1,629,249,71.64009094238281,28.359909057617188,3904532060,-21.640090942382813,0,0,0,0
3904532060,2001,Greenfield,Township,Fairfield,Property,roads,R,1000,1,739,552,57.24244689941406,42.75755310058594,3904532060,-7.2424468994140625,0,0,0,1
3904532060,2010,Greenfield,Township,Fairfield,Property,roads,A,1000,1,783,1227,38.955223083496094,61.044776916503906,3904532060,11.044776916503906,1,0,0,0
3904535812,1994,Hocking,Township,Fairfield,Property,roads,A,5,2,386,543,41.550052642822266,58.449947357177734,3904535812,8.449947357177734,1,0,0,0
3904535812,1996,Hocking,Township,Fairfield,Property,roads,A,3,1.5,561,760,42.46782684326172,57.53217315673828,3904535812,7.532173156738281,1,0,0,0
3904541720,1995,Lancaster,City,Fairfield,Property,roads,A,10,3,1836,6289,22.596923828125,77.403076171875,3941720,27.403076171875,1,0,0,0
3904541720,2013,Lancaster,City,Fairfield,Property,roads,A,10,2.9,4956,1748,73.92601776123047,26.07398223876953,3941720,-23.92601776123047,0,0,0,0
3904543120,1997,Liberty,Township,Fairfield,Property,roads,A,3,2.5,902,822,52.320186614990234,47.679813385009766,3904543120,-2.3201866149902344,0,1,1,1
3904543120,2001,Liberty,Township,Fairfield,Property,roads,A,3,2.5,380,449,45.83835983276367,54.16164016723633,3904543120,4.161640167236328,1,0,1,1
3904543120,2005,Liberty,Township,Fairfield,Property,roads,A,3,2.5,602,1113,35.1020393371582,64.89796447753906,3904543120,14.897964477539063,1,0,0,0
3904546382,1991,Madison,Township,Fairfield,Property,roads,A,3,1.5,210,244,46.25550842285156,53.74449157714844,3904546382,3.7444915771484375,1,0,1,1
3904546382,1992,Madison,Township,Fairfield,Property,roads,A,3,1.5,318,135,70.19867706298828,29.80132293701172,3904546382,-20.19867706298828,0,0,0,0
3904546382,1999,Madison,Township,Fairfield,Property,roads,A,5,3,164,99,62.35741424560547,37.64258575439453,3904546382,-12.357414245605469,0,0,0,0
3904546382,2005,Madison,Township,Fairfield,Property,roads,A,3,1,118,100,54.128440856933594,45.871559143066406,3904546382,-4.128440856933594,0,0,1,1
3904546382,2006,Madison,Township,Fairfield,Property,roads,A,3,2,332,146,69.45606994628906,30.543930053710938,3904546382,-19.456069946289063,0,0,0,0
3904546382,2009,Madison,Township,Fairfield,Property,roads,A,3,2,77,167,31.557376861572266,68.442626953125,3904546382,18.442626953125,1,0,0,0
3904546382,2012,Madison,Township,Fairfield,Property,roads,A,1000,2,227,304,42.74953079223633,57.25046920776367,3904546382,7.250469207763672,1,0,0,1
3904546382,2015,Madison,Township,Fairfield,Property,roads,A,1000,2.5,171,171,50,50,3904546382,0,0,1,1,1
3904546382,2016,Madison,Township,Fairfield,Property,roads,A,3,1.5,217,281,43.57429885864258,56.42570114135742,3904546382,6.425701141357422,1,0,0,1
3904546382,2017,Madison,Township,Fairfield,Property,roads,A,3,1.5,223,172,56.45569610595703,43.54430389404297,3904546382,-6.455696105957031,0,0,0,1
3904546382,2021,Madison,Township,Fairfield,property,roads,R,3,1.5,175,167,51.16958999633789,48.83041000366211,3904546382,-1.1695899963378906,0,1,1,1
3904550400,1994,Millersport,Village,Fairfield,Property,roads,R,5,5,211,155,57.650272369384766,42.349727630615234,3950400,-7.650272369384766,0,0,0,0
3904550400,1999,Millersport,Village,Fairfield,Property,roads,R,5,5,291,82,78.016082763671875,21.983917236328125,3950400,-28.016082763671875,0,0,0,0
3904550400,2003,Millersport,Village,Fairfield,Property,roads,R,5,5,287,171,62.66375732421875,37.33624267578125,3950400,-12.66375732421875,0,0,0,0
3904550400,2010,Millersport,Village,Fairfield,Property,roads,R,5,5,211,167,55.820106506347656,44.179893493652344,3950400,-5.820106506347656,0,0,0,1
3904550400,2014,Millersport,Village,Fairfield,Property,roads,R,1000,5,213,219,49.30555725097656,50.69444274902344,3950400,0.6944427490234375,1,1,1,1
3904569120,1992,Rush Creek,Township,Fairfield,Property,roads,R,1000,2,351,407,46.306068420410156,53.693931579589844,3904569120,3.6939315795898438,1,0,1,1
3904569120,1993,Rush Creek,Township,Fairfield,Property,roads,A,5,2,413,124,76.90875244140625,23.09124755859375,3904569120,-26.90875244140625,0,0,0,0
3904569120,1995,Rush Creek,Township,Fairfield,Property,roads,A,5,2,148,272,35.238094329833984,64.76190185546875,3904569120,14.76190185546875,1,0,0,0
3904569120,1998,Rush Creek,Township,Fairfield,Property,roads,A,5,2,216,183,54.135337829589844,45.864662170410156,3904569120,-4.135337829589844,0,0,1,1
3904569120,1999,Rush Creek,Township,Fairfield,Property,roads,R,5,2,260,416,38.46154022216797,61.53845977783203,3904569120,11.538459777832031,1,0,0,0
3904569120,2000,Rush Creek,Township,Fairfield,Property,roads,A,5,2,117,213,35.45454406738281,64.54545593261719,3904569120,14.545455932617188,1,0,0,0
3904569120,2002,Rush Creek,Township,Fairfield,Property,roads,R,5,2,274,331,45.28925704956055,54.71074295043945,3904569120,4.710742950439453,1,0,1,1
3904569120,2004,Rush Creek,Township,Fairfield,Property,roads,R,5,2,342,545,38.55693435668945,61.44306564331055,3904569120,11.443065643310547,1,0,0,0
3904569120,2006,Rush Creek,Township,Fairfield,Property,roads,R,5,2,656,454,59.099098205566406,40.900901794433594,3904569120,-9.099098205566406,0,0,0,0
3904569120,2007,Rush Creek,Township,Fairfield,Property,roads,R,1000,2,521,285,64.64019775390625,35.35980224609375,3904569120,-14.64019775390625,0,0,0,0
3904580206,1994,Violet,Township,Fairfield,Property,roads,A,5,1.5,4376,31,99.29656982421875,0.70343017578125,3904580206,-49.29656982421875,0,0,0,0
3904580206,2020,Violet,Township,Fairfield,property,roads,R,5,1.5,7983,4932,61.81184768676758,38.18815231323242,3904580206,-11.811847686767578,0,0,0,0
3904580570,2000,Walnut,Township,Fairfield,Property,roads,A,cpt,3,741,148,83.352081298828125,16.647918701171875,3904580570,-33.352081298828125,0,0,0,0
3904738598,1994,Jefferson,Township,Fayette,Property,roads,A,1000,.6,313,387,44.71428680419922,55.28571319580078,3904738598,5.285713195800781,1,0,0,1
3904781718,2000,Washington Court House,City,Fayette,Property,roads,R,-999,1,1196,1916,38.43187713623047,61.56812286376953,3981718,11.568122863769531,1,0,0,0
3904781718,2004,Washington Court House,City,Fayette,Property,roads,R,5,1,2233,3333,40.11857604980469,59.88142395019531,3981718,9.8814239501953125,1,0,0,0
3904781718,2007,Washington Court House,City,Fayette,Property,roads,R,5,1,1852,760,70.90351867675781,29.096481323242188,3981718,-20.903518676757813,0,0,0,0
3904781718,2013,Washington Court House,City,Fayette,Property,roads,R,5,1,332,936,26.182966232299805,73.81703186035156,3981718,23.817031860351563,1,0,0,0
3904906278,2002,Bexley,City,Franklin,Property,roads,A,1000,2.5,2624,2364,52.60625457763672,47.39374542236328,3906278,-2.6062545776367188,0,1,1,1
3904906278,2018,Bexley,City,Franklin,Property,roads,R,cpt,3.5,4858,2143,69.39009094238281,30.609909057617188,3906278,-19.390090942382813,0,0,0,0
3904916112,1992,Clinton,Township,Franklin,Property,roads,R,5,1,959,609,61.16071319580078,38.83928680419922,3904916112,-11.160713195800781,0,0,0,0
3904916112,2002,Clinton,Township,Franklin,Property,roads,R,5,1,529,254,67.56066131591797,32.43933868408203,3904916112,-17.56066131591797,0,0,0,0
3904916112,2005,Clinton,Township,Franklin,Property,roads,A,1000,1.5,470,217,68.41339111328125,31.58660888671875,3904916112,-18.41339111328125,0,0,0,0
3904916112,2007,Clinton,Township,Franklin,Property,roads,R,1000,1,300,195,60.60606002807617,39.39393997192383,3904916112,-10.606060028076172,0,0,0,0
3904918000,1995,Columbus,City,Franklin,Property,roads,A,16,1.3,69663,40881,63.01834487915039,36.98165512084961,3918000,-13.01834487915039,0,0,0,0
3904918000,2004,Columbus,City,Franklin,Property,roads,A,15,1.23,192527,72760,72.5730972290039,27.426902770996094,3918000,-22.573097229003906,0,0,0,0
3904918000,2008,Columbus,City,Franklin,Property,roads,A,16,2.03,220264,90495,70.879364013671875,29.120635986328125,3918000,-20.879364013671875,0,0,0,0
3904918000,2013,Columbus,City,Franklin,Property,roads,A,16,1.39,59280,28122,67.82453155517578,32.17546844482422,3918000,-17.82453155517578,0,0,0,0
3904938612,2012,Jefferson,Township,Franklin,Property,roads,A,5,1.5,2768,3041,47.65019607543945,52.34980392456055,3904938612,2.349803924560547,1,1,1,1
3904938612,2015,Jefferson,Township,Franklin,Property,roads,A,10,2.8,2152,1359,61.2930793762207,38.7069206237793,3904938612,-11.293079376220703,0,0,0,0
3904946410,2011,Madison,Township,Franklin,Property,roads,A,5,2.9,511,1240,29.18332290649414,70.816680908203125,3904946410,20.816680908203125,1,0,0,0
3904950064,2000,Mifflin,Township,Franklin,Property,roads,A,5,4,256,5576,4.3895745277404785,95.61042785644531,3904950064,45.61042785644531,1,0,0,0
3904950064,2004,Mifflin,Township,Franklin,Property,roads,A,1000,4,183,6817,2.614285707473755,97.385711669921875,3904950064,47.385711669921875,1,0,0,0
3904950064,2006,Mifflin,Township,Franklin,Property,roads,A,1000,4,160,254,38.647342681884766,61.352657318115234,3904950064,11.352657318115234,1,0,0,0
3904950064,2008,Mifflin,Township,Franklin,Property,roads,A,1000,4,104,232,30.952381134033203,69.04762268066406,3904950064,19.047622680664063,1,0,0,0
3904950064,2010,Mifflin,Township,Franklin,Property,roads,A,1000,4,512,325,61.17084884643555,38.82915115356445,3904950064,-11.170848846435547,0,0,0,0
3904961840,2001,Perry,Township,Franklin,Property,roads,R,5,1.5,1003,385,72.26224517822266,27.737754821777344,3904961840,-22.262245178222656,0,0,0,0
3904961840,2002,Perry,Township,Franklin,Property,roads,R,5,1.5,2003,30,98.52434539794922,1.4756546020507813,3904961840,-48.52434539794922,0,0,0,0
3904961840,2003,Perry,Township,Franklin,Property,roads,R,5,1.5,1253,85,93.64723205566406,6.3527679443359375,3904961840,-43.64723205566406,0,0,0,0
3904961840,2006,Perry,Township,Franklin,Property,roads,A,5,1.5,1526,692,68.80072021484375,31.19927978515625,3904961840,-18.80072021484375,0,0,0,0
3904961840,2013,Perry,Township,Franklin,Property,roads,A,5,1.5,1397,190,88.02772521972656,11.972274780273438,3904961840,-38.02772521972656,0,0,0,0
3904961840,2014,Perry,Township,Franklin,Property,roads,R,5,1.5,1395,358,79.57786560058594,20.422134399414063,3904961840,-29.577865600585938,0,0,0,0
3904961840,2015,Perry,Township,Franklin,Property,roads,R,5,1.5,788,209,79.037109375,20.962890625,3904961840,-29.037109375,0,0,0,0
3904961840,2019,Perry,Township,Franklin,property,roads,R,5,1.5,838,150,84.81781005859375,15.18218994140625,3904961840,-34.81781005859375,0,0,0,0
3904967440,2010,Riverlea,Village,Franklin,Property,roads,A,20,4.38,33,116,22.14765167236328,77.85234832763672,3967440,27.85234832763672,1,0,0,0
3904967440,2020,Riverlea,Village,Franklin,property,roads,A,5,1.5,362,81,81.715576171875,18.284423828125,3967440,-31.715576171875,0,0,0,0
3904971787,1999,Sharon,Township,Franklin,Property,roads,A,1000,2,441,257,63.18051528930664,36.81948471069336,3904971787,-13.18051528930664,0,0,0,0
3904971787,2010,Sharon,Township,Franklin,Property,roads,A,1000,3,383,291,56.82492446899414,43.17507553100586,3904971787,-6.824924468994141,0,0,0,1
3905102344,1994,Archbold,Village,Fulton,Property,roads,R,5,1,1436,487,74.67498779296875,25.32501220703125,3902344,-24.67498779296875,0,0,0,0
3905102344,1998,Archbold,Village,Fulton,Income,roads,A,5,.5,683,728,48.40538787841797,51.59461212158203,3902344,1.5946121215820313,1,1,1,1
3905102344,1999,Archbold,Village,Fulton,Income,roads,A,1000,.5,390,341,53.3515739440918,46.6484260559082,3902344,-3.351573944091797,0,0,1,1
3905102344,2004,Archbold,Village,Fulton,Property,roads,R,5,1,2385,850,73.724884033203125,26.275115966796875,3902344,-23.724884033203125,0,0,0,0
3905114072,1994,Chesterfield,Township,Fulton,Property,roads,R,5,2,244,71,77.46031951904297,22.53968048095703,3905114072,-27.46031951904297,0,0,0,0
3905114072,1999,Chesterfield,Township,Fulton,Property,roads,R,5,2,114,54,67.85713958740234,32.142860412597656,3905114072,-17.857139587402344,0,0,0,0
3905114072,2005,Chesterfield,Township,Fulton,Property,roads,R,5,2,40,20,66.66666412353516,33.333335876464844,3905114072,-16.666664123535156,0,0,0,0
3905114072,2010,Chesterfield,Township,Fulton,Property,roads,R,5,2,85,47,64.39393615722656,35.60606384277344,3905114072,-14.393936157226563,0,0,0,0
3905114072,2014,Chesterfield,Township,Fulton,Property,roads,R,5,2,176,71,71.25505828857422,28.74494171142578,3905114072,-21.25505828857422,0,0,0,0
3905114072,2020,Chesterfield,Township,Fulton,property,roads,R,5,2,336,155,68.43177032470703,31.56822967529297,3905114072,-18.43177032470703,0,0,0,0
3905116126,1991,Clinton,Township,Fulton,Property,roads,R,5,1,416,230,64.39628601074219,35.60371398925781,3905116126,-14.396286010742188,0,0,0,0
3905116126,1995,Clinton,Township,Fulton,Property,roads,R,5,1.4,315,93,77.20587921142578,22.79412078857422,3905116126,-27.20587921142578,0,0,0,0
3905116126,1998,Clinton,Township,Fulton,Property,roads,A,5,1,1356,1338,50.334075927734375,49.665924072265625,3905116126,-0.334075927734375,0,1,1,1
3905116126,2000,Clinton,Township,Fulton,Property,roads,R,5,1.4,435,201,68.39622497558594,31.603775024414063,3905116126,-18.396224975585938,0,0,0,0
3905116126,2001,Clinton,Township,Fulton,Property,roads,R,5,1,93,32,74.4000015258789,25.599998474121094,3905116126,-24.400001525878906,0,0,0,0
3905116126,2003,Clinton,Township,Fulton,Property,roads,R,5,1,680,259,72.41746520996094,27.582534790039063,3905116126,-22.417465209960938,0,0,0,0
3905116126,2005,Clinton,Township,Fulton,Property,roads,A,5,1,265,234,53.1062126159668,46.8937873840332,3905116126,-3.106212615966797,0,0,1,1
3905116126,2008,Clinton,Township,Fulton,Property,roads,R,5,1,1609,909,63.89992141723633,36.10007858276367,3905116126,-13.899921417236328,0,0,0,0
3905116126,2010,Clinton,Township,Fulton,Property,roads,R,5,1,882,375,70.16706085205078,29.83293914794922,3905116126,-20.16706085205078,0,0,0,0
3905116126,2013,Clinton,Township,Fulton,Property,roads,R,5,1,242,67,78.31715393066406,21.682846069335938,3905116126,-28.317153930664063,0,0,0,0
3905116126,2015,Clinton,Township,Fulton,Property,roads,R,5,1,197,49,80.081298828125,19.918701171875,3905116126,-30.081298828125,0,0,0,0
3905116126,2018,Clinton,Township,Fulton,Property,roads,R,5,1,750,234,76.219512939453125,23.780487060546875,3905116126,-26.219512939453125,0,0,0,0
3905116126,2019,Clinton,Township,Fulton,property,roads,R,5,1,940,386,70.889892578125,29.110107421875,3905116126,-20.889892578125,0,0,0,0
3905129036,2013,Fulton,Township,Fulton,Property,roads,A,5,.75,324,361,47.29927062988281,52.70072937011719,3905129036,2.7007293701171875,1,1,1,1
3905129036,2014,Fulton,Township,Fulton,Property,roads,A,5,.75,274,255,51.795841217041016,48.204158782958984,3905129036,-1.7958412170410156,0,1,1,1
3905129876,1994,German,Township,Fulton,Property,roads,R,5,1,1436,487,74.67498779296875,25.32501220703125,3905129876,-24.67498779296875,0,0,0,0
3905129876,1999,German,Township,Fulton,Property,roads,R,5,1,1303,438,74.842041015625,25.157958984375,3905129876,-24.842041015625,0,0,0,0
3905129876,2004,German,Township,Fulton,Property,roads,R,5,1,2385,850,73.724884033203125,26.275115966796875,3905129876,-23.724884033203125,0,0,0,0
3905129876,2009,German,Township,Fulton,Property,roads,R,5,1,337,62,84.461151123046875,15.538848876953125,3905129876,-34.461151123046875,0,0,0,0
3905129876,2014,German,Township,Fulton,Property,roads,R,5,1,443,86,83.74291229248047,16.25708770751953,3905129876,-33.74291229248047,0,0,0,0
3905129876,2018,German,Township,Fulton,Property,roads,R,5,1,1966,693,73.93756866455078,26.06243133544922,3905129876,-23.93756866455078,0,0,0,0
3905130940,1992,Gorham,Township,Fulton,Property,roads,R,5,1,298,198,60.08064651489258,39.91935348510742,3905130940,-10.080646514892578,0,0,0,0
3905130940,1998,Gorham,Township,Fulton,Property,roads,R,5,1,237,87,73.14814758300781,26.851852416992188,3905130940,-23.148147583007813,0,0,0,0
3905130940,2004,Gorham,Township,Fulton,Property,roads,A,5,.5,136,239,36.266666412353516,63.733333587646484,3905130940,13.733333587646484,1,0,0,0
3905145626,1995,Lyons,Village,Fulton,Property,roads,R,5,1,290,56,83.81502532958984,16.184974670410156,3945626,-33.815025329589844,0,0,0,0
3905145626,2011,Lyons,Village,Fulton,Property,roads,R,5,1,514,5,99.03660583496094,0.9633941650390625,3945626,-49.03660583496094,0,0,0,0
3905168896,1992,Royalton,Township,Fulton,Property,roads,R,5,1,411,100,80.43052673339844,19.569473266601563,3905168896,-30.430526733398438,0,0,0,0
3905168896,1995,Royalton,Township,Fulton,Property,roads,R,5,1,290,56,83.81502532958984,16.184974670410156,3905168896,-33.815025329589844,0,0,0,0
3905168896,2001,Royalton,Township,Fulton,Property,roads,R,5,1,248,87,74.02985382080078,25.97014617919922,3905168896,-24.02985382080078,0,0,0,0
3905168896,2006,Royalton,Township,Fulton,Property,roads,R,5,1,219,126,63.4782600402832,36.5217399597168,3905168896,-13.478260040283203,0,0,0,0
3905168896,2010,Royalton,Township,Fulton,Property,roads,R,5,1,514,105,83.03715515136719,16.962844848632813,3905168896,-33.03715515136719,0,0,0,0
3905168896,2016,Royalton,Township,Fulton,Property,roads,R,5,1,182,208,46.66666793823242,53.33333206176758,3905168896,3.333332061767578,1,0,1,1
3905175861,1999,Swan Creek,Township,Fulton,Property,roads,R,5,1,915,53,94.52479553222656,5.4752044677734375,3905175861,-44.52479553222656,0,0,0,0
3905175861,2004,Swan Creek,Township,Fulton,Property,roads,R,5,1,607,695,46.620582580566406,53.379417419433594,3905175861,3.3794174194335938,1,0,1,1
3905175861,2009,Swan Creek,Township,Fulton,Property,roads,R,5,1,109,528,17.111459732055664,82.88854217529297,3905175861,32.88854217529297,1,0,0,0
3905175861,2014,Swan Creek,Township,Fulton,Property,roads,A,5,1.25,265,685,27.894737243652344,72.10526275634766,3905175861,22.105262756347656,1,0,0,0
3905181928,2001,Wauseon,City,Fulton,Property,roads,A,5,1,1356,341,79.90571594238281,20.094284057617188,3981928,-29.905715942382813,0,0,0,0
3905181928,2005,Wauseon,City,Fulton,Property,roads,R,5,1,680,1114,37.90412521362305,62.09587478637695,3981928,12.095874786376953,1,0,0,0
3905181928,2011,Wauseon,City,Fulton,Property,roads,A,5,1,265,1636,13.940032005310059,86.059967041015625,3981928,36.059967041015625,1,0,0,0
3905187024,1999,York,Township,Fulton,Property,roads,R,5,1,189,30,86.3013687133789,13.698631286621094,3905187024,-36.301368713378906,0,0,0,0
3905187024,2006,York,Township,Fulton,Property,roads,R,5,1,118,116,50.42734909057617,49.57265090942383,3905187024,-0.4273490905761719,0,1,1,1
3905187024,2011,York,Township,Fulton,Property,roads,R,5,1,225,66,77.31958770751953,22.68041229248047,3905187024,-27.31958770751953,0,0,0,0
3905187024,2014,York,Township,Fulton,Property,roads,R,5,1,197,273,41.914894104003906,58.085105895996094,3905187024,8.085105895996094,1,0,0,0
3905187024,2018,York,Township,Fulton,Property,roads,R,5,1,347,175,66.47509765625,33.52490234375,3905187024,-16.47509765625,0,0,0,0
3905187024,2021,York,Township,Fulton,property,roads,R,5,1,178,109,62.020904541015625,37.979095458984375,3905187024,-12.020904541015625,0,0,0,0
3905502274,1999,Aquilla,Village,Geauga,Property,roads,A,5,4,59,40,59.5959587097168,40.4040412902832,3902274,-9.595958709716797,0,0,0,0
3905502274,2004,Aquilla,Village,Geauga,Property,roads,R,5,4,126,45,73.68421173095703,26.31578826904297,3902274,-23.68421173095703,0,0,0,0
3905502274,2009,Aquilla,Village,Geauga,Property,roads,R,5,4,99,28,77.9527587890625,22.0472412109375,3902274,-27.9527587890625,0,0,0,0
3905502274,2013,Aquilla,Village,Geauga,Property,roads,R,5,4,64,24,72.7272720336914,27.272727966308594,3902274,-22.727272033691406,0,0,0,0
3905502274,2019,Aquilla,Village,Geauga,property,roads,R,5,4,55,18,75.34246826171875,24.65753173828125,3902274,-25.34246826171875,0,0,0,0
3905502904,1993,Auburn,Township,Geauga,Property,roads,R,5,1,728,317,69.665069580078125,30.334930419921875,3905502904,-19.665069580078125,0,0,0,0
3905502904,1995,Auburn,Township,Geauga,Property,roads,A,5,1,430,775,35.68464660644531,64.31535339355469,3905502904,14.315353393554688,1,0,0,0
3905502904,1996,Auburn,township,Geauga,Property,roads,A,5,1,1136,1089,51.05617904663086,48.94382095336914,3905502904,-1.0561790466308594,0,1,1,1
3905502904,1998,Auburn,Township,Geauga,Property,roads,R,5,1,1158,650,64.048675537109375,35.951324462890625,3905502904,-14.048675537109375,0,0,0,0
3905502904,2000,Auburn,Township,Geauga,Property,roads,R,5,1,1777,863,67.31060791015625,32.68939208984375,3905502904,-17.31060791015625,0,0,0,0
3905502904,2001,Auburn,Township,Geauga,Property,roads,R,5,1,1480,543,73.15867614746094,26.841323852539063,3905502904,-23.158676147460938,0,0,0,0
3905502904,2003,Auburn,Township,Geauga,Property,roads,R,5,1,655,309,67.94606018066406,32.05393981933594,3905502904,-17.946060180664063,0,0,0,0
3905502904,2004,Auburn,Township,Geauga,Property,roads,A,5,1.5,1672,1775,48.50594711303711,51.49405288696289,3905502904,1.4940528869628906,1,1,1,1
3905502904,2005,Auburn,Township,Geauga,Property,roads,R,5,1,1107,712,60.85761260986328,39.14238739013672,3905502904,-10.857612609863281,0,0,0,0
3905502904,2006,Auburn,Township,Geauga,Property,roads,R,5,1,1660,1214,57.759220123291016,42.240779876708984,3905502904,-7.759220123291016,0,0,0,0
3905502904,2007,Auburn,Township,Geauga,Property,roads,R,5,1,821,613,57.25244140625,42.74755859375,3905502904,-7.25244140625,0,0,0,1
3905502904,2010,Auburn,Township,Geauga,Property,roads,R,5,1,1947,861,69.33760833740234,30.662391662597656,3905502904,-19.337608337402344,0,0,0,0
3905502904,2011,Auburn,Township,Geauga,Property,roads,R,5,1,1770,908,66.09410095214844,33.90589904785156,3905502904,-16.094100952148438,0,0,0,0
3905502904,2013,Auburn,Township,Geauga,Property,roads,R,5,1,1034,344,75.036285400390625,24.963714599609375,3905502904,-25.036285400390625,0,0,0,0
3905502904,2014,Auburn,Township,Geauga,Property,roads,A,5,2,1196,1107,51.9322624206543,48.0677375793457,3905502904,-1.9322624206542969,0,1,1,1
3905502904,2015,Auburn,Township,Geauga,Property,roads,R,5,1,1606,748,68.22429656982422,31.77570343017578,3905502904,-18.22429656982422,0,0,0,0
3905502904,2016,Auburn,Township,Geauga,Property,roads,R,5,1,2695,1291,67.61164093017578,32.38835906982422,3905502904,-17.61164093017578,0,0,0,0
3905502904,2017,Auburn,Township,Geauga,Property,roads,R,5,1,1319,540,70.9521255493164,29.047874450683594,3905502904,-20.952125549316406,0,0,0,0
3905502904,2018,Auburn,Township,Geauga,Property,roads,R,5,2,2498,941,72.63739776611328,27.36260223388672,3905502904,-22.63739776611328,0,0,0,0
3905502904,2020,Auburn,Township,Geauga,property,roads,R,5,1,3297,1082,75.2911605834961,24.708839416503906,3905502904,-25.291160583496094,0,0,0,0
3905503590,1991,Bainbridge,Township,Geauga,Property,roads,R,5,1.1,1971,1054,65.15702819824219,34.84297180175781,3905503590,-15.157028198242188,0,0,0,0
3905503590,1994,Bainbridge,Township,Geauga,Property,roads,R,5,1,2374,1129,67.7704849243164,32.229515075683594,3905503590,-17.770484924316406,0,0,0,0
3905503590,1995,Bainbridge,Township,Geauga,Property,roads,R,5,2,1969,849,69.87225341796875,30.12774658203125,3905503590,-19.87225341796875,0,0,0,0
3905503590,1996,Bainbridge,township,Geauga,Property,roads,R,5,2,3065,2107,59.26140594482422,40.73859405517578,3905503590,-9.261405944824219,0,0,0,0
3905503590,1999,Bainbridge,Township,Geauga,Property,roads,R,5,1,1064,426,71.409393310546875,28.590606689453125,3905503590,-21.409393310546875,0,0,0,0
3905503590,2000,Bainbridge,Township,Geauga,Property,roads,R,5,2,3562,1833,66.02409362792969,33.97590637207031,3905503590,-16.024093627929688,0,0,0,0
3905503590,2001,Bainbridge,Township,Geauga,Property,roads,R,5,2,2059,662,75.67070770263672,24.32929229736328,3905503590,-25.67070770263672,0,0,0,0
3905503590,2004,Bainbridge,Township,Geauga,Property,roads,R,5,1,3833,2820,57.61310577392578,42.38689422607422,3905503590,-7.613105773925781,0,0,0,0
3905503590,2005,Bainbridge,Township,Geauga,Property,roads,R,5,2,1936,1899,50.482398986816406,49.517601013183594,3905503590,-0.48239898681640625,0,1,1,1
3905503590,2006,Bainbridge,Township,Geauga,Property,roads,R,5,2,2971,2311,56.24763488769531,43.75236511230469,3905503590,-6.2476348876953125,0,0,0,1
3905503590,2009,Bainbridge,Township,Geauga,Property,roads,R,5,1,2757,1529,64.325714111328125,35.674285888671875,3905503590,-14.325714111328125,0,0,0,0
3905503590,2010,Bainbridge,Township,Geauga,Property,roads,R,5,2,3115,1945,61.56126403808594,38.43873596191406,3905503590,-11.561264038085938,0,0,0,0
3905503590,2011,Bainbridge,Township,Geauga,Property,roads,R,5,2,3047,1675,64.527740478515625,35.472259521484375,3905503590,-14.527740478515625,0,0,0,0
3905503590,2013,Bainbridge,Township,Geauga,Property,roads,R,5,1,1241,422,74.624176025390625,25.375823974609375,3905503590,-24.624176025390625,0,0,0,0
3905503590,2014,Bainbridge,Township,Geauga,Property,roads,R,5,2,3065,1060,74.30303192138672,25.69696807861328,3905503590,-24.30303192138672,0,0,0,0
3905503590,2015,Bainbridge,Township,Geauga,Property,roads,R,5,2,2972,1218,70.9307861328125,29.0692138671875,3905503590,-20.9307861328125,0,0,0,0
3905503590,2018,Bainbridge,Township,Geauga,Property,roads,R,5,1,4749,1616,74.61115264892578,25.38884735107422,3905503590,-24.61115264892578,0,0,0,0
3905503590,2019,Bainbridge,Township,Geauga,property,roads,R,5,2,1286,374,77.469879150390625,22.530120849609375,3905503590,-27.469879150390625,0,0,0,0
3905503590,2020,Bainbridge,Township,Geauga,property,roads,R,5,2,5894,2091,73.81340026855469,26.186599731445313,3905503590,-23.813400268554688,0,0,0,0
3905510436,2020,Burton,Village,Geauga,property,roads,A,5,3,456,301,60.2377815246582,39.7622184753418,3910436,-10.237781524658203,0,0,0,0
3905510464,1992,Burton,Township,Geauga,Property,roads,R,5,1.1,661,473,58.289241790771484,41.710758209228516,3905510464,-8.289241790771484,0,0,0,0
3905510464,1996,Burton,township,Geauga,Property,roads,R,5,1.1,620,555,52.76595687866211,47.23404312133789,3905510464,-2.7659568786621094,0,1,1,1
3905510464,2002,Burton,Township,Geauga,Property,roads,R,4,1.1,572,352,61.904762268066406,38.095237731933594,3905510464,-11.904762268066406,0,0,0,0
3905510464,2007,Burton,Township,Geauga,Property,roads,R,5,1.1,462,239,65.90584564208984,34.094154357910156,3905510464,-15.905845642089844,0,0,0,0
3905510464,2011,Burton,Township,Geauga,Property,roads,R,5,1.1,646,316,67.151763916015625,32.848236083984375,3905510464,-17.151763916015625,0,0,0,0
3905510464,2014,Burton,Township,Geauga,Property,roads,A,5,1.75,429,499,46.22844696044922,53.77155303955078,3905510464,3.7715530395507813,1,0,1,1
3905510464,2015,Burton,Township,Geauga,Property,roads,A,5,3,422,429,49.58871841430664,50.41128158569336,3905510464,0.4112815856933594,1,1,1,1
3905510464,2016,Burton,Township,Geauga,Property,roads,A,5,3,461,431,51.68161392211914,48.31838607788086,3905510464,-1.6816139221191406,0,1,1,1
3905510464,2020,Burton,Township,Geauga,property,roads,R,5,3,1053,412,71.87713623046875,28.12286376953125,3905510464,-21.87713623046875,0,0,0,0
3905510464,2021,Burton,Township,Geauga,property,roads,R,5,1.1,194,76,71.85185241699219,28.148147583007813,3905510464,-21.851852416992188,0,0,0,0
3905513554,2021,Chardon,Township,Geauga,property,roads,A,5,2.75,643,749,46.192527770996094,53.807472229003906,3905513554,3.8074722290039063,1,0,1,1
3905513561,1993,Chardon,Township,Geauga,Property,roads,R,5,4,792,373,67.98283386230469,32.01716613769531,3905513561,-17.982833862304688,0,0,0,0
3905513561,1998,Chardon,Township,Geauga,Property,roads,R,5,4,1105,719,60.581138610839844,39.418861389160156,3905513561,-10.581138610839844,0,0,0,0
3905513561,2002,Chardon,Township,Geauga,Property,roads,R,5,2,946,910,50.969825744628906,49.030174255371094,3905513561,-0.96982574462890625,0,1,1,1
3905513561,2007,Chardon,Township,Geauga,Property,roads,R,5,2,792,427,64.9712905883789,35.028709411621094,3905513561,-14.971290588378906,0,0,0,0
3905513561,2012,Chardon,Township,Geauga,Property,roads,R,5,2,1807,1009,64.169036865234375,35.830963134765625,3905513561,-14.169036865234375,0,0,0,0
3905513561,2016,Chardon,Township,Geauga,Property,roads,A,3,3,1298,1563,45.368751525878906,54.631248474121094,3905513561,4.631248474121094,1,0,1,1
3905513561,2017,Chardon,Township,Geauga,Property,roads,R,5,2,1210,510,70.34883880615234,29.651161193847656,3905513561,-20.348838806152344,0,0,0,0
3905513988,1993,Chester,Township,Geauga,Property,roads,R,5,1.5,1741,951,64.67310333251953,35.32689666748047,3905513988,-14.673103332519531,0,0,0,0
3905513988,1994,Chester,Township,Geauga,Property,roads,R,5,1,3010,1458,67.367950439453125,32.632049560546875,3905513988,-17.367950439453125,0,0,0,0
3905513988,1995,Chester,Township,Geauga,Property,roads,R,5,1.5,1992,930,68.1724853515625,31.8275146484375,3905513988,-18.1724853515625,0,0,0,0
3905513988,1998,Chester,Township,Geauga,Property,roads,R,5,1.5,2859,1555,64.77117919921875,35.22882080078125,3905513988,-14.77117919921875,0,0,0,0
3905513988,1999,Chester,Township,Geauga,Property,roads,R,5,1,2018,1020,66.42527770996094,33.57472229003906,3905513988,-16.425277709960938,0,0,0,0
3905513988,2000,Chester,Township,Geauga,Property,roads,R,5,1.5,3501,1869,65.1955337524414,34.804466247558594,3905513988,-15.195533752441406,0,0,0,0
3905513988,2003,Chester,Township,Geauga,Property,roads,R,5,1.5,2030,1412,58.97733688354492,41.02266311645508,3905513988,-8.977336883544922,0,0,0,0
3905513988,2004,Chester,Township,Geauga,Property,roads,R,5,1,3444,2885,54.41617965698242,45.58382034301758,3905513988,-4.416179656982422,0,0,1,1
3905513988,2005,Chester,Township,Geauga,Property,roads,R,5,1.5,2637,1326,66.540496826171875,33.459503173828125,3905513988,-16.540496826171875,0,0,0,0
3905513988,2008,Chester,Township,Geauga,Property,roads,A,5,.7,2078,1956,51.51214599609375,48.48785400390625,3905513988,-1.51214599609375,0,1,1,1
3905513988,2009,Chester,Township,Geauga,Property,roads,R,5,1,2881,1305,68.82465362548828,31.17534637451172,3905513988,-18.82465362548828,0,0,0,0
3905513988,2010,Chester,Township,Geauga,Property,roads,R,5,1.5,2825,1753,61.708168029785156,38.291831970214844,3905513988,-11.708168029785156,0,0,0,0
3905513988,2013,Chester,Township,Geauga,Property,roads,R,5,1.5,2133,867,71.0999984741211,28.900001525878906,3905513988,-21.099998474121094,0,0,0,0
3905513988,2014,Chester,Township,Geauga,Property,roads,A,5,2,1547,2242,40.82871627807617,59.17128372192383,3905513988,9.171283721923828,1,0,0,0
3905513988,2015,Chester,Township,Geauga,Property,roads,R,5,1.5,2904,1028,73.85554504394531,26.144454956054688,3905513988,-23.855545043945313,0,0,0,0
3905513988,2016,Chester,Township,Geauga,Property,roads,A,5,2.5,2243,1699,56.90005111694336,43.09994888305664,3905513988,-6.900051116943359,0,0,0,1
3905513988,2018,Chester,Township,Geauga,Property,roads,R,cpt,1,3941,1172,77.078033447265625,22.921966552734375,3905513988,-27.078033447265625,0,0,0,0
3905513988,2019,Chester,Township,Geauga,property,roads,R,5,1.5,1826,819,69.035919189453125,30.964080810546875,3905513988,-19.035919189453125,0,0,0,0
3905513988,2020,Chester,Township,Geauga,property,roads,R,5,2.5,4735,1762,72.879791259765625,27.120208740234375,3905513988,-22.879791259765625,0,0,0,0
3905515168,1991,Claridon,Township,Geauga,Property,roads,A,5,2.4,307,270,53.20623779296875,46.79376220703125,3905515168,-3.20623779296875,0,0,1,1
3905515168,1997,Claridon,Township,Geauga,Property,roads,R,5,2.4,442,351,55.73770523071289,44.26229476928711,3905515168,-5.737705230712891,0,0,0,1
3905515168,2002,Claridon,Township,Geauga,Property,roads,R,5,2.4,601,366,62.15098190307617,37.84901809692383,3905515168,-12.150981903076172,0,0,0,0
3905515168,2007,Claridon,Township,Geauga,Property,roads,R,5,2.4,388,206,65.31986236572266,34.680137634277344,3905515168,-15.319862365722656,0,0,0,0
3905515168,2011,Claridon,Township,Geauga,Property,roads,R,5,2.4,665,366,64.50048828125,35.49951171875,3905515168,-14.50048828125,0,0,0,0
3905515168,2014,Claridon,Township,Geauga,Property,roads,A,5,2,417,576,41.99395751953125,58.00604248046875,3905515168,8.00604248046875,1,0,0,0
3905515168,2015,Claridon,Township,Geauga,Property,roads,A,5,2,472,490,49.064449310302734,50.935550689697266,3905515168,0.9355506896972656,1,1,1,1
3905515168,2016,Claridon,Township,Geauga,Property,roads,A,5,2,469,529,46.993988037109375,53.006011962890625,3905515168,3.006011962890625,1,0,1,1
3905515168,2021,Claridon,Township,Geauga,property,roads,A,5,1.76,229,269,45.98393630981445,54.01606369018555,3905515168,4.016063690185547,1,0,1,1
3905532914,1994,Hambden,Township,Geauga,Property,roads,R,5,.8,841,350,70.61293029785156,29.387069702148438,3905532914,-20.612930297851563,0,0,0,0
3905532914,1998,Hambden,Township,Geauga,Property,roads,R,5,1,636,602,51.37318420410156,48.62681579589844,3905532914,-1.3731842041015625,0,1,1,1
3905532914,2003,Hambden,Township,Geauga,Property,roads,R,5,.8,712,381,65.141815185546875,34.858184814453125,3905532914,-15.141815185546875,0,0,0,0
3905532914,2008,Hambden,Township,Geauga,Property,roads,R,5,1,1466,1005,59.328208923339844,40.671791076660156,3905532914,-9.328208923339844,0,0,0,0
3905532914,2009,Hambden,Township,Geauga,Property,roads,R,5,.8,1012,476,68.01074981689453,31.98925018310547,3905532914,-18.01074981689453,0,0,0,0
3905532914,2013,Hambden,Township,Geauga,Property,roads,R,5,1,954,519,64.76578521728516,35.234214782714844,3905532914,-14.765785217285156,0,0,0,0
3905536946,1994,Huntsburg,Township,Geauga,Property,roads,R,5,1.5,356,262,57.60517883300781,42.39482116699219,3905536946,-7.6051788330078125,0,0,0,0
3905536946,1995,Huntsburg,Township,Geauga,Property,roads,A,5,3,245,232,51.3626823425293,48.6373176574707,3905536946,-1.3626823425292969,0,1,1,1
3905536946,1998,Huntsburg,Township,Geauga,Property,roads,R,5,1.5,361,275,56.76100540161133,43.23899459838867,3905536946,-6.761005401611328,0,0,0,1
3905536946,2000,Huntsburg,Township,Geauga,Property,roads,R,5,3,557,269,67.43341064453125,32.56658935546875,3905536946,-17.43341064453125,0,0,0,0
3905536946,2003,Huntsburg,Township,Geauga,Property,roads,R,5,1.5,253,166,60.38186264038086,39.61813735961914,3905536946,-10.38186264038086,0,0,0,0
3905536946,2005,Huntsburg,Township,Geauga,Property,roads,R,5,3,478,597,44.46511459350586,55.53488540649414,3905536946,5.534885406494141,1,0,0,1
3905536946,2006,Huntsburg,Township,Geauga,Property,roads,A,5,3,460,491,48.37013626098633,51.62986373901367,3905536946,1.6298637390136719,1,1,1,1
3905536946,2007,Huntsburg,Township,Geauga,Property,roads,R,5,3,280,263,51.56537628173828,48.43462371826172,3905536946,-1.5653762817382813,0,1,1,1
3905536946,2008,Huntsburg,Township,Geauga,Property,roads,R,5,1.5,641,418,60.52880096435547,39.47119903564453,3905536946,-10.528800964355469,0,0,0,0
3905536946,2012,Huntsburg,Township,Geauga,Property,roads,R,5,3,651,429,60.27777862548828,39.72222137451172,3905536946,-10.277778625488281,0,0,0,0
3905536946,2014,Huntsburg,Township,Geauga,Property,roads,R,5,1.5,429,220,66.10169219970703,33.89830780029297,3905536946,-16.10169219970703,0,0,0,0
3905536946,2015,Huntsburg,Township,Geauga,Property,roads,A,5,7,270,444,37.81512451171875,62.18487548828125,3905536946,12.18487548828125,1,0,0,0
3905536946,2016,Huntsburg,Township,Geauga,Property,roads,R,5,3,696,365,65.59849548339844,34.40150451660156,3905536946,-15.598495483398438,0,0,0,0
3905536946,2019,Huntsburg,Township,Geauga,property,roads,R,5,1.5,265,165,61.627906799316406,38.372093200683594,3905536946,-11.627906799316406,0,0,0,0
3905536946,2021,Huntsburg,Township,Geauga,property,roads,R,5,3,216,155,58.22102355957031,41.77897644042969,3905536946,-8.2210235595703125,0,0,0,0
3905549700,1992,Middlefield,Village,Geauga,Income,roads,A,N/A,.25,561,422,57.070194244384766,42.929805755615234,3949700,-7.070194244384766,0,0,0,1
3905549714,1993,Middlefield,Township,Geauga,Property,roads,A,5,2.5,249,299,45.437957763671875,54.562042236328125,3905549714,4.562042236328125,1,0,1,1
3905549714,1994,Middlefield,Township,Geauga,Property,roads,A,4,2.5,387,584,39.85581970214844,60.14418029785156,3905549714,10.144180297851563,1,0,0,0
3905549714,1997,Middlefield,Township,Geauga,Property,roads,A,5,2,131,200,39.5770378112793,60.4229621887207,3905549714,10.422962188720703,1,0,0,0
3905549714,1998,Middlefield,Township,Geauga,Property,roads,R,5,1.5,259,441,37,63,3905549714,13,1,0,0,0
3905549714,2001,Middlefield,Township,Geauga,Property,roads,A,5,1.65,246,181,57.61124038696289,42.38875961303711,3905549714,-7.611240386962891,0,0,0,0
3905549714,2002,Middlefield,Township,Geauga,Property,roads,R,5,2.5,307,574,34.846763610839844,65.15323638916016,3905549714,15.153236389160156,1,0,0,0
3905549714,2007,Middlefield,Township,Geauga,Property,roads,A,5,.5,236,174,57.56097412109375,42.43902587890625,3905549714,-7.56097412109375,0,0,0,0
3905549714,2008,Middlefield,Township,Geauga,Property,roads,R,5,2.5,387,787,32.96422576904297,67.03577423095703,3905549714,17.03577423095703,1,0,0,0
3905549714,2009,Middlefield,Township,Geauga,Property,roads,A,5,2.5,338,328,50.75075149536133,49.24924850463867,3905549714,-0.7507514953613281,0,1,1,1
3905549714,2011,Middlefield,Township,Geauga,Property,roads,A,5,2.5,205,62,76.7790298461914,23.220970153808594,3905549714,-26.779029846191406,0,0,0,0
3905549714,2012,Middlefield,Township,Geauga,Property,roads,R,5,2.5,357,342,51.072959899902344,48.927040100097656,3905549714,-1.0729598999023438,0,1,1,1
3905549714,2013,Middlefield,Township,Geauga,Property,roads,R,5,2.5,88,326,21.256038665771484,78.74395751953125,3905549714,28.74395751953125,1,0,0,0
3905549714,2017,Middlefield,Township,Geauga,Property,roads,A,5,2.5,253,188,57.36961364746094,42.63038635253906,3905549714,-7.3696136474609375,0,0,0,1
3905549714,2021,Middlefield,Township,Geauga,property,roads,R,5,2.5,120,46,72.289154052734375,27.710845947265625,3905549714,-22.289154052734375,0,0,0,0
3905551842,1991,Montville,Township,Geauga,Property,roads,A,5,1.5,375,252,59.80861282348633,40.19138717651367,3905551842,-9.808612823486328,0,0,0,0
3905551842,1992,Montville,Township,Geauga,Property,roads,R,5,1,606,617,49.55028533935547,50.44971466064453,3905551842,0.44971466064453125,1,1,1,1
3905551842,1997,Montville,Township,Geauga,Property,roads,R,5,1.3,374,253,59.64912414550781,40.35087585449219,3905551842,-9.6491241455078125,0,0,0,0
3905551842,2002,Montville,Township,Geauga,Property,roads,R,5,1.3,403,228,63.866878509521484,36.133121490478516,3905551842,-13.866878509521484,0,0,0,0
3905551842,2004,Montville,Township,Geauga,Property,roads,R,5,1.3,219,349,38.556339263916016,61.443660736083984,3905551842,11.443660736083984,1,0,0,0
3905551842,2010,Montville,Township,Geauga,Property,roads,R,5,1,655,238,73.3482666015625,26.6517333984375,3905551842,-23.3482666015625,0,0,0,0
3905551842,2014,Montville,Township,Geauga,Property,roads,R,5,1,546,228,70.542633056640625,29.457366943359375,3905551842,-20.542633056640625,0,0,0,0
3905551842,2019,Montville,Township,Geauga,property,roads,A,5,1.5,234,261,47.272727966308594,52.727272033691406,3905551842,2.7272720336914063,1,1,1,1
3905551842,2020,Montville,Township,Geauga,property,roads,A,5,1.5,606,522,53.72340393066406,46.27659606933594,3905551842,-3.7234039306640625,0,0,1,1
3905553340,1991,Munson,Township,Geauga,Property,roads,R,5,2,2592,29,98.8935546875,1.1064453125,3905553340,-48.8935546875,0,0,0,0
3905553340,1994,Munson,Township,Geauga,Property,roads,A,1000,2,686,766,47.24517822265625,52.75482177734375,3905553340,2.75482177734375,1,1,1,1
3905553340,1996,Munson,Township,Geauga,Property,roads,A,5,2,788,1076,42.27467727661133,57.72532272338867,3905553340,7.725322723388672,1,0,0,0
3905553340,1998,Munson,Township,Geauga,Property,roads,R,5,2.1,1423,766,65.00685119628906,34.99314880371094,3905553340,-15.006851196289063,0,0,0,0
3905553340,1999,Munson,Township,Geauga,Property,roads,A,1000,1.5,537,488,52.39024353027344,47.60975646972656,3905553340,-2.3902435302734375,0,1,1,1
3905553340,2000,Munson,Township,Geauga,Property,roads,R,5,2.1,999,1482,40.266021728515625,59.733978271484375,3905553340,9.733978271484375,1,0,0,0
3905553340,2003,Munson,Township,Geauga,Property,roads,R,5,1,1025,502,67.12508392333984,32.874916076660156,3905553340,-17.125083923339844,0,0,0,0
3905553340,2004,Munson,Township,Geauga,Property,roads,R,5,1,1725,1591,52.0205078125,47.9794921875,3905553340,-2.0205078125,0,1,1,1
3905553340,2005,Munson,Township,Geauga,Property,roads,R,5,2,2092,1071,66.139739990234375,33.860260009765625,3905553340,-16.139739990234375,0,0,0,0
3905553340,2007,Munson,Township,Geauga,Property,roads,A,5,1,1282,554,69.8257064819336,30.174293518066406,3905553340,-19.825706481933594,0,0,0,0
3905553340,2009,Munson,Township,Geauga,Property,roads,A,5,.75,869,621,58.322147369384766,41.677852630615234,3905553340,-8.322147369384766,0,0,0,0
3905553340,2010,Munson,Township,Geauga,Property,roads,R,5,2.1,1545,982,61.13969039916992,38.86030960083008,3905553340,-11.139690399169922,0,0,0,0
3905553340,2013,Munson,Township,Geauga,Property,roads,R,5,.75,2449,608,80.11122131347656,19.888778686523438,3905553340,-30.111221313476563,0,0,0,0
3905553340,2014,Munson,Township,Geauga,Property,roads,R,5,2,1670,584,74.09050750732422,25.90949249267578,3905553340,-24.09050750732422,0,0,0,0
3905553340,2015,Munson,Township,Geauga,Property,roads,R,5,2.1,1848,667,73.4791259765625,26.5208740234375,3905553340,-23.4791259765625,0,0,0,0
3905553340,2018,Munson,Township,Geauga,Property,roads,R,5,.75,1679,836,66.75944519042969,33.24055480957031,3905553340,-16.759445190429688,0,0,0,0
3905553340,2019,Munson,Township,Geauga,property,roads,R,5,2.1,1986,712,73.6100845336914,26.389915466308594,3905553340,-23.610084533691406,0,0,0,0
3905553340,2021,Munson,Township,Geauga,property,roads,R,5,.75,1394,587,70.368499755859375,29.631500244140625,3905553340,-20.368499755859375,0,0,0,0
3905554292,1993,Newbury,Township,Geauga,Property,roads,R,5,2,1757,79,95.6971664428711,4.302833557128906,3905554292,-45.697166442871094,0,0,0,0
3905554292,1994,Newbury,Township,Geauga,Property,roads,R,5,2.2,1244,311,80,20,3905554292,-30,0,0,0,0
3905554292,1998,Newbury,Township,Geauga,Property,roads,R,5,2.8,715,640,52.76752853393555,47.23247146606445,3905554292,-2.767528533935547,0,1,1,1
3905554292,2000,Newbury,Township,Geauga,Property,roads,R,5,2.2,1205,751,61.605316162109375,38.394683837890625,3905554292,-11.605316162109375,0,0,0,0
3905554292,2002,Newbury,Township,Geauga,Property,roads,R,5,2.8,1322,322,80.41362762451172,19.58637237548828,3905554292,-30.41362762451172,0,0,0,0
3905554292,2004,Newbury,Township,Geauga,Property,roads,R,1000,1.9,707,1943,26.679244995117188,73.32075500488281,3905554292,23.320755004882813,1,0,0,0
3905554292,2005,Newbury,Township,Geauga,Property,roads,R,5,2.8,1810,855,67.917449951171875,32.082550048828125,3905554292,-17.917449951171875,0,0,0,0
3905554292,2010,Newbury,Township,Geauga,Property,roads,R,5,1.9,1107,865,56.135902404785156,43.864097595214844,3905554292,-6.135902404785156,0,0,0,1
3905554292,2014,Newbury,Township,Geauga,Property,roads,R,5,2,1047,586,64.11512756347656,35.88487243652344,3905554292,-14.115127563476563,0,0,0,0
3905554292,2016,Newbury,Township,Geauga,Property,roads,R,5,1.9,1875,1043,64.25634002685547,35.74365997314453,3905554292,-14.256340026855469,0,0,0,0
3905554292,2021,Newbury,Township,Geauga,property,roads,R,cpt,1.9,940,501,65.23247528076172,34.76752471923828,3905554292,-15.232475280761719,0,0,0,0
3905559948,1991,Parkman,Township,Geauga,Property,roads,R,5,.9,560,110,83.58209228515625,16.41790771484375,3905559948,-33.58209228515625,0,0,0,0
3905559948,1992,Parkman,Township,Geauga,Property,roads,A,5,2,308,284,52.02702713012695,47.97297286987305,3905559948,-2.027027130126953,0,1,1,1
3905559948,1994,Parkman,Township,Geauga,Property,roads,R,5,1.8,334,219,60.397830963134766,39.602169036865234,3905559948,-10.397830963134766,0,0,0,0
3905559948,1997,Parkman,Township,Geauga,Property,roads,R,5,.9,410,182,69.25675964355469,30.743240356445313,3905559948,-19.256759643554688,0,0,0,0
3905559948,1999,Parkman,Township,Geauga,Property,roads,R,5,1.8,308,157,66.23655700683594,33.76344299316406,3905559948,-16.236557006835938,0,0,0,0
3905559948,2000,Parkman,Township,Geauga,Property,roads,R,5,.9,387,276,58.37104034423828,41.62895965576172,3905559948,-8.371040344238281,0,0,0,0
3905559948,2004,Parkman,Township,Geauga,Property,roads,A,5,2.5,183,394,31.715770721435547,68.28422546386719,3905559948,18.284225463867188,1,0,0,0
3905559948,2005,Parkman,Township,Geauga,Property,roads,R,5,.9,572,249,69.67113494873047,30.32886505126953,3905559948,-19.67113494873047,0,0,0,0
3905559948,2008,Parkman,Township,Geauga,Property,roads,A,5,1.5,304,320,48.71794891357422,51.28205108642578,3905559948,1.2820510864257813,1,1,1,1
3905559948,2010,Parkman,Township,Geauga,Property,roads,A,5,1.5,325,376,46.36233901977539,53.63766098022461,3905559948,3.6376609802246094,1,0,1,1
3905559948,2013,Parkman,Township,Geauga,Property,roads,R,5,1.5,666,175,79.191436767578125,20.808563232421875,3905559948,-29.191436767578125,0,0,0,0
3905559948,2014,Parkman,Township,Geauga,Property,roads,R,5,.9,262,204,56.223175048828125,43.776824951171875,3905559948,-6.223175048828125,0,0,0,1
3905559948,2017,Parkman,Township,Geauga,Property,roads,A,5,7,284,181,61.07526779174805,38.92473220825195,3905559948,-11.075267791748047,0,0,0,0
3905559948,2018,Parkman,Township,Geauga,Property,roads,A,5,2,299,259,53.584228515625,46.415771484375,3905559948,-3.584228515625,0,0,1,1
3905559948,2020,Parkman,Township,Geauga,property,roads,R,cpt,2,730,372,66.243194580078125,33.756805419921875,3905559948,-16.243194580078125,0,0,0,0
3905569232,1994,Russell,Township,Geauga,Property,roads,R,5,1.8,2268,621,78.504669189453125,21.495330810546875,3905569232,-28.504669189453125,0,0,0,0
3905569232,1997,Russell,Township,Geauga,Property,roads,R,5,2.75,1831,2336,43.94048309326172,56.05951690673828,3905569232,6.059516906738281,1,0,0,1
3905569232,2001,Russell,Township,Geauga,Property,roads,R,5,2.75,1298,1139,53.26220703125,46.73779296875,3905569232,-3.26220703125,0,0,1,1
3905569232,2004,Russell,Township,Geauga,Property,roads,R,5,1.8,1596,1816,46.776084899902344,53.223915100097656,3905569232,3.2239151000976563,1,0,1,1
3905569232,2006,Russell,Township,Geauga,Property,roads,R,5,2.75,2041,900,69.398162841796875,30.601837158203125,3905569232,-19.398162841796875,0,0,0,0
3905569232,2008,Russell,Township,Geauga,Property,roads,R,5,1.8,1281,1022,55.62310028076172,44.37689971923828,3905569232,-5.623100280761719,0,0,0,1
3905569232,2011,Russell,Township,Geauga,Property,roads,R,5,2.75,1931,951,67.00208282470703,32.99791717529297,3905569232,-17.00208282470703,0,0,0,0
3905569232,2013,Russell,Township,Geauga,Property,roads,R,5,1.8,2352,610,79.40580749511719,20.594192504882813,3905569232,-29.405807495117188,0,0,0,0
3905569232,2016,Russell,Township,Geauga,Property,roads,R,5,2.75,1754,1290,57.621551513671875,42.378448486328125,3905569232,-7.621551513671875,0,0,0,0
3905569232,2017,Russell,Township,Geauga,Property,roads,A,cpt,1.4,2127,835,71.80958557128906,28.190414428710938,3905569232,-21.809585571289063,0,0,0,0
3905569232,2018,Russell,Township,Geauga,Property,roads,R,cpt,2.75,2310,2087,52.53582000732422,47.46417999267578,3905569232,-2.5358200073242188,0,1,1,1
3905573684,2018,South Russell,Village,Geauga,Property,roads,A,5,1.5,682,462,59.61538314819336,40.38461685180664,3973684,-9.61538314819336,0,0,0,0
3905573684,2021,South Russell,Village,Geauga,property,roads,R,5,1.5,1215,272,81.70813751220703,18.29186248779297,3973684,-31.70813751220703,0,0,0,0
3905576628,1993,Thompson,Township,Geauga,Property,roads,R,5,2.35,487,221,68.785308837890625,31.214691162109375,3905576628,-18.785308837890625,0,0,0,0
3905576628,1995,Thompson,Township,Geauga,Property,roads,R,5,1,263,450,36.88639450073242,63.11360549926758,3905576628,13.113605499267578,1,0,0,0
3905576628,1999,Thompson,Township,Geauga,Property,roads,R,5,2.35,353,419,45.72538757324219,54.27461242675781,3905576628,4.2746124267578125,1,0,1,1
3905576628,2000,Thompson,Township,Geauga,Property,roads,R,5,1,395,525,42.934783935546875,57.065216064453125,3905576628,7.065216064453125,1,0,0,1
3905576628,2001,Thompson,Township,Geauga,Property,roads,R,5,4,400,320,55.55555725097656,44.44444274902344,3905576628,-5.5555572509765625,0,0,0,1
3905576628,2003,Thompson,Township,Geauga,Property,roads,A,5,4,327,199,62.167301177978516,37.832698822021484,3905576628,-12.167301177978516,0,0,0,0
3905576628,2004,Thompson,Township,Geauga,Property,roads,R,5,2.35,357,445,44.51371383666992,55.48628616333008,3905576628,5.486286163330078,1,0,0,1
3905576628,2007,Thompson,Township,Geauga,Property,roads,R,5,2.35,573,270,67.971527099609375,32.028472900390625,3905576628,-17.971527099609375,0,0,0,0
3905576628,2008,Thompson,Township,Geauga,Property,roads,R,5,1,322,479,40.19974899291992,59.80025100708008,3905576628,9.800251007080078,1,0,0,0
3905576628,2010,Thompson,Township,Geauga,Property,roads,R,5,1,375,195,65.78947448730469,34.21052551269531,3905576628,-15.789474487304688,0,0,0,0
3905576628,2012,Thompson,Township,Geauga,Property,roads,R,5,2.35,429,417,50.70922088623047,49.29077911376953,3905576628,-0.70922088623046875,0,1,1,1
3905576628,2015,Thompson,Township,Geauga,Property,roads,R,5,1,787,416,65.41978454589844,34.58021545410156,3905576628,-15.419784545898438,0,0,0,0
3905576628,2021,Thompson,Township,Geauga,property,roads,R,5,2.35,154,98,61.11111068725586,38.88888931274414,3905576628,-11.11111068725586,0,0,0,0
3905577574,1999,Troy,Township,Geauga,Property,roads,R,5,5,331,157,67.82786560058594,32.17213439941406,3905577574,-17.827865600585938,0,0,0,0
3905577574,2004,Troy,Township,Geauga,Property,roads,R,5,5,334,453,42.43964385986328,57.56035614013672,3905577574,7.560356140136719,1,0,0,0
3905577574,2005,Troy,Township,Geauga,Property,roads,R,5,5,653,184,78.0167236328125,21.9832763671875,3905577574,-28.0167236328125,0,0,0,0
3905577574,2010,Troy,Township,Geauga,Property,roads,R,5,5,466,207,69.24220275878906,30.757797241210938,3905577574,-19.242202758789063,0,0,0,0
3905577574,2015,Troy,Township,Geauga,Property,roads,R,5,5,523,139,79.003021240234375,20.996978759765625,3905577574,-29.003021240234375,0,0,0,0
3905577574,2019,Troy,Township,Geauga,property,roads,R,5,5,370,161,69.67984771728516,30.320152282714844,3905577574,-19.679847717285156,0,0,0,0
3905704220,2016,Bath,Township,Greene,Property,roads,A,5,2.2,1200,912,56.818180084228516,43.181819915771484,3905704220,-6.818180084228516,0,0,0,1
3905704220,2020,Bath,Township,Greene,property,roads,R,5,2.2,1119,666,62.6890754699707,37.3109245300293,3905704220,-12.689075469970703,0,0,0,0
3905704720,1991,Beavercreek,City,Greene,Property,roads,A,5,2.2,6577,3715,63.90400314331055,36.09599685668945,3904720,-13.904003143310547,0,0,0,0
3905704720,1992,Beavercreek,City,Greene,Property,roads,R,5,1,9474,7963,54.332740783691406,45.667259216308594,3904720,-4.332740783691406,0,0,1,1
3905704720,1998,Beavercreek,City,Greene,Property,roads,R,1000,1,4970,3452,59.01211166381836,40.98788833618164,3904720,-9.01211166381836,0,0,0,0
3905704720,2001,Beavercreek,City,Greene,Property,roads,R,5,1.9,10318,4970,67.4908447265625,32.5091552734375,3904720,-17.4908447265625,0,0,0,0
3905704720,2003,Beavercreek,City,Greene,Property,roads,R,5,1,6163,3755,62.13954544067383,37.86045455932617,3904720,-12.139545440673828,0,0,0,0
3905704720,2006,Beavercreek,City,Greene,Property,roads,R,5,1.9,2387,3385,41.35481643676758,58.64518356323242,3904720,8.645183563232422,1,0,0,0
3905704720,2008,Beavercreek,City,Greene,Property,roads,R,5,1,11243,5804,65.95295715332031,34.04704284667969,3904720,-15.952957153320313,0,0,0,0
3905704720,2011,Beavercreek,City,Greene,Property,roads,R,5,1.9,5043,4372,53.56346130371094,46.43653869628906,3904720,-3.5634613037109375,0,0,1,1
3905704720,2013,Beavercreek,City,Greene,Property,roads,R,5,1,9655,3794,71.78972625732422,28.21027374267578,3904720,-21.78972625732422,0,0,0,0
3905704720,2014,Beavercreek,City,Greene,Property,roads,A,5,2,4256,3869,52.38153839111328,47.61846160888672,3904720,-2.3815383911132813,0,1,1,1
3905704720,2016,Beavercreek,City,Greene,Property,roads,R,5,3.4,8704,7608,53.35948944091797,46.64051055908203,3904720,-3.3594894409179688,0,0,1,1
3905704720,2017,Beavercreek,City,Greene,Property,roads,R,cpt,1,8598,3222,72.741119384765625,27.258880615234375,3904720,-22.741119384765625,0,0,0,0
3905704720,2021,Beavercreek,City,Greene,property,roads,R,cpt,3.4,8302,2588,76.235076904296875,23.764923095703125,3904720,-26.235076904296875,0,0,0,0
3905704724,1991,Beavercreek,Township,Greene,Property,roads,A,5,1,441,227,66.0179672241211,33.982032775878906,3905704724,-16.017967224121094,0,0,0,0
3905704724,1995,Beavercreek,Township,Greene,Property,roads,R,5,.8,570,264,68.34532165527344,31.654678344726563,3905704724,-18.345321655273438,0,0,0,0
3905704724,1997,Beavercreek,Township,Greene,Property,roads,R,5,1,615,388,61.3160514831543,38.6839485168457,3905704724,-11.316051483154297,0,0,0,0
3905704724,2000,Beavercreek,Township,Greene,Property,roads,R,5,.5,1142,748,60.42327880859375,39.57672119140625,3905704724,-10.42327880859375,0,0,0,0
3905704724,2002,Beavercreek,Township,Greene,Property,roads,R,5,1,355,218,61.95462417602539,38.04537582397461,3905704724,-11.95462417602539,0,0,0,0
3905704724,2004,Beavercreek,Township,Greene,Property,roads,R,5,.5,1574,1030,60.44546890258789,39.55453109741211,3905704724,-10.44546890258789,0,0,0,0
3905704724,2006,Beavercreek,Township,Greene,Property,roads,R,5,1,1173,1015,53.61060333251953,46.38939666748047,3905704724,-3.6106033325195313,0,0,1,1
3905704724,2009,Beavercreek,Township,Greene,Property,roads,R,5,.5,1308,547,70.51213073730469,29.487869262695313,3905704724,-20.512130737304688,0,0,0,0
3905704724,2012,Beavercreek,Township,Greene,property,roads,R,5,1.5,1666,909,64.69902801513672,35.30097198486328,3905704724,-14.699028015136719,0,0,0,0
3905704724,2014,Beavercreek,Township,Greene,Property,roads,R,5,.9,1692,1256,57.39484405517578,42.60515594482422,3905704724,-7.394844055175781,0,0,0,1
3905704724,2016,Beavercreek,Township,Greene,Property,roads,R,5,1.5,2939,1586,64.95027923583984,35.049720764160156,3905704724,-14.950279235839844,0,0,0,0
3905704724,2020,Beavercreek,Township,Greene,property,roads,R,cpt,.9,1499,690,68.478759765625,31.521240234375,3905704724,-18.478759765625,0,0,0,0
3905704724,2021,Beavercreek,Township,Greene,property,roads,R,cpt,1.5,1770,436,80.2357177734375,19.7642822265625,3905704724,-30.2357177734375,0,0,0,0
3905725914,1997,Fairborn,City,Greene,Property,roads,A,5,1.95,4543,1828,71.30748748779297,28.69251251220703,3925914,-21.30748748779297,0,0,0,0
3905725914,2004,Fairborn,City,Greene,Income,roads,A,10,.25,7058,6605,51.65776062011719,48.34223937988281,3925914,-1.6577606201171875,0,1,1,1
3905725914,2014,Fairborn,City,Greene,Income,roads,R,10,.25,4613,2662,63.408935546875,36.591064453125,3925914,-13.408935546875,0,0,0,0
3905738374,2000,Jamestown,Village,Greene,Property,roads,A,5,3,285,510,35.849056243896484,64.15093994140625,3938374,14.15093994140625,1,0,0,0
3905738374,2013,Jamestown,Village,Greene,Property,roads,A,5,1.8,180,136,56.9620246887207,43.0379753112793,3938374,-6.962024688720703,0,0,0,1
3905738374,2017,Jamestown,Village,Greene,Property,roads,R,5,1.8,227,103,68.78787994384766,31.212120056152344,3938374,-18.787879943847656,0,0,0,0
3905738374,2021,Jamestown,Village,Greene,property,roads,A,5,2.3,205,145,58.57143020629883,41.42856979370117,3938374,-8.571430206298828,0,0,0,0
3905738626,2002,Jefferson,Township,Greene,Property,roads,A,5,2,53,63,45.68965530395508,54.31034469604492,3905738626,4.310344696044922,1,0,1,1
3905738626,2003,Jefferson,Township,Greene,Property,roads,A,5,2,96,115,45.49763107299805,54.50236892700195,3905738626,4.502368927001953,1,0,1,1
3905738626,2004,Jefferson,Township,Greene,Property,roads,A,5,2,215,237,47.56637191772461,52.43362808227539,3905738626,2.4336280822753906,1,1,1,1
3905738626,2006,Jefferson,Township,Greene,Property,roads,A,5,2,225,263,46.1065559387207,53.8934440612793,3905738626,3.893444061279297,1,0,1,1
3905738626,2013,Jefferson,Township,Greene,Property,roads,A,5,5,101,106,48.79227066040039,51.20772933959961,3905738626,1.2077293395996094,1,1,1,1
3905754810,1995,New Jasper,Township,Greene,Property,roads,R,5,1.5,923,90,91.1155014038086,8.884498596191406,3905754810,-41.115501403808594,0,0,0,0
3905754810,2015,New Jasper,Township,Greene,Property,roads,A,5,1.5,306,332,47.96238327026367,52.03761672973633,3905754810,2.037616729736328,1,1,1,1
3905768630,2014,Ross,Township,Greene,Property,roads,A,5,1.5,206,153,57.381614685058594,42.618385314941406,3905768630,-7.381614685058594,0,0,0,1
3905768630,2015,Ross,Township,Greene,Property,roads,A,5,1.5,146,90,61.86440658569336,38.13559341430664,3905768630,-11.86440658569336,0,0,0,0
3905774216,2011,Spring Valley,Village,Greene,Property,roads,R,5,1,647,64,90.99859619140625,9.00140380859375,3974216,-40.99859619140625,0,0,0,0
3905774216,2018,Spring Valley,Village,Greene,Property,roads,R,5,1.5,460,52,89.84375,10.15625,3974216,-39.84375,0,0,0,0
3905774216,2020,Spring Valley,Village,Greene,property,roads,A,5,.25,148,88,62.71186447143555,37.28813552856445,3974216,-12.711864471435547,0,0,0,0
3905774223,1994,Spring Valley,Township,Greene,Property,roads,R,5,1.5,844,43,95.1521987915039,4.847801208496094,3905774223,-45.152198791503906,0,0,0,0
3905774223,1995,Spring Valley,Township,Greene,Property,roads,R,5,1.5,511,118,81.24006652832031,18.759933471679688,3905774223,-31.240066528320313,0,0,0,0
3905774223,1997,Spring Valley,Township,Greene,Property,roads,R,5,.7,383,273,58.38414764404297,41.61585235595703,3905774223,-8.384147644042969,0,0,0,0
3905774223,1998,Spring Valley,Township,Greene,Property,roads,R,5,1,393,138,74.01129913330078,25.98870086669922,3905774223,-24.01129913330078,0,0,0,0
3905774223,2000,Spring Valley,Township,Greene,Property,roads,R,5,1.5,521,360,59.13734436035156,40.86265563964844,3905774223,-9.1373443603515625,0,0,0,0
3905774223,2001,Spring Valley,Township,Greene,Property,roads,R,5,.7,695,49,93.41397857666016,6.586021423339844,3905774223,-43.413978576660156,0,0,0,0
3905774223,2003,Spring Valley,Township,Greene,Property,roads,A,5,1,96,45,68.0851058959961,31.914894104003906,3905774223,-18.085105895996094,0,0,0,0
3905774223,2005,Spring Valley,Township,Greene,Property,roads,R,5,1,514,245,67.72068786621094,32.27931213378906,3905774223,-17.720687866210938,0,0,0,0
3905774223,2006,Spring Valley,Township,Greene,Property,roads,R,5,.7,542,80,87.13825988769531,12.861740112304688,3905774223,-37.13825988769531,0,0,0,0
3905774223,2010,Spring Valley,Township,Greene,Property,roads,R,5,1.5,813,422,65.8299560546875,34.1700439453125,3905774223,-15.8299560546875,0,0,0,0
3905774223,2011,Spring Valley,Township,Greene,Property,roads,R,5,.7,683,323,67.89264678955078,32.10735321044922,3905774223,-17.89264678955078,0,0,0,0
3905774223,2015,Spring Valley,Township,Greene,Property,roads,R,5,1,137,194,41.38972854614258,58.61027145385742,3905774223,8.610271453857422,1,0,0,0
3905774223,2017,Spring Valley,Township,Greene,Property,roads,R,5,.7,679,365,65.03831481933594,34.96168518066406,3905774223,-15.038314819335938,0,0,0,0
3905774223,2020,Spring Valley,Township,Greene,property,roads,A,5,.25,148,88,62.71186447143555,37.28813552856445,3905774223,-12.711864471435547,0,0,0,0
3905775201,1993,Sugarcreek,Township,Greene,Property,roads,A,5,1.4,493,1735,22.12746810913086,77.872528076171875,3905775201,27.872528076171875,1,0,0,0
3905775201,1995,Sugarcreek,Township,Greene,Property,roads,A,5,1,712,658,51.970802307128906,48.029197692871094,3905775201,-1.9708023071289063,0,1,1,1
3905775201,1997,Sugarcreek,Township,Greene,Property,roads,R,1000,.8,1479,237,86.188812255859375,13.811187744140625,3905775201,-36.188812255859375,0,0,0,0
3905775201,2003,Sugarcreek,Township,Greene,Property,roads,R,5,.8,356,1329,21.127595901489258,78.872406005859375,3905775201,28.872406005859375,1,0,0,0
3905775201,2007,Sugarcreek,Township,Greene,Property,roads,R,5,.8,1773,570,75.6722183227539,24.327781677246094,3905775201,-25.672218322753906,0,0,0,0
3905775201,2011,Sugarcreek,Township,Greene,Property,roads,A,5,.5,1407,1603,46.74418640136719,53.25581359863281,3905775201,3.2558135986328125,1,0,1,1
3905775201,2012,Sugarcreek,Township,Greene,Property,roads,R,5,.8,1384,2792,33.141761779785156,66.85823822021484,3905775201,16.858238220214844,1,0,0,0
3905775201,2013,Sugarcreek,Township,Greene,Property,roads,A,5,.6,1864,406,82.11454010009766,17.885459899902344,3905775201,-32.114540100097656,0,0,0,0
3905775201,2018,Sugarcreek,Township,Greene,Property,roads,R,5,.8,3233,107,96.7964096069336,3.2035903930664063,3905775201,-46.796409606933594,0,0,0,0
3905775201,2020,Sugarcreek,Township,Greene,property,roads,R,5,.8,4020,2069,66.02069091796875,33.97930908203125,3905775201,-16.02069091796875,0,0,0,0
3905786772,1991,Xenia,City,Greene,Property,roads,A,10,3.5,3916,4308,47.616729736328125,52.383270263671875,3986772,2.383270263671875,1,1,1,1
3905786772,2016,Xenia,Township,Greene,Property,roads,R,5,.9,1464,4642,23.976417541503906,76.0235824584961,3905786772,26.023582458496094,1,0,0,0
3905786772,2020,Xenia,Township,Greene,property,roads,R,5,.9,2108,1130,65.10191345214844,34.89808654785156,3905786772,-15.101913452148438,0,0,0,0
3905786786,1999,Xenia,Township,Greene,Property,roads,R,5,.9,1606,435,78.686920166015625,21.313079833984375,3905786786,-28.686920166015625,0,0,0,0
3905786786,2005,Xenia,Township,Greene,Property,roads,R,5,.9,956,289,76.78714752197266,23.212852478027344,3905786786,-26.787147521972656,0,0,0,0
3905786786,2009,Xenia,Township,Greene,Property,roads,R,5,.9,2078,1375,60.1795539855957,39.8204460144043,3905786786,-10.179553985595703,0,0,0,0
3905786786,2010,Xenia,Township,Greene,Property,roads,A,5,.6,796,396,66.77852630615234,33.221473693847656,3905786786,-16.778526306152344,0,0,0,0
3905786786,2014,Xenia,Township,Greene,Property,roads,R,5,.9,1205,509,70.30338287353516,29.696617126464844,3905786786,-20.303382873535156,0,0,0,0
3905900282,2006,Adams,Township,Guernsey,Property,roads,A,5,1.5,191,133,58.950618743896484,41.049381256103516,3905900282,-8.950618743896484,0,0,0,0
3905900282,2010,Adams,Township,Guernsey,Property,roads,R,5,1.5,511,193,72.5852279663086,27.414772033691406,3905900282,-22.585227966308594,0,0,0,0
3905900282,2015,Adams,Township,Guernsey,Property,roads,R,5,1.5,463,126,78.6078109741211,21.392189025878906,3905900282,-28.607810974121094,0,0,0,0
3905900282,2020,Adams,Township,Guernsey,property,roads,R,5,1.5,783,255,75.43352508544922,24.56647491455078,3905900282,-25.43352508544922,0,0,0,0
3905910996,2000,Cambridge,City,Guernsey,Income,roads,A,1000,.3,1306,2489,34.41370391845703,65.58629608154297,3910996,15.586296081542969,1,0,0,0
3905910996,2002,Cambridge,City,Guernsey,Income,roads,A,1000,.3,1141,1009,53.069766998291016,46.930233001708984,3910996,-3.0697669982910156,0,0,1,1
3905911003,1995,Cambridge,Township,Guernsey,Property,roads,R,5,2,665,433,60.56466293334961,39.43533706665039,3905911003,-10.56466293334961,0,0,0,0
3905911003,2000,Cambridge,Township,Guernsey,Property,roads,R,5,2,1044,760,57.871395111083984,42.128604888916016,3905911003,-7.871395111083984,0,0,0,0
3905911003,2005,Cambridge,Township,Guernsey,Property,roads,R,5,2,746,514,59.20634841918945,40.79365158081055,3905911003,-9.206348419189453,0,0,0,0
3905911003,2010,Cambridge,Township,Guernsey,Property,roads,R,5,2,877,499,63.73546600341797,36.26453399658203,3905911003,-13.735466003417969,0,0,0,0
3905911003,2015,Cambridge,Township,Guernsey,Property,roads,R,5,3,686,472,59.24007034301758,40.75992965698242,3905911003,-9.240070343017578,0,0,0,0
3905911003,2021,Cambridge,Township,Guernsey,property,roads,R,5,3,447,160,73.64085388183594,26.359146118164063,3905911003,-23.640853881835938,0,0,0,0
3905912938,1994,Center,Township,Guernsey,Property,roads,R,5,.5,336,182,64.8648681640625,35.1351318359375,3905912938,-14.8648681640625,0,0,0,0
3905912938,1999,Center,Township,Guernsey,Property,roads,A,5,.5,292,267,52.23613739013672,47.76386260986328,3905912938,-2.2361373901367188,0,1,1,1
3905912938,2000,Center,Township,Guernsey,Property,roads,R,5,.5,349,382,47.74281692504883,52.25718307495117,3905912938,2.257183074951172,1,1,1,1
3905912938,2001,Center,Township,Guernsey,Property,roads,A,5,.5,274,264,50.92936706542969,49.07063293457031,3905912938,-0.9293670654296875,0,1,1,1
3905912938,2004,Center,Township,Guernsey,Property,roads,R,5,1,520,363,58.8901481628418,41.1098518371582,3905912938,-8.890148162841797,0,0,0,0
3905912938,2005,Center,Township,Guernsey,Property,roads,R,5,.5,380,258,59.561126708984375,40.438873291015625,3905912938,-9.561126708984375,0,0,0,0
3905912938,2006,Center,Township,Guernsey,Property,roads,A,5,1,330,337,49.47526168823242,50.52473831176758,3905912938,0.5247383117675781,1,1,1,1
3905912938,2007,Center,Township,Guernsey,Property,roads,A,5,1,215,274,43.967281341552734,56.032718658447266,3905912938,6.032718658447266,1,0,0,1
3905912938,2008,Center,Township,Guernsey,Property,roads,A,5,1,297,274,52.01401138305664,47.98598861694336,3905912938,-2.0140113830566406,0,1,1,1
3905912938,2009,Center,Township,Guernsey,Property,roads,R,5,1,290,235,55.238094329833984,44.761905670166016,3905912938,-5.238094329833984,0,0,0,1
3905912938,2010,Center,Township,Guernsey,Property,roads,A,5,1,323,327,49.69230651855469,50.30769348144531,3905912938,0.3076934814453125,1,1,1,1
3905912938,2011,Center,Township,Guernsey,Property,roads,R,5,.5,339,349,49.27325439453125,50.72674560546875,3905912938,0.72674560546875,1,1,1,1
3905912938,2012,Center,Township,Guernsey,Property,roads,R,5,1,513,299,63.17734146118164,36.82265853881836,3905912938,-13.17734146118164,0,0,0,0
3905912938,2014,Center,Township,Guernsey,Property,roads,R,5,1,350,210,62.5,37.5,3905912938,-12.5,0,0,0,0
3905912938,2017,Center,Township,Guernsey,Property,roads,R,5,1,336,98,77.41935729980469,22.580642700195313,3905912938,-27.419357299804688,0,0,0,0
3905912938,2019,Center,Township,Guernsey,property,roads,R,5,1,275,99,73.52941131591797,26.47058868408203,3905912938,-23.52941131591797,0,0,0,0
3905919694,2018,Cumberland,Village,Guernsey,Property,roads,A,5,5,41,51,44.565216064453125,55.434783935546875,3919694,5.434783935546875,1,0,0,1
3905937786,2016,Jackson,Township,Guernsey,Property,roads,A,5,.5,476,533,47.17542266845703,52.82457733154297,3905937786,2.8245773315429688,1,1,1,1
3905943134,1998,Liberty,Township,Guernsey,Property,roads,A,5,.5,146,127,53.479854583740234,46.520145416259766,3905943134,-3.4798545837402344,0,0,1,1
3905944954,1998,Lore City,Village,Guernsey,Property,roads,R,5,3,75,18,80.6451644897461,19.354835510253906,3944954,-30.645164489746094,0,0,0,0
3905944954,2003,Lore City,Village,Guernsey,Property,roads,R,5,3,101,40,71.6312026977539,28.368797302246094,3944954,-21.631202697753906,0,0,0,0
3905944954,2006,Lore City,Village,Guernsey,Property,roads,R,5,3,70,41,63.06306457519531,36.93693542480469,3944954,-13.063064575195313,0,0,0,0
3905944954,2011,Lore City,Village,Guernsey,Property,roads,R,5,3,65,39,62.5,37.5,3944954,-12.5,0,0,0,0
3905944954,2016,Lore City,Village,Guernsey,Property,roads,R,5,3,71,55,56.349205017089844,43.650794982910156,3944954,-6.349205017089844,0,0,0,1
3905944954,2020,Lore City,Village,Guernsey,property,roads,R,5,3,89,40,68.99224853515625,31.00775146484375,3944954,-18.99224853515625,0,0,0,0
3905963436,1992,Pleasant City,Village,Guernsey,Property,roads,A,-999,3,90,342,20.83333396911621,79.16666412353516,3963436,29.166664123535156,1,0,0,0
3905963436,1998,Pleasant City,Village,Guernsey,Property,roads,R,5,3,117,26,81.81818389892578,18.18181610107422,3963436,-31.81818389892578,0,0,0,0
3905963436,2002,Pleasant City,Village,Guernsey,Property,roads,R,5,3,116,182,38.92617416381836,61.07382583618164,3963436,11.07382583618164,1,0,0,0
3905963436,2008,Pleasant City,Village,Guernsey,Property,roads,R,5,3,88,319,21.62162208557129,78.37837982177734,3963436,28.378379821777344,1,0,0,0
3905963436,2013,Pleasant City,Village,Guernsey,Property,roads,R,5,3,82,12,87.234039306640625,12.765960693359375,3963436,-37.234039306640625,0,0,0,0
3905963436,2018,Pleasant City,Village,Guernsey,Property,roads,R,5,3,84,37,69.4214859008789,30.578514099121094,3963436,-19.421485900878906,0,0,0,0
3905963436,2020,Pleasant City,Village,Guernsey,property,roads,R,5,3,113,31,78.47222137451172,21.52777862548828,3963436,-28.47222137451172,0,0,0,0
3905965116,1999,Quaker City,Village,Guernsey,Property,roads,R,5,1.5,119,21,85,15,3965116,-35,0,0,0,0
3905965116,2005,Quaker City,Village,Guernsey,Property,roads,R,5,1.5,82,63,56.55172348022461,43.44827651977539,3965116,-6.551723480224609,0,0,0,1
3905965116,2009,Quaker City,Village,Guernsey,Property,roads,R,5,1.5,137,31,81.54762268066406,18.452377319335938,3965116,-31.547622680664063,0,0,0,0
3905965116,2013,Quaker City,Village,Guernsey,Property,roads,R,5,1.5,117,30,79.59183502197266,20.408164978027344,3965116,-29.591835021972656,0,0,0,0
3905965116,2018,Quaker City,Village,Guernsey,Property,roads,R,5,1.5,81,46,63.77952575683594,36.22047424316406,3965116,-13.779525756835938,0,0,0,0
3905965116,2019,Quaker City,Village,Guernsey,property,roads,R,5,1.5,45,16,73.77049255371094,26.229507446289063,3965116,-23.770492553710938,0,0,0,0
3905966698,1991,Richland,Township,Guernsey,Property,roads,A,5,1,372,42,89.855072021484375,10.144927978515625,3905966698,-39.855072021484375,0,0,0,0
3905966698,2020,Richland,Township,Guernsey,property,roads,R,5,1,587,225,72.29064178466797,27.70935821533203,3905966698,-22.29064178466797,0,0,0,0
3905971360,1992,Senecaville,Village,Guernsey,Property,roads,A,5,5,50,2739,1.792757272720337,98.207244873046875,3971360,48.207244873046875,1,0,0,0
3905971360,2000,Senecaville,Village,Guernsey,Property,roads,R,5,3.5,81,380,17.570499420166016,82.42950439453125,3971360,32.42950439453125,1,0,0,0
3905971360,2003,Senecaville,Village,Guernsey,Property,roads,R,5,3.5,66,55,54.54545593261719,45.45454406738281,3971360,-4.5454559326171875,0,0,1,1
3905971360,2009,Senecaville,Village,Guernsey,Property,roads,R,5,3.5,99,214,31.629392623901367,68.37060546875,3971360,18.37060546875,1,0,0,0
3905971360,2014,Senecaville,Village,Guernsey,Property,roads,R,5,3.5,105,38,73.42657470703125,26.57342529296875,3971360,-23.42657470703125,0,0,0,0
3905971360,2016,Senecaville,Village,Guernsey,Property,roads,R,5,3.5,72,58,55.38461685180664,44.61538314819336,3971360,-5.384616851806641,0,0,0,1
3905971360,2018,Senecaville,Village,Guernsey,Property,roads,A,5,5,66,23,74.15730285644531,25.842697143554688,3971360,-24.157302856445313,0,0,0,0
3905971360,2019,Senecaville,Village,Guernsey,property,roads,R,5,3.5,52,25,67.532470703125,32.467529296875,3971360,-17.532470703125,0,0,0,0
3905973986,2004,Spencer,Township,Guernsey,Property,roads,R,5,2,143,90,61.373390197753906,38.626609802246094,3905973986,-11.373390197753906,0,0,0,0
3905983664,1992,Westland,Township,Guernsey,Property,roads,A,5,3,559,292,65.68742370605469,34.31257629394531,3905983664,-15.687423706054688,0,0,0,0
3905983664,2021,Westland,Township,Guernsey,property,roads,R,5,3,218,89,71.00977325439453,28.99022674560547,3905983664,-21.00977325439453,0,0,0,0
3905985708,2010,Wills,Township,Guernsey,Property,roads,A,5,2,134,193,40.97859191894531,59.02140808105469,3905985708,9.0214080810546875,1,0,0,0
3905985708,2014,Wills,Township,Guernsey,Property,roads,A,5,2,169,174,49.27113723754883,50.72886276245117,3905985708,0.7288627624511719,1,1,1,1
3906101980,1998,Anderson,Township,Hamilton,Property,roads,A,1000,1,10000,8190,54.97526168823242,45.02473831176758,3906101980,-4.975261688232422,0,0,1,1
3906102428,1997,Arlington Heights,Village,Hamilton,Property,roads,A,5,1.3,137,124,52.490421295166016,47.509578704833984,3902428,-2.4904212951660156,0,1,1,1
3906114128,1995,Cheviot,City,Hamilton,Property,roads,R,5,1.5,2114,909,69.93053436279297,30.06946563720703,3914128,-19.93053436279297,0,0,0,0
3906114128,2000,Cheviot,City,Hamilton,Property,roads,R,5,1.5,2442,1447,62.7924919128418,37.2075080871582,3914128,-12.792491912841797,0,0,0,0
3906114128,2001,Cheviot,City,Hamilton,Property,roads,R,5,1.5,1603,597,72.86363983154297,27.13636016845703,3914128,-22.86363983154297,0,0,0,0
3906114128,2005,Cheviot,City,Hamilton,Property,roads,R,5,1.5,1390,485,74.133331298828125,25.866668701171875,3914128,-24.133331298828125,0,0,0,0
3906114128,2006,Cheviot,City,Hamilton,Property,roads,R,5,1.5,2097,671,75.7586669921875,24.2413330078125,3914128,-25.7586669921875,0,0,0,0
3906114128,2010,Cheviot,City,Hamilton,Property,roads,R,5,1.5,1665,833,66.6533203125,33.3466796875,3914128,-16.6533203125,0,0,0,0
3906114128,2011,Cheviot,City,Hamilton,Property,roads,R,5,1.5,1668,559,74.89896392822266,25.101036071777344,3914128,-24.898963928222656,0,0,0,0
3906114128,2015,Cheviot,City,Hamilton,Property,roads,A,5,3,237,117,66.94915008544922,33.05084991455078,3914128,-16.94915008544922,0,0,0,0
3906114128,2020,Cheviot,City,Hamilton,property,roads,R,5,3,2627,1068,71.09607696533203,28.90392303466797,3914128,-21.09607696533203,0,0,0,0
3906116028,1992,Cleves,Village,Hamilton,Property,roads,A,5,3,400,473,45.81901550292969,54.18098449707031,3916028,4.1809844970703125,1,0,1,1
3906116028,1993,Cleves,Village,Hamilton,Property,roads,A,5,3,350,311,52.950077056884766,47.049922943115234,3916028,-2.9500770568847656,0,1,1,1
3906116028,2004,Cleves,Village,Hamilton,Property,roads,A,5,1.8,572,826,40.915592193603516,59.084407806396484,3916028,9.084407806396484,1,0,0,0
3906116616,1994,Colerain,Township,Hamilton,Property,roads,R,5,1.5,9967,7635,56.62424850463867,43.37575149536133,3906116616,-6.624248504638672,0,0,0,1
3906116616,1999,Colerain,Township,Hamilton,Property,roads,A,1000,2,4238,6905,38.03284454345703,61.96715545654297,3906116616,11.967155456542969,1,0,0,0
3906116616,2000,Colerain,Township,Hamilton,Property,roads,A,1000,1.5,6110,8248,42.55467224121094,57.44532775878906,3906116616,7.4453277587890625,1,0,0,1
3906116882,2008,Columbia,Township,Hamilton,Property,roads,A,1000,4,1081,1233,46.71564483642578,53.28435516357422,3906116882,3.2843551635742188,1,0,1,1
3906116882,2009,Columbia,Township,Hamilton,Property,roads,A,1000,3.25,80,193,29.30402946472168,70.69596862792969,3906116882,20.695968627929688,1,0,0,0
3906116882,2011,Columbia,Township,Hamilton,Property,roads,A,1000,2.25,184,77,70.49808502197266,29.501914978027344,3906116882,-20.498085021972656,0,0,0,0
3906121266,2016,Deer Park,City,Hamilton,Property,roads,A,5,2,1764,1053,62.619808197021484,37.380191802978516,3921266,-12.619808197021484,0,0,0,0
3906121266,2021,Deer Park,City,Hamilton,property,roads,R,5,2,11,1,91.66666412353516,8.333335876464844,3921266,-41.666664123535156,0,0,0,0
3906121504,1994,Delhi,Township,Hamilton,Property,roads,R,1000,1.3,7321,3922,65.11607360839844,34.88392639160156,3906121504,-15.116073608398438,0,0,0,0
3906130786,2006,Golf Manor,Village,Hamilton,Property,roads,A,10,8,199,167,54.371585845947266,45.628414154052734,3930786,-4.371585845947266,0,0,1,1
3906130786,2016,Golf Manor,Village,Hamilton,Property,roads,R,5,8,1298,479,73.0444564819336,26.955543518066406,3930786,-23.044456481933594,0,0,0,0
3906131752,1991,Green,Township,Hamilton,Property,roads,R,5,1,10675,7181,59.7838249206543,40.2161750793457,3906131752,-9.783824920654297,0,0,0,0
3906131752,2001,Green,Township,Hamilton,Property,roads,R,5,1,9345,5274,63.92366027832031,36.07633972167969,3906131752,-13.923660278320313,0,0,0,0
3906131752,2006,Green,Township,Hamilton,Property,roads,R,5,.5,19802,7056,73.72850036621094,26.271499633789063,3906131752,-23.728500366210938,0,0,0,0
3906131752,2011,Green,Township,Hamilton,Property,roads,R,5,.5,16310,6137,72.66004180908203,27.33995819091797,3906131752,-22.66004180908203,0,0,0,0
3906131752,2016,Green,Township,Hamilton,Property,roads,R,cpt,.5,25360,8281,75.38420104980469,24.615798950195313,3906131752,-25.384201049804688,0,0,0,0
3906132158,1994,Greenhills,Village,Hamilton,Property,roads,R,5,1.5,1192,344,77.60416412353516,22.395835876464844,3932158,-27.604164123535156,0,0,0,0
3906132158,1999,Greenhills,Village,Hamilton,Property,roads,R,5,1.5,722,211,77.38478088378906,22.615219116210938,3932158,-27.384780883789063,0,0,0,0
3906132158,2004,Greenhills,Village,Hamilton,Property,roads,R,5,1.5,1450,697,67.53609466552734,32.463905334472656,3932158,-17.536094665527344,0,0,0,0
3906132158,2009,Greenhills,Village,Hamilton,Property,roads,R,5,1.5,1274,427,74.8971176147461,25.102882385253906,3932158,-24.897117614746094,0,0,0,0
3906132158,2014,Greenhills,Village,Hamilton,Property,roads,R,5,1.5,1018,341,74.90802001953125,25.09197998046875,3932158,-24.90802001953125,0,0,0,0
3906132158,2019,Greenhills,Village,Hamilton,property,roads,R,5,1.5,418,142,74.64286041259766,25.357139587402344,3932158,-24.642860412597656,0,0,0,0
3906143722,1994,Lincoln Heights,Village,Hamilton,Property,roads,A,cpt,7,372,791,31.986242294311523,68.01375579833984,3943722,18.013755798339844,1,0,0,0
3906146312,1993,Madeira,City,Hamilton,Income,roads,A,N/A,.25,2284,2195,50.993526458740234,49.006473541259766,3946312,-0.9935264587402344,0,1,1,1
3906152752,1991,Mount Healthy,City,Hamilton,Property,roads,R,1000,1.5,193,3119,5.827294826507568,94.1727066040039,3952752,44.172706604003906,1,0,0,0
3906152752,2002,Mount Healthy,City,Hamilton,Property,roads,A,5,1.5,662,1190,35.745140075683594,64.2548599243164,3952752,14.254859924316406,1,0,0,0
3906152752,2009,Mount Healthy,City,Hamilton,Property,roads,R,5,1.5,314,145,68.40958404541016,31.590415954589844,3952752,-18.409584045410156,0,0,0,0
3906152752,2010,Mount Healthy,City,Hamilton,Property,roads,A,5,3.5,140,874,13.806706428527832,86.19329071044922,3952752,36.19329071044922,1,0,0,0
3906152752,2011,Mount Healthy,City,Hamilton,Property,roads,R,5,1.5,140,821,14.568158149719238,85.43183898925781,3952752,35.43183898925781,1,0,0,0
3906152752,2014,Mount Healthy,City,Hamilton,Property,roads,R,5,1.5,1249,20,98.42395782470703,1.5760421752929688,3952752,-48.42395782470703,0,0,0,0
3906156322,1996,North College Hill,City,Hamilton,Property,roads,R,5,1.8,1971,1814,52.073974609375,47.926025390625,3956322,-2.073974609375,0,1,1,1
3906156322,1997,North College Hill,City,Hamilton,Property,roads,A,5,1.8,2423,1946,55.45891571044922,44.54108428955078,3956322,-5.458915710449219,0,0,0,1
3906156322,1999,North College Hill,City,Hamilton,Property,roads,R,5,3,2423,787,75.48286437988281,24.517135620117188,3956322,-25.482864379882813,0,0,0,0
3906156322,2004,North College Hill,City,Hamilton,Property,roads,R,5,4.8,1545,1997,43.619422912597656,56.380577087402344,3956322,6.380577087402344,1,0,0,1
3906156322,2011,North College Hill,City,Hamilton,Property,roads,R,5,4.8,1839,1062,63.39193344116211,36.60806655883789,3956322,-13.39193344116211,0,0,0,0
3906156322,2014,North College Hill,City,Hamilton,Property,roads,R,5,4.8,1423,692,67.28132629394531,32.71867370605469,3956322,-17.281326293945313,0,0,0,0
3906156322,2017,North College Hill,City,Hamilton,Property,roads,R,5,4.8,2426,463,83.97369384765625,16.02630615234375,3956322,-33.97369384765625,0,0,0,0
3906156322,2021,North College Hill,City,Hamilton,property,roads,R,5,4.8,36,21,63.157894134521484,36.842105865478516,3956322,-13.157894134521484,0,0,0,0
3906157386,1991,Norwood,City,Hamilton,Property,roads,A,5,2,390,3862,9.172154426574707,90.82784271240234,3957386,40.827842712402344,1,0,0,0
3906165732,1997,Reading,City,Hamilton,Income,roads,A,1000,.5,1752,1501,53.85797882080078,46.14202117919922,3965732,-3.8579788208007813,0,0,1,1
3906174121,1993,Springfield,Township,Hamilton,Property,roads,R,-999,1,3687,163,95.7662353515625,4.2337646484375,3906174121,-45.7662353515625,0,0,0,0
3906174121,2001,Springfield,Township,Hamilton,Property,roads,R,1000,1,7146,3760,65.52356719970703,34.47643280029297,3906174121,-15.523567199707031,0,0,0,0
3906174121,2007,Springfield,Township,Hamilton,Property,roads,A,1000,1.5,1118,1163,49.01359176635742,50.98640823364258,3906174121,0.9864082336425781,1,1,1,1
3906174121,2008,Springfield,Township,Hamilton,Property,roads,R,1000,1,4607,1649,73.64130401611328,26.35869598388672,3906174121,-23.64130401611328,0,0,0,0
3906176028,1992,Symmes,Township,Hamilton,Property,roads,A,7,.4,4794,165,96.67271423339844,3.3272857666015625,3906176028,-46.67271423339844,0,0,0,0
3906176028,1999,Symmes,Township,Hamilton,Property,roads,A,1000,.05,833,954,46.614437103271484,53.385562896728516,3906176028,3.3855628967285156,1,0,1,1
3906176028,2002,Symmes,Township,Hamilton,Property,roads,A,7,.9,2806,1899,59.6386833190918,40.3613166809082,3906176028,-9.638683319091797,0,0,0,0
3906176028,2006,Symmes,Township,Hamilton,Property,roads,A,7,.4,1528,2512,37.821781158447266,62.178218841552734,3906176028,12.178218841552734,1,0,0,0
3906176028,2007,Symmes,Township,Hamilton,Property,roads,R,7,.9,1528,512,74.90196228027344,25.098037719726563,3906176028,-24.901962280273438,0,0,0,0
3906176028,2009,Symmes,Township,Hamilton,Property,roads,A,7,.9,3287,1437,69.58086395263672,30.41913604736328,3906176028,-19.58086395263672,0,0,0,0
3906176028,2018,Symmes,Township,Hamilton,Property,roads,R,7,.9,2051,2316,46.96588134765625,53.03411865234375,3906176028,3.03411865234375,1,0,1,1
3906176028,2020,Symmes,Township,Hamilton,property,roads,R,7,.9,2864,1103,72.19561004638672,27.80438995361328,3906176028,-22.19561004638672,0,0,0,0
3906186366,2009,Woodlawn,Village,Hamilton,Income,roads,A,5,.3,866,95,90.11446380615234,9.885536193847656,3986366,-40.114463806152344,0,0,0,0
3906500198,2010,Ada,Village,Hardin,Income,roads,A,1000,.35,396,510,43.70861053466797,56.29138946533203,3900198,6.291389465332031,1,0,0,1
3906728798,1995,Freeport,Village,Harrison,Property,roads,R,5,2.67,96,30,76.19047546386719,23.809524536132813,3928798,-26.190475463867188,0,0,0,0
3906728798,2000,Freeport,Village,Harrison,Property,roads,R,5,2.67,115,79,59.278350830078125,40.721649169921875,3928798,-9.278350830078125,0,0,0,0
3906728798,2005,Freeport,Village,Harrison,Property,roads,R,5,2.67,88,69,56.05095672607422,43.94904327392578,3928798,-6.050956726074219,0,0,0,1
3906728798,2012,Freeport,Village,Harrison,Property,roads,A,5,2.67,76,70,52.05479431152344,47.94520568847656,3928798,-2.0547943115234375,0,1,1,1
3906728798,2017,Freeport,Village,Harrison,Property,roads,R,5,2.67,65,28,69.89247131347656,30.107528686523438,3928798,-19.892471313476563,0,0,0,0
3906728798,2021,Freeport,Village,Harrison,property,roads,R,5,2.67,32,17,65.306121826171875,34.693878173828125,3928798,-15.306121826171875,0,0,0,0
3906729890,1991,German,Township,Harrison,Property,roads,R,5,1.62,149,93,61.570247650146484,38.429752349853516,3906729890,-11.570247650146484,0,0,0,0
3906729890,1996,German,Township,Harrison,Property,roads,R,5,1.62,197,122,61.75548553466797,38.24451446533203,3906729890,-11.755485534667969,0,0,0,0
3906729890,2001,German,Township,Harrison,Property,roads,A,5,.38,160,96,62.5,37.5,3906729890,-12.5,0,0,0,0
3906729890,2006,German,Township,Harrison,Property,roads,R,5,2,204,89,69.62457275390625,30.37542724609375,3906729890,-19.62457275390625,0,0,0,0
3906729890,2011,German,Township,Harrison,Property,roads,R,5,2,153,91,62.704917907714844,37.295082092285156,3906729890,-12.704917907714844,0,0,0,0
3906729890,2016,German,Township,Harrison,Property,roads,R,5,2,224,130,63.27683639526367,36.72316360473633,3906729890,-13.276836395263672,0,0,0,0
3906729890,2021,German,Township,Harrison,property,roads,R,5,2,161,41,79.702972412109375,20.297027587890625,3906729890,-29.702972412109375,0,0,0,0
3906736260,2015,Hopedale,Village,Harrison,Property,roads,A,5,2.5,227,168,57.468353271484375,42.531646728515625,3936260,-7.468353271484375,0,0,0,1
3906736260,2021,Hopedale,Village,Harrison,property,roads,R,5,2.5,136,61,69.03553009033203,30.96446990966797,3936260,-19.03553009033203,0,0,0,0
3906739172,1997,Jewett,Village,Harrison,Property,roads,R,5,4,139,104,57.20164489746094,42.79835510253906,3939172,-7.2016448974609375,0,0,0,1
3906739172,2002,Jewett,Village,Harrison,Property,roads,R,5,4,179,74,70.75099182128906,29.249008178710938,3939172,-20.750991821289063,0,0,0,0
3906739172,2007,Jewett,Village,Harrison,Property,roads,R,5,4,112,71,61.202186584472656,38.797813415527344,3939172,-11.202186584472656,0,0,0,0
3906739172,2012,Jewett,Village,Harrison,Property,roads,R,5,4,135,123,52.32558059692383,47.67441940307617,3939172,-2.325580596923828,0,1,1,1
3906739172,2015,Jewett,Village,Harrison,Property,roads,A,5,4,104,87,54.450260162353516,45.549739837646484,3939172,-4.450260162353516,0,0,1,1
3906739172,2017,Jewett,Village,Harrison,Property,roads,R,5,4,84,51,62.22222137451172,37.77777862548828,3939172,-12.222221374511719,0,0,0,0
3906739172,2020,Jewett,Village,Harrison,property,roads,A,5,4,140,107,56.68016052246094,43.31983947753906,3939172,-6.6801605224609375,0,0,0,1
3906751394,1993,Monroe,Township,Harrison,Property,roads,R,5,1.5,230,95,70.76923370361328,29.23076629638672,3906751394,-20.76923370361328,0,0,0,0
3906751394,1999,Monroe,Township,Harrison,Property,roads,R,5,1.5,287,78,78.63013458251953,21.36986541748047,3906751394,-28.63013458251953,0,0,0,0
3906751394,2007,Monroe,Township,Harrison,Property,roads,R,5,1.5,238,58,80.40540313720703,19.59459686279297,3906751394,-30.40540313720703,0,0,0,0
3906756084,2002,North,Township,Harrison,Property,roads,A,5,1,347,147,70.24291229248047,29.75708770751953,3906756084,-20.24291229248047,0,0,0,0
3906756084,2004,North,Township,Harrison,Property,roads,R,5,1,372,435,46.09665298461914,53.90334701538086,3906756084,3.9033470153808594,1,0,1,1
3906756084,2005,North,Township,Harrison,Property,roads,A,5,1,369,184,66.72694396972656,33.27305603027344,3906756084,-16.726943969726563,0,0,0,0
3906756084,2008,North,Township,Harrison,Property,roads,A,5,1,249,246,50.30303192138672,49.69696807861328,3906756084,-0.30303192138671875,0,1,1,1
3906756084,2010,North,Township,Harrison,Property,roads,R,5,1,460,69,86.9565200805664,13.043479919433594,3906756084,-36.956520080566406,0,0,0,0
3906756084,2012,North,Township,Harrison,Property,roads,R,1000,1,90,185,32.727272033691406,67.2727279663086,3906756084,17.272727966308594,1,0,0,0
3906756084,2014,North,Township,Harrison,Property,roads,R,1000,1,404,175,69.77547454833984,30.224525451660156,3906756084,-19.775474548339844,0,0,0,0
3906756084,2018,North,Township,Harrison,Property,roads,A,1000,1,251,132,65.535247802734375,34.464752197265625,3906756084,-15.535247802734375,0,0,0,0
3906768994,2017,Rumley Township Road District,Road District,Harrison,Property,roads,A,5,2,158,32,83.15789794921875,16.84210205078125,NA,-33.15789794921875,0,0,0,0
3906772361,2014,Short Creek,Township,Harrison,Property,roads,A,5,1,217,90,70.68403625488281,29.315963745117188,3906772361,-20.684036254882813,0,0,0,0
3906772361,2016,Short Creek,Township,Harrison,Property,roads,R,5,1,225,1006,18.277822494506836,81.72217559814453,3906772361,31.72217559814453,1,0,0,0
3906772361,2020,Shortcreek,Township,Harrison,property,roads,R,5,1,328,167,66.26262664794922,33.73737335205078,3906772361,-16.26262664794922,0,0,0,0
3906774724,1994,Stock,Township,Harrison,Property,roads,R,5,1,162,102,61.3636360168457,38.6363639831543,3906774724,-11.363636016845703,0,0,0,0
3906774724,1995,Stock,Township,Harrison,Property,roads,R,5,1,117,106,52.466365814208984,47.533634185791016,3906774724,-2.4663658142089844,0,1,1,1
3906774724,2000,Stock,Township,Harrison,Property,roads,R,1000,1,92,56,62.16216278076172,37.83783721923828,3906774724,-12.162162780761719,0,0,0,0
3906774724,2005,Stock,Township,Harrison,Property,roads,R,5,1,92,76,54.761905670166016,45.238094329833984,3906774724,-4.761905670166016,0,0,1,1
3906774724,2010,Stock,Township,Harrison,Property,roads,R,5,1,149,40,78.83597564697266,21.164024353027344,3906774724,-28.835975646972656,0,0,0,0
3906774724,2018,Stock,Township,Harrison,Property,roads,R,5,1,145,65,69.04762268066406,30.952377319335938,3906774724,-19.047622680664063,0,0,0,0
3906927342,2000,Flatrock,Township,Henry,Property,roads,R,5,2,151,76,66.51982116699219,33.48017883300781,3906927342,-16.519821166992188,0,0,0,0
3906927342,2004,Flatrock,Township,Henry,Property,roads,R,5,2,344,213,61.75942611694336,38.24057388305664,3906927342,-11.75942611694336,0,0,0,0
3906927342,2011,Flatrock,Township,Henry,Property,roads,A,5,2.3,96,55,63.5761604309082,36.4238395690918,3906927342,-13.576160430908203,0,0,0,0
3906927342,2015,Flatrock,Township,Henry,Property,roads,R,5,2.3,273,99,73.38710021972656,26.612899780273438,3906927342,-23.387100219726563,0,0,0,0
3906927342,2020,Flatrock,Township,Henry,property,roads,R,5,2.3,433,177,70.98360443115234,29.016395568847656,3906927342,-20.983604431152344,0,0,0,0
3906928700,1995,Freedom,Township,Henry,Property,roads,R,5,1.1,283,82,77.53424835205078,22.46575164794922,3906928700,-27.53424835205078,0,0,0,0
3906928700,1999,Freedom,Township,Henry,Property,roads,R,5,1.1,172,43,80,20,3906928700,-30,0,0,0,0
3906928700,2005,Freedom,Township,Henry,Property,roads,R,5,1.1,231,96,70.64220428466797,29.35779571533203,3906928700,-20.64220428466797,0,0,0,0
3906928700,2011,Freedom,Township,Henry,Property,roads,A,5,1.5,227,151,60.05290985107422,39.94709014892578,3906928700,-10.052909851074219,0,0,0,0
3906928700,2015,Freedom,Township,Henry,Property,roads,R,5,1.5,250,84,74.85029602050781,25.149703979492188,3906928700,-24.850296020507813,0,0,0,0
3906928700,2020,Freedom,Township,Henry,property,roads,R,5,1.5,424,138,75.44483947753906,24.555160522460938,3906928700,-25.444839477539063,0,0,0,0
3906935854,2016,Holgate,Village,Henry,Property,roads,A,cpt,2.15,255,192,57.04697799682617,42.95302200317383,3935854,-7.046977996826172,0,0,0,1
3906945794,1996,McClure,Village,Henry,Property,roads,R,5,1.5,154,3800,3.8947901725769043,96.10520935058594,3945794,46.10520935058594,1,0,0,0
3906945794,2018,McClure,Village,Henry,Property,roads,A,5,1.5,69,63,52.272727966308594,47.727272033691406,3945794,-2.2727279663085938,0,1,1,1
3906953550,1996,Napoleon,City,Henry,Income,roads,A,4,.3,819,346,70.30043029785156,29.699569702148438,3953550,-20.300430297851563,0,0,0,0
3906953550,2002,Napoleon,City,Henry,Income,roads,A,5,.3,205,205,50,50,3953550,0,0,1,1,1
3906953564,1992,Napoleon,Township,Henry,Property,roads,A,5,3,281,4114,6.39362907409668,93.60636901855469,3906953564,43.60636901855469,1,0,0,0
3906953564,1993,Napoleon,Township,Henry,Property,roads,R,5,3,494,2146,18.712121963500977,81.28787994384766,3906953564,31.287879943847656,1,0,0,0
3906963296,1991,Pleasant,Township,Henry,Property,roads,R,5,2,236,183,56.324581146240234,43.675418853759766,3906963296,-6.324581146240234,0,0,0,1
3906963296,1994,Pleasant,Township,Henry,Property,roads,R,5,2,332,196,62.878787994384766,37.121212005615234,3906963296,-12.878787994384766,0,0,0,0
3906963296,2001,Pleasant,Township,Henry,Property,roads,R,5,2,232,78,74.83870697021484,25.161293029785156,3906963296,-24.838706970214844,0,0,0,0
3906963296,2006,Pleasant,township,Henry,Property,roads,R,5,2,360,143,71.5705795288086,28.429420471191406,3906963296,-21.570579528808594,0,0,0,0
3906963296,2007,Pleasant,Township,Henry,Property,roads,R,5,2,323,413,43.885868072509766,56.114131927490234,3906963296,6.114131927490234,1,0,0,1
3906963296,2011,Pleasant,Township,Henry,Property,roads,R,5,2,250,108,69.83240509033203,30.16759490966797,3906963296,-19.83240509033203,0,0,0,0
3906963296,2021,Pleasant,Township,Henry,property,roads,R,5,2,105,28,78.9473648071289,21.052635192871094,3906963296,-28.947364807128906,0,0,0,0
3906967062,1991,Ridgeville,Township,Henry,Property,roads,R,5,2,140,49,74.0740737915039,25.925926208496094,3906967062,-24.074073791503906,0,0,0,0
3906967062,1994,Ridgeville,Township,Henry,Property,roads,R,5,2,297,4,98.67109680175781,1.3289031982421875,3906967062,-48.67109680175781,0,0,0,0
3906967062,2000,Ridgeville,Township,Henry,Property,roads,R,5,2,323,150,68.28752899169922,31.71247100830078,3906967062,-18.28752899169922,0,0,0,0
3906967062,2005,Ridgeville,Township,Henry,Property,roads,R,5,2,414,117,77.96610260009766,22.033897399902344,3906967062,-27.966102600097656,0,0,0,0
3906967062,2008,Ridgeville,Township,Henry,Property,roads,R,5,2,279,64,81.34111022949219,18.658889770507813,3906967062,-31.341110229492188,0,0,0,0
3906967062,2020,Ridgeville,Township,Henry,property,roads,R,4,2,499,157,76.06707000732422,23.93292999267578,3906967062,-26.06707000732422,0,0,0,0
3906981326,1995,Washington,Township,Henry,Property,roads,A,5,1.5,292,34,89.57054901123047,10.429450988769531,3906981326,-39.57054901123047,0,0,0,0
3906981326,2001,Washington,Township,Henry,Property,roads,R,5,1.9,248,254,49.40238952636719,50.59761047363281,3906981326,0.5976104736328125,1,1,1,1
3906981326,2006,Washington,Township,Henry,Property,roads,R,5,1.9,299,372,44.56035614013672,55.43964385986328,3906981326,5.439643859863281,1,0,0,1
3906981326,2007,Washington,Township,Henry,Property,roads,R,5,1.9,371,348,51.59944534301758,48.40055465698242,3906981326,-1.5994453430175781,0,1,1,1
3906981326,2010,Washington,Township,Henry,Property,roads,A,5,1.9,76,222,25.503355026245117,74.49664306640625,3906981326,24.49664306640625,1,0,0,0
3906981326,2015,Washington,Township,Henry,Property,roads,A,5,1.5,249,190,56.719818115234375,43.280181884765625,3906981326,-6.719818115234375,0,0,0,1
3906981326,2019,Washington,Township,Henry,property,roads,R,5,1.5,138,59,70.0507583618164,29.949241638183594,3906981326,-20.050758361816406,0,0,0,0
3907145542,2009,Lynchburg,Village,Highland,Property,roads,A,5,5,322,88,78.53658294677734,21.463417053222656,3945542,-28.536582946777344,0,0,0,0
3907145542,2014,Lynchburg,Village,Highland,Property,roads,R,5,5,223,108,67.3716049194336,32.628395080566406,3945542,-17.371604919433594,0,0,0,0
3907145542,2018,Lynchburg,Village,Highland,Property,roads,R,5,5,99,403,19.721115112304688,80.27888488769531,3945542,30.278884887695313,1,0,0,0
3907330842,1995,Good Hope,Township,Hocking,Property,roads,R,5,1,291,155,65.24663543701172,34.75336456298828,3907330842,-15.246635437011719,0,0,0,0
3907330842,2001,Good Hope,Township,Hocking,Property,roads,R,5,1,193,94,67.24738311767578,32.75261688232422,3907330842,-17.24738311767578,0,0,0,0
3907330842,2006,Good Hope,Township,Hocking,Property,roads,R,5,1,355,229,60.78767013549805,39.21232986450195,3907330842,-10.787670135498047,0,0,0,0
3907330842,2010,Good Hope,Township,Hocking,Property,roads,R,5,1,324,198,62.068965911865234,37.931034088134766,3907330842,-12.068965911865234,0,0,0,0
3907330842,2016,Good Hope,Township,Hocking,Property,roads,R,5,1,474,200,70.32640838623047,29.67359161376953,3907330842,-20.32640838623047,0,0,0,0
3907330842,2021,Good Hope,Township,Hocking,property,roads,R,5,1,209,61,77.40740966796875,22.59259033203125,3907330842,-27.40740966796875,0,0,0,0
3907331780,1993,Green,Township,Hocking,Property,roads,A,5,.5,287,228,55.72815704345703,44.27184295654297,3907331780,-5.728157043457031,0,0,0,1
3907331780,1997,Green,Township,Hocking,Property,roads,R,5,1.5,445,181,71.08626556396484,28.913734436035156,3907331780,-21.086265563964844,0,0,0,0
3907331780,2001,Green,Township,Hocking,Property,roads,A,5,2,322,295,52.18800735473633,47.81199264526367,3907331780,-2.188007354736328,0,1,1,1
3907331780,2003,Green,Township,Hocking,Property,roads,R,5,1.5,356,335,51.519535064697266,48.480464935302734,3907331780,-1.5195350646972656,0,1,1,1
3907331780,2006,Green,Township,Hocking,Property,roads,R,5,2,182,161,53.06122589111328,46.93877410888672,3907331780,-3.0612258911132813,0,0,1,1
3907331780,2007,Green,Township,Hocking,Property,roads,R,5,1.5,379,278,57.68645477294922,42.31354522705078,3907331780,-7.686454772949219,0,0,0,0
3907331780,2010,Green,Township,Hocking,Property,roads,R,5,2,449,341,56.83544158935547,43.16455841064453,3907331780,-6.835441589355469,0,0,0,1
3907331780,2012,Green,Township,Hocking,Property,roads,R,5,1.5,740,493,60.01622009277344,39.98377990722656,3907331780,-10.016220092773438,0,0,0,0
3907331780,2015,Green,Township,Hocking,Property,roads,R,5,2,548,251,68.58573150634766,31.414268493652344,3907331780,-18.585731506347656,0,0,0,0
3907331780,2018,Green,Township,Hocking,Property,roads,R,5,1.5,805,287,73.71794891357422,26.28205108642578,3907331780,-23.71794891357422,0,0,0,0
3907342056,1991,Laurel,Township,Hocking,Property,roads,R,5,.5,402,55,87.9649887084961,12.035011291503906,3907342056,-37.964988708496094,0,0,0,0
3907342056,1995,Laurel,Township,Hocking,Property,roads,R,-999,.5,317,87,78.46534729003906,21.534652709960938,3907342056,-28.465347290039063,0,0,0,0
3907342056,2000,Laurel,Township,Hocking,Property,roads,R,5,.5,327,230,58.707359313964844,41.292640686035156,3907342056,-8.707359313964844,0,0,0,0
3907342056,2005,Laurel,Township,Hocking,Property,roads,R,5,.5,212,195,52.08845138549805,47.91154861450195,3907342056,-2.088451385498047,0,1,1,1
3907342056,2010,Laurel,Township,Hocking,Property,roads,R,5,.5,280,212,56.91056823730469,43.08943176269531,3907342056,-6.9105682373046875,0,0,0,1
3907342056,2015,Laurel,Township,Hocking,Property,roads,R,5,.5,430,132,76.51245880126953,23.48754119873047,3907342056,-26.51245880126953,0,0,0,0
3907347740,1996,Marion,Township,Hocking,Property,roads,R,5,1.5,697,979,41.58711242675781,58.41288757324219,3907347740,8.4128875732421875,1,0,0,0
3907347740,1998,Marion,Township,Hocking,Property,roads,R,5,1.5,191,246,43.70709228515625,56.29290771484375,3907347740,6.29290771484375,1,0,0,1
3907347740,2004,Marion,Township,Hocking,Property,roads,R,5,1.5,481,146,76.71451568603516,23.285484313964844,3907347740,-26.714515686035156,0,0,0,0
3907347740,2008,Marion,Township,Hocking,Property,roads,R,5,1.5,200,565,26.14379119873047,73.85620880126953,3907347740,23.85620880126953,1,0,0,0
3907347740,2013,Marion,Township,Hocking,Property,roads,R,5,1.5,669,124,84.36317443847656,15.636825561523438,3907347740,-34.36317443847656,0,0,0,0
3907347740,2018,Marion,Township,Hocking,Property,roads,R,5,1.5,246,256,49.00398254394531,50.99601745605469,3907347740,0.9960174560546875,1,1,1,1
3907353410,1996,Murray City,Village,Hocking,Property,roads,A,5,5,105,95,52.5,47.5,3953410,-2.5,0,1,1,1
3907353410,2002,Murray City,Village,Hocking,Property,roads,A,5,5,63,69,47.727272033691406,52.272727966308594,3953410,2.2727279663085938,1,1,1,1
3907353410,2003,Murray City,Village,Hocking,Property,roads,A,5,3,37,57,39.36170196533203,60.63829803466797,3953410,10.638298034667969,1,0,0,0
3907353410,2004,Murray City,Village,Hocking,Property,roads,A,5,3,79,86,47.878787994384766,52.121212005615234,3953410,2.1212120056152344,1,1,1,1
3907353410,2009,Murray City,Village,Hocking,Property,roads,R,5,3,111,46,70.70063781738281,29.299362182617188,3953410,-20.700637817382813,0,0,0,0
3907353410,2013,Murray City,Village,Hocking,Property,roads,R,5,3,101,27,78.90625,21.09375,3953410,-28.90625,0,0,0,0
3907353410,2018,Murray City,Village,Hocking,Property,roads,R,5,3,109,31,77.85713958740234,22.142860412597656,3953410,-27.857139587402344,0,0,0,0
3907353410,2021,Murray City,Village,Hocking,property,roads,R,5,3,48,15,76.19047546386719,23.809524536132813,3953410,-26.190475463867188,0,0,0,0
3907361868,1999,Perry,Township,Hocking,Property,roads,R,5,1.5,316,167,65.42443084716797,34.57556915283203,3907361868,-15.424430847167969,0,0,0,0
3907361868,2004,Perry,Township,Hocking,Property,roads,R,5,1.5,221,585,27.419355392456055,72.58064270019531,3907361868,22.580642700195313,1,0,0,0
3907361868,2008,Perry,Township,Hocking,Property,roads,R,5,1.5,486,379,56.18497085571289,43.81502914428711,3907361868,-6.184970855712891,0,0,0,1
3907361868,2009,Perry,Township,Hocking,Property,roads,R,5,1.5,447,322,58.127437591552734,41.872562408447266,3907361868,-8.127437591552734,0,0,0,0
3907361868,2014,Perry,Township,Hocking,Property,roads,R,5,1.5,459,170,72.97297668457031,27.027023315429688,3907361868,-22.972976684570313,0,0,0,0
3907361868,2018,Perry,Township,Hocking,Property,roads,R,5,1.5,368,285,56.355281829833984,43.644718170166016,3907361868,-6.355281829833984,0,0,0,1
3907361868,2019,Perry,Township,Hocking,property,roads,R,5,1.5,231,176,56.75675582885742,43.24324417114258,3907361868,-6.756755828857422,0,0,0,1
3907370142,1993,Salt Creek,Township,Hocking,Property,roads,A,5,1,227,87,72.2929916381836,27.707008361816406,3907370142,-22.292991638183594,0,0,0,0
3907370142,1998,Salt Creek,Township,Hocking,Property,roads,A,3,1,280,81,77.56232452392578,22.43767547607422,3907370142,-27.56232452392578,0,0,0,0
3907370142,2001,Salt Creek,Township,Hocking,Property,roads,R,5,1.5,125,15,89.28571319580078,10.714286804199219,3907370142,-39.28571319580078,0,0,0,0
3907370142,2006,Salt Creek,Township,Hocking,Property,roads,A,5,2,19,96,16.521739959716797,83.47825622558594,3907370142,33.47825622558594,1,0,0,0
3907370142,2007,Salt Creek,Township,Hocking,Property,roads,R,5,2,191,177,51.90217208862305,48.09782791137695,3907370142,-1.9021720886230469,0,1,1,1
3907370142,2014,Salt Creek,Township,Hocking,Property,roads,R,5,2,159,117,57.60869598388672,42.39130401611328,3907370142,-7.608695983886719,0,0,0,0
3907370142,2017,Salt Creek,Township,Hocking,Property,roads,R,5,2,188,82,69.62963104248047,30.37036895751953,3907370142,-19.62963104248047,0,0,0,0
3907370142,2018,Salt Creek,Township,Hocking,Property,roads,A,5,2.5,201,180,52.75590515136719,47.24409484863281,3907370142,-2.7559051513671875,0,1,1,1
3907370142,2021,Salt Creek,Township,Hocking,property,roads,R,5,2,151,72,67.71300506591797,32.28699493408203,3907370142,-17.71300506591797,0,0,0,0
3907374405,1994,Starr,Township,Hocking,Property,roads,A,5,1.5,334,254,56.8027229309082,43.1972770690918,3907374405,-6.802722930908203,0,0,0,1
3907374405,2008,Starr,Township,Hocking,Property,roads,R,4,2.3,206,255,44.68546676635742,55.31453323364258,3907374405,5.314533233642578,1,0,0,1
3907374405,2013,Starr,Township,Hocking,Property,roads,A,5,2,342,99,77.55101776123047,22.44898223876953,3907374405,-27.55101776123047,0,0,0,0
3907449042,2002,Mendon,Village,Mercer,Income,roads,A,1000,1,72,76,48.64864730834961,51.35135269165039,3949042,1.3513526916503906,1,1,1,1
3907505830,1993,Berlin,Township,Holmes,Property,roads,R,5,2,279,117,70.45454406738281,29.545455932617188,3907505830,-20.454544067382813,0,0,0,0
3907505830,1998,Berlin,Township,Holmes,Property,roads,R,5,2,397,247,61.64596176147461,38.35403823852539,3907505830,-11.64596176147461,0,0,0,0
3907505830,2003,Berlin,Township,Holmes,Property,roads,R,5,2,208,72,74.28571319580078,25.71428680419922,3907505830,-24.28571319580078,0,0,0,0
3907505830,2008,Berlin,Township,Holmes,Property,roads,R,5,2,626,238,72.453704833984375,27.546295166015625,3907505830,-22.453704833984375,0,0,0,0
3907505830,2013,Berlin,Township,Holmes,Property,roads,R,5,2,422,119,78.00370025634766,21.996299743652344,3907505830,-28.003700256347656,0,0,0,0
3907505830,2018,Berlin,Township,Holmes,Property,roads,R,5,2,648,200,76.41509246826172,23.58490753173828,3907505830,-26.41509246826172,0,0,0,0
3907515280,1994,Clark,Township,Holmes,Property,roads,A,5,2.5,111,120,48.05194854736328,51.94805145263672,3907515280,1.9480514526367188,1,1,1,1
3907515280,1999,Clark,Township,Holmes,Property,roads,R,5,2.5,66,32,67.34693908691406,32.65306091308594,3907515280,-17.346939086914063,0,0,0,0
3907515280,2004,Clark,Township,Holmes,Property,roads,R,5,2.5,103,48,68.21192169189453,31.78807830810547,3907515280,-18.21192169189453,0,0,0,0
3907515280,2008,Clark,Township,Holmes,Property,roads,R,5,2.5,174,108,61.70212936401367,38.29787063598633,3907515280,-11.702129364013672,0,0,0,0
3907515280,2014,Clark,Township,Holmes,Property,roads,R,5,2.5,34,13,72.340423583984375,27.659576416015625,3907515280,-22.340423583984375,0,0,0,0
3907515280,2018,Clark,Township,Holmes,Property,roads,R,5,2.5,207,64,76.3837661743164,23.616233825683594,3907515280,-26.383766174316406,0,0,0,0
3907540194,2000,Killbuck,Township,Holmes,Property,roads,R,5,.5,340,394,46.32152557373047,53.67847442626953,3907540194,3.6784744262695313,1,0,1,1
3907540194,2001,Killbuck,Township,Holmes,Property,roads,A,5,1,135,184,42.31974792480469,57.68025207519531,3907540194,7.6802520751953125,1,0,0,0
3907540194,2015,Killbuck,Township,Holmes,Property,roads,A,5,3.25,267,309,46.35416793823242,53.64583206176758,3907540194,3.645832061767578,1,0,1,1
3907540194,2016,Killbuck,Township,Holmes,Property,roads,A,5,3.25,242,270,47.265625,52.734375,3907540194,2.734375,1,1,1,1
3907540852,1993,Knox,Township,Holmes,Property,roads,R,5,2,166,97,63.11787033081055,36.88212966918945,3907540852,-13.117870330810547,0,0,0,0
3907540852,1997,Knox,Township,Holmes,Property,roads,R,5,2,189,98,65.8536605834961,34.146339416503906,3907540852,-15.853660583496094,0,0,0,0
3907540852,2002,Knox,Township,Holmes,Property,roads,R,5,2,216,148,59.340660095214844,40.659339904785156,3907540852,-9.340660095214844,0,0,0,0
3907540852,2007,Knox,Township,Holmes,Property,roads,R,5,2,240,99,70.79646301269531,29.203536987304688,3907540852,-20.796463012695313,0,0,0,0
3907540852,2010,Knox,Township,Holmes,Property,roads,A,5,2,168,287,36.92307662963867,63.07692337036133,3907540852,13.076923370361328,1,0,0,0
3907540852,2012,Knox,Township,Holmes,Property,roads,R,5,2,372,172,68.382354736328125,31.617645263671875,3907540852,-18.382354736328125,0,0,0,0
3907540852,2017,Knox,Township,Holmes,Property,roads,R,5,2,192,53,78.36734771728516,21.632652282714844,3907540852,-28.367347717285156,0,0,0,0
3907548692,1991,Mechanic,Township,Holmes,Property,roads,R,5,1,314,467,40.204864501953125,59.795135498046875,3907548692,9.795135498046875,1,0,0,0
3907548692,2000,Mechanic,Township,Holmes,Property,roads,R,5,1,294,870,25.257732391357422,74.74226379394531,3907548692,24.742263793945313,1,0,0,0
3907548692,2005,Mechanic,Township,Holmes,Property,roads,R,5,1,411,997,29.190340042114258,70.809661865234375,3907548692,20.809661865234375,1,0,0,0
3907548692,2010,Mechanic,Township,Holmes,Property,roads,R,5,1,348,273,56.03864669799805,43.96135330200195,3907548692,-6.038646697998047,0,0,0,1
3907548692,2015,Mechanic,Township,Holmes,Property,roads,R,5,1,395,149,72.61029052734375,27.38970947265625,3907548692,-22.61029052734375,0,0,0,0
3907548692,2020,Mechanic,Township,Holmes,property,roads,R,5,1,625,262,70.46223449707031,29.537765502929688,3907548692,-20.462234497070313,0,0,0,0
3907551422,1991,Monroe,Township,Holmes,Property,roads,R,5,2.5,394,169,69.98223876953125,30.01776123046875,3907551422,-19.98223876953125,0,0,0,0
3907551422,1994,Monroe,Township,Holmes,Property,roads,R,5,1.5,508,164,75.5952377319336,24.404762268066406,3907551422,-25.595237731933594,0,0,0,0
3907551422,2000,Monroe,Township,Holmes,Property,roads,R,5,1.5,287,870,24.805532455444336,75.19446563720703,3907551422,25.19446563720703,1,0,0,0
3907551422,2006,Monroe,Township,Holmes,Property,roads,R,5,1.5,237,269,46.83794403076172,53.16205596923828,3907551422,3.1620559692382813,1,0,1,1
3907551422,2007,Monroe,Township,Holmes,Property,roads,A,5,2.5,257,182,58.54214096069336,41.45785903930664,3907551422,-8.54214096069336,0,0,0,0
3907551422,2010,Monroe,Township,Holmes,Property,roads,A,5,2.5,309,231,57.22222137451172,42.77777862548828,3907551422,-7.222221374511719,0,0,0,1
3907551422,2012,Monroe,Township,Holmes,Property,roads,R,5,1.5,318,218,59.3283576965332,40.6716423034668,3907551422,-9.328357696533203,0,0,0,0
3907551422,2015,Monroe,Township,Holmes,Property,roads,R,5,2.5,382,104,78.60082244873047,21.39917755126953,3907551422,-28.60082244873047,0,0,0,0
3907551422,2016,Monroe,Township,Holmes,Property,roads,R,5,1.5,512,238,68.26667022705078,31.73332977294922,3907551422,-18.26667022705078,0,0,0,0
3907551422,2020,Monroe,Township,Holmes,property,roads,R,5,2.5,609,197,75.55831146240234,24.441688537597656,3907551422,-25.558311462402344,0,0,0,0
3907551422,2021,Monroe,Township,Holmes,property,roads,R,5,1.5,279,60,82.30088806152344,17.699111938476563,3907551422,-32.30088806152344,0,0,0,0
3907559514,1991,Paint,Township,Holmes,Property,roads,R,5,2,309,22,93.35347747802734,6.646522521972656,3907559514,-43.353477478027344,0,0,0,0
3907559514,1992,Paint,Township,Holmes,Property,roads,R,5,1,351,114,75.48387145996094,24.516128540039063,3907559514,-25.483871459960938,0,0,0,0
3907559514,1994,Paint,Township,Holmes,Property,roads,A,-999,1,123,160,43.46289825439453,56.53710174560547,3907559514,6.537101745605469,1,0,0,1
3907559514,1995,Paint,Township,Holmes,Property,roads,R,5,1,154,80,65.81196594238281,34.18803405761719,3907559514,-15.811965942382813,0,0,0,0
3907559514,1996,Paint,Township,Holmes,Property,roads,R,5,1,180,251,41.76333999633789,58.23666000366211,3907559514,8.23666000366211,1,0,0,0
3907559514,1998,Paint,Township,Holmes,Property,roads,A,5,2,186,210,46.969696044921875,53.030303955078125,3907559514,3.030303955078125,1,0,1,1
3907559514,1999,Paint,Township,Holmes,Property,roads,A,5,2,66,95,40.99378967285156,59.00621032714844,3907559514,9.0062103271484375,1,0,0,0
3907559514,2002,Paint,Township,Holmes,Property,roads,R,5,2,115,135,46,54,3907559514,4,1,0,1,1
3907559514,2003,Paint,Township,Holmes,Property,roads,R,5,2,59,136,30.256410598754883,69.74359130859375,3907559514,19.74359130859375,1,0,0,0
3907559514,2004,Paint,Township,Holmes,Property,roads,R,5,2,192,210,47.761192321777344,52.238807678222656,3907559514,2.2388076782226563,1,1,1,1
3907559514,2006,Paint,Township,Holmes,Property,roads,A,5,2.5,206,216,48.81516647338867,51.18483352661133,3907559514,1.1848335266113281,1,1,1,1
3907559514,2008,Paint,Township,Holmes,Property,roads,A,5,2.5,216,239,47.47252655029297,52.52747344970703,3907559514,2.5274734497070313,1,1,1,1
3907559514,2009,Paint,Township,Holmes,Property,roads,R,5,2,224,143,61.035423278808594,38.964576721191406,3907559514,-11.035423278808594,0,0,0,0
3907559514,2013,Paint,Township,Holmes,Property,roads,R,5,2.5,275,97,73.92472839355469,26.075271606445313,3907559514,-23.924728393554688,0,0,0,0
3907559514,2014,Paint,Township,Holmes,Property,roads,R,5,1,99,140,41.4225959777832,58.5774040222168,3907559514,8.577404022216797,1,0,0,0
3907559514,2018,Paint,Township,Holmes,Property,roads,R,5,2.5,172,169,50.439884185791016,49.560115814208984,3907559514,-0.4398841857910156,0,1,1,1
3907559514,2020,Paint,Township,Holmes,property,roads,R,5,2.5,430,228,65.34954071044922,34.65045928955078,3907559514,-15.349540710449219,0,0,0,0
3907559514,2021,Paint,Township,Holmes,property,roads,R,5,2,88,21,80.73394775390625,19.26605224609375,3907559514,-30.73394775390625,0,0,0,0
3907564584,1991,Prairie,Township,Holmes,Property,roads,A,5,4,217,3036,6.670765399932861,93.32923126220703,3907564584,43.32923126220703,1,0,0,0
3907564584,1992,Prairie,Township,Holmes,Property,roads,A,5,1.4,176,184,48.88888931274414,51.11111068725586,3907564584,1.1111106872558594,1,1,1,1
3907564584,1993,Prairie,Township,Holmes,Property,roads,A,-999,1.4,138,163,45.84717559814453,54.15282440185547,3907564584,4.152824401855469,1,0,1,1
3907564584,1996,Prairie,Township,Holmes,Property,roads,R,5,2,291,289,50.17241287231445,49.82758712768555,3907564584,-0.17241287231445313,0,1,1,1
3907564584,2001,Prairie,Township,Holmes,Property,roads,R,5,2,246,144,63.07692337036133,36.92307662963867,3907564584,-13.076923370361328,0,0,0,0
3907564584,2004,Prairie,Township,Holmes,Property,roads,R,5,2,235,385,37.90322494506836,62.09677505493164,3907564584,12.09677505493164,1,0,0,0
3907564584,2006,Prairie,Township,Holmes,Property,roads,A,5,2,146,226,39.247310638427734,60.752689361572266,3907564584,10.752689361572266,1,0,0,0
3907564584,2011,Prairie,Township,Holmes,Property,roads,R,5,2,197,156,55.80736541748047,44.19263458251953,3907564584,-5.807365417480469,0,0,0,1
3907564584,2016,Prairie,Township,Holmes,Property,roads,R,5,2,425,283,60.02824783325195,39.97175216674805,3907564584,-10.028247833251953,0,0,0,0
3907564584,2018,Prairie,Township,Holmes,Property,roads,A,5,2.5,266,274,49.25925827026367,50.74074172973633,3907564584,0.7407417297363281,1,1,1,1
3907564584,2019,Prairie,Township,Holmes,property,roads,A,3,3.75,171,153,52.77777862548828,47.22222137451172,3907564584,-2.7777786254882813,0,1,1,1
3907564584,2021,Prairie,Township,Holmes,property,roads,R,3,3.75,214,108,66.459625244140625,33.540374755859375,3907564584,-16.459625244140625,0,0,0,0
3907566712,1994,Richland,Township,Holmes,Property,roads,R,5,1,178,62,74.16666412353516,25.833335876464844,3907566712,-24.166664123535156,0,0,0,0
3907566712,2001,Richland,Township,Holmes,Property,roads,R,5,1,147,85,63.36206817626953,36.63793182373047,3907566712,-13.362068176269531,0,0,0,0
3907566712,2002,Richland,Township,Holmes,Property,roads,R,5,1,258,261,49.71098327636719,50.28901672363281,3907566712,0.2890167236328125,1,1,1,1
3907566712,2005,Richland,Township,Holmes,Property,roads,R,5,1,147,159,48.039215087890625,51.960784912109375,3907566712,1.960784912109375,1,1,1,1
3907566712,2010,Richland,Township,Holmes,Property,roads,R,5,1,271,88,75.48746490478516,24.512535095214844,3907566712,-25.487464904785156,0,0,0,0
3907566712,2014,Richland,Township,Holmes,Property,roads,R,5,1,172,70,71.07437896728516,28.925621032714844,3907566712,-21.074378967285156,0,0,0,0
3907567286,1994,Ripley,Township,Holmes,Property,roads,R,5,2.5,34,125,21.383647918701172,78.61634826660156,3907567286,28.616348266601563,1,0,0,0
3907567286,1998,Ripley,Township,Holmes,Property,roads,R,5,1.5,270,308,46.71280288696289,53.28719711303711,3907567286,3.2871971130371094,1,0,1,1
3907567286,2002,Ripley,Township,Holmes,Property,roads,A,5,2,276,429,39.1489372253418,60.8510627746582,3907567286,10.851062774658203,1,0,0,0
3907567286,2004,Ripley,Township,Holmes,Property,roads,R,5,1.3,184,383,32.451499938964844,67.54850006103516,3907567286,17.548500061035156,1,0,0,0
3907567286,2007,Ripley,Township,Holmes,Property,roads,A,5,1.2,417,428,49.34911346435547,50.65088653564453,3907567286,0.65088653564453125,1,1,1,1
3907567286,2010,Ripley,Township,Holmes,Property,roads,R,5,1.3,417,274,60.34732437133789,39.65267562866211,3907567286,-10.34732437133789,0,0,0,0
3907567286,2015,Ripley,Township,Holmes,Property,roads,R,5,2.5,369,15,96.09375,3.90625,3907567286,-46.09375,0,0,0,0
3907567286,2019,Ripley,Township,Holmes,property,roads,R,5,2.5,210,59,78.0669174194336,21.933082580566406,3907567286,-28.066917419433594,0,0,0,0
3907570156,1992,Salt Creek,Township,Holmes,Property,roads,R,5,1.5,222,287,43.614933013916016,56.385066986083984,3907570156,6.385066986083984,1,0,0,1
3907570156,1993,Salt Creek,Township,Holmes,Property,roads,A,3,1,133,121,52.362205505371094,47.637794494628906,3907570156,-2.3622055053710938,0,1,1,1
3907570156,1994,Salt Creek,Township,Holmes,Property,roads,A,3,1,175,142,55.205047607421875,44.794952392578125,3907570156,-5.205047607421875,0,0,0,1
3907570156,1997,Salt Creek,Township,Holmes,Property,roads,R,5,1.5,214,48,81.67938995361328,18.32061004638672,3907570156,-31.67938995361328,0,0,0,0
3907570156,1998,Salt Creek,Township,Holmes,Property,roads,A,5,1,74,142,34.25925827026367,65.74073791503906,3907570156,15.740737915039063,1,0,0,0
3907570156,2001,Salt Creek,Township,Holmes,Property,roads,R,5,1.5,214,6,97.2727279663086,2.7272720336914063,3907570156,-47.272727966308594,0,0,0,0
3907570156,2005,Salt Creek,Township,Holmes,Property,roads,R,5,1,132,74,64.077667236328125,35.922332763671875,3907570156,-14.077667236328125,0,0,0,0
3907570156,2010,Salt Creek,Township,Holmes,Property,roads,R,5,1,187,175,51.6574592590332,48.3425407409668,3907570156,-1.6574592590332031,0,1,1,1
3907570156,2015,Salt Creek,Township,Holmes,Property,roads,R,5,1,261,176,59.725399017333984,40.274600982666016,3907570156,-9.725399017333984,0,0,0,0
3907570156,2018,Saltcreek,Township,Holmes,Property,roads,R,5,1,368,97,79.13978576660156,20.860214233398438,3907570156,-29.139785766601563,0,0,0,0
3907570156,2021,Saltcreek,Township,Holmes,property,roads,R,5,1,96,22,81.3559341430664,18.644065856933594,3907570156,-31.355934143066406,0,0,0,0
3907580626,1992,Walnut Creek,Township,Holmes,Property,roads,R,5,1.5,511,1106,31.60173225402832,68.39826965332031,3907580626,18.398269653320313,1,0,0,0
3907580626,1998,Walnut Creek,Township,Holmes,Property,roads,R,5,1.5,283,139,67.061614990234375,32.938385009765625,3907580626,-17.061614990234375,0,0,0,0
3907580626,2008,Walnut creek,Township,Holmes,Property,roads,R,5,1.5,297,151,66.29463958740234,33.705360412597656,3907580626,-16.294639587402344,0,0,0,0
3907580626,2013,Walnut Creek,Township,Holmes,Property,roads,R,5,1.5,162,90,64.28571319580078,35.71428680419922,3907580626,-14.285713195800781,0,0,0,0
3907580626,2018,Walnut Creek,Township,Holmes,Property,roads,R,5,1.5,498,132,79.04762268066406,20.952377319335938,3907580626,-29.047622680664063,0,0,0,0
3907581368,1996,Washington,Township,Holmes,Property,roads,R,-999,2,231,166,58.186397552490234,41.813602447509766,3907581368,-8.186397552490234,0,0,0,0
3907581368,1997,Washington,Township,Holmes,Property,roads,R,3,2,312,441,41.434261322021484,58.565738677978516,3907581368,8.565738677978516,1,0,0,0
3907581368,2001,Washington,Township,Holmes,Property,roads,R,5,2,298,167,64.08602142333984,35.913978576660156,3907581368,-14.086021423339844,0,0,0,0
3907581368,2002,Washington,Township,Holmes,Property,roads,R,3,2,311,429,42.02702713012695,57.97297286987305,3907581368,7.972972869873047,1,0,0,0
3907581368,2006,Washington,Township,Holmes,Property,roads,R,3,2,129,224,36.54391098022461,63.45608901977539,3907581368,13.45608901977539,1,0,0,0
3907581368,2007,Washington,Township,Holmes,Property,roads,R,3,2,449,428,51.197261810302734,48.802738189697266,3907581368,-1.1972618103027344,0,1,1,1
3907581368,2012,Washington,Township,Holmes,Property,roads,R,3,2,392,214,64.68647003173828,35.31352996826172,3907581368,-14.686470031738281,0,0,0,0
3907581368,2016,Washington,Township,Holmes,Property,roads,R,5,3,293,226,56.45471954345703,43.54528045654297,3907581368,-6.454719543457031,0,0,0,1
3907581368,2019,Washington,Township,Holmes,property,roads,R,3,2,323,122,72.58426666259766,27.415733337402344,3907581368,-22.584266662597656,0,0,0,0
3907581368,2021,Washington,Township,Holmes,property,roads,R,5,2,231,72,76.23762512207031,23.762374877929688,3907581368,-26.237625122070313,0,0,0,0
3907715364,1993,Clarksfield,Township,Huron,Property,roads,R,5,.9,197,120,62.145111083984375,37.854888916015625,3907715364,-12.145111083984375,0,0,0,0
3907715364,1994,Clarksfield,Township,Huron,Property,roads,R,5,1,239,150,61.43959045410156,38.56040954589844,3907715364,-11.439590454101563,0,0,0,0
3907715364,1999,Clarksfield,Township,Huron,Property,roads,R,5,.9,166,121,57.8397216796875,42.1602783203125,3907715364,-7.8397216796875,0,0,0,0
3907715364,2000,Clarksfield,Township,Huron,Property,roads,R,5,1,124,100,55.35714340209961,44.64285659790039,3907715364,-5.357143402099609,0,0,0,1
3907715364,2004,Clarksfield,Township,Huron,Property,roads,R,5,.9,116,81,58.88324737548828,41.11675262451172,3907715364,-8.883247375488281,0,0,0,0
3907715364,2008,Clarksfield,Township,Huron,Property,roads,R,5,.9,410,316,56.47382736206055,43.52617263793945,3907715364,-6.473827362060547,0,0,0,1
3907715364,2014,Clarksfield,Township,Huron,Property,roads,R,5,.9,87,69,55.769229888916016,44.230770111083984,3907715364,-5.769229888916016,0,0,0,1
3907715364,2019,Clarksfield,Township,Huron,property,roads,R,5,.9,146,180,44.785274505615234,55.214725494384766,3907715364,5.214725494384766,1,0,0,1
3907715364,2020,Clarksfield,Township,Huron,property,roads,A,5,.9,110,132,45.45454406738281,54.54545593261719,3907715364,4.5454559326171875,1,0,1,1
3907727216,1991,Fitchville,Township,Huron,Property,roads,R,5,1,119,71,62.6315803527832,37.3684196472168,3907727216,-12.631580352783203,0,0,0,0
3907727216,2001,Fitchville,Township,Huron,Property,roads,R,5,1,81,46,63.77952575683594,36.22047424316406,3907727216,-13.779525756835938,0,0,0,0
3907727216,2005,Fitchville,Township,Huron,Property,roads,R,5,1,151,91,62.39669418334961,37.60330581665039,3907727216,-12.39669418334961,0,0,0,0
3907727216,2010,Fitchville,Township,Huron,Property,roads,R,5,1,203,100,66.99669647216797,33.00330352783203,3907727216,-16.99669647216797,0,0,0,0
3907727216,2015,Fitchville,Township,Huron,Property,roads,R,5,1,192,78,71.111114501953125,28.888885498046875,3907727216,-21.111114501953125,0,0,0,0
3907727216,2020,Fitchville,Township,Huron,property,roads,R,5,1,315,190,62.37623596191406,37.62376403808594,3907727216,-12.376235961914063,0,0,0,0
3907732382,1993,Greenwich,Township,Huron,Property,roads,R,3,3,97,55,63.81578826904297,36.18421173095703,3907732382,-13.815788269042969,0,0,0,0
3907732382,1999,Greenwich,Township,Huron,Property,roads,A,3,3,29,17,63.043479919433594,36.956520080566406,3907732382,-13.043479919433594,0,0,0,0
3907732382,2002,Greenwich,Township,Huron,Property,roads,R,3,3,128,103,55.4112548828125,44.5887451171875,3907732382,-5.4112548828125,0,0,0,1
3907732382,2004,Greenwich,Township,Huron,Property,roads,R,3,3,187,166,52.97450256347656,47.02549743652344,3907732382,-2.9745025634765625,0,1,1,1
3907732382,2008,Greenwich,Township,Huron,Property,roads,R,3,3,201,140,58.94428253173828,41.05571746826172,3907732382,-8.944282531738281,0,0,0,0
3907732382,2010,Greenwich,Township,Huron,Property,roads,R,3,3,145,77,65.31531524658203,34.68468475341797,3907732382,-15.315315246582031,0,0,0,0
3907732382,2013,Greenwich,Township,Huron,Property,roads,R,3,3,72,28,72,28,3907732382,-22,0,0,0,0
3907732382,2016,Greenwich,Township,Huron,Property,roads,R,3,3,214,117,64.6525650024414,35.347434997558594,3907732382,-14.652565002441406,0,0,0,0
3907732382,2021,Greenwich,Township,Huron,property,roads,A,5,3,33,48,40.74074172973633,59.25925827026367,3907732382,9.259258270263672,1,0,0,0
3907745514,1991,Lyme,Township,Huron,Property,roads,R,5,1.4,250,225,52.6315803527832,47.3684196472168,3907745514,-2.631580352783203,0,1,1,1
3907745514,2004,Lyme,Township,Huron,Property,roads,R,5,1.4,302,185,62.01232147216797,37.98767852783203,3907745514,-12.012321472167969,0,0,0,0
3907745514,2008,Lyme,Township,Huron,Property,roads,R,5,1.4,363,282,56.27906799316406,43.72093200683594,3907745514,-6.2790679931640625,0,0,0,1
3907745514,2014,Lyme,Township,Huron,Property,roads,R,5,1.4,302,81,78.8511734008789,21.148826599121094,3907745514,-28.851173400878906,0,0,0,0
3907745514,2020,Lyme,Township,Huron,property,roads,R,5,1.4,394,138,74.060150146484375,25.939849853515625,3907745514,-24.060150146484375,0,0,0,0
3907754908,2019,New London,Village,Huron,property,roads,A,cpt,3.5,181,310,36.86354446411133,63.13645553588867,3954908,13.136455535888672,1,0,0,0
3907767300,1992,Ripley,Township,Huron,Property,roads,A,5,1.5,139,266,34.320987701416016,65.67901611328125,3907767300,15.67901611328125,1,0,0,0
3907767300,2007,Ripley,Township,Huron,Property,roads,A,3,1.9,74,50,59.67741775512695,40.32258224487305,3907767300,-9.677417755126953,0,0,0,0
3907767300,2008,Ripley,Township,Huron,Property,roads,A,3,1.9,121,332,26.710817337036133,73.2891845703125,3907767300,23.2891845703125,1,0,0,0
3907767300,2009,Ripley,Township,Huron,Property,roads,A,3,1.9,37,167,18.13725471496582,81.86274719238281,3907767300,31.862747192382813,1,0,0,0
3907767300,2019,Ripley,Township,Huron,property,roads,A,5,1.5,56,76,42.42424392700195,57.57575607299805,3907767300,7.575756072998047,1,0,0,0
3907777158,2006,Townsend,Township,Huron,Property,roads,A,1000,2,71,164,30.212766647338867,69.7872314453125,3907777158,19.7872314453125,1,0,0,0
3907780472,1991,Wakeman,Township,Huron,Property,roads,A,5,1.5,352,157,69.15520477294922,30.84479522705078,3907780472,-19.15520477294922,0,0,0,0
3907780472,2019,Wakeman,Township,Huron,property,roads,R,5,1.5,342,141,70.80745697021484,29.192543029785156,3907780472,-20.807456970214844,0,0,0,0
3907785232,2008,Willard,City,Huron,Income,roads,A,2,.25,723,1432,33.54988479614258,66.45011901855469,3985232,16.450119018554688,1,0,0,0
3907785232,2011,Willard,City,Huron,Income,roads,A,4,.5,559,775,41.904048919677734,58.095951080322266,3985232,8.095951080322266,1,0,0,0
3907785232,2013,Willard,City,Huron,Property,roads,A,1000,1,494,295,62.61090087890625,37.38909912109375,3985232,-12.61090087890625,0,0,0,0
3907916434,2005,Coalton,Village,Jackson,Property,roads,A,5,3,71,135,34.46601867675781,65.53398132324219,3916434,15.533981323242188,1,0,0,0
3907916434,2012,Coalton,Village,Jackson,Property,roads,A,5,2,93,89,51.098899841308594,48.901100158691406,3916434,-1.0988998413085938,0,1,1,1
3907916434,2013,Coalton,Village,Jackson,Property,roads,A,5,2,64,37,63.366336822509766,36.633663177490234,3916434,-13.366336822509766,0,0,0,0
3907937842,2016,Jackson,City,Jackson,Income,roads,A,N/A,1,955,1648,36.68843460083008,63.31156539916992,3937842,13.311565399169922,1,0,0,0
3907937842,2020,Jackson,City,Jackson,income,roads,A,5,1.5,1482,1228,54.68634796142578,45.31365203857422,3937842,-4.686347961425781,0,0,1,1
3907957596,2011,Oak Hill,Village,Jackson,Property,roads,R,5,1.5,349,229,60.38062286376953,39.61937713623047,3957596,-10.380622863769531,0,0,0,0
3907982712,2002,Wellston,City,Jackson,Property,roads,R,5,1.9,1135,789,58.99168395996094,41.00831604003906,3982712,-8.9916839599609375,0,0,0,0
3907982712,2007,Wellston,City,Jackson,Property,roads,R,5,1.9,1199,904,57.013790130615234,42.986209869384766,3982712,-7.013790130615234,0,0,0,1
3907982712,2010,Wellston,City,Jackson,Property,roads,R,5,1.9,540,1001,35.042179107666016,64.95782470703125,3982712,14.95782470703125,1,0,0,0
3907982712,2012,Wellston,City,Jackson,Property,roads,R,5,1.9,713,865,45.18377685546875,54.81622314453125,3982712,4.81622314453125,1,0,1,1
3907982712,2017,Wellston,City,Jackson,Property,roads,A,5,2,633,520,54.90026092529297,45.09973907470703,3982712,-4.900260925292969,0,0,1,1
3908100464,1994,Adena,Village,Jefferson,Property,roads,R,5,6,228,127,64.22534942626953,35.77465057373047,3900464,-14.225349426269531,0,0,0,0
3908100464,1999,Adena,Village,Jefferson,Property,roads,R,5,6,188,98,65.73426818847656,34.26573181152344,3900464,-15.734268188476563,0,0,0,0
3908100464,2004,Adena,Village,Jefferson,Property,roads,R,5,6,376,200,65.27777862548828,34.72222137451172,3900464,-15.277778625488281,0,0,0,0
3908100464,2009,Adena,Village,Jefferson,Property,roads,R,5,6,230,101,69.48640441894531,30.513595581054688,3900464,-19.486404418945313,0,0,0,0
3908100464,2014,Adena,Village,Jefferson,Property,roads,R,5,6,155,62,71.42857360839844,28.571426391601563,3900464,-21.428573608398438,0,0,0,0
3908100464,2020,Adena,Village,Jefferson,property,roads,R,5,6,279,104,72.84595489501953,27.15404510498047,3900464,-22.84595489501953,0,0,0,0
3908119484,1995,Cross Creek,Township,Jefferson,Property,roads,R,5,1,1107,952,53.76396179199219,46.23603820800781,3908119484,-3.7639617919921875,0,0,1,1
3908119484,2000,Cross Creek,Township,Jefferson,Property,roads,R,5,1,1504,1356,52.5874137878418,47.4125862121582,3908119484,-2.587413787841797,0,1,1,1
3908119484,2005,Cross Creek,Township,Jefferson,Property,roads,R,5,1,1032,692,59.86079025268555,40.13920974731445,3908119484,-9.860790252685547,0,0,0,0
3908119484,2010,Cross Creek,Township,Jefferson,Property,roads,R,5,1,1326,833,61.41732406616211,38.58267593383789,3908119484,-11.41732406616211,0,0,0,0
3908119484,2015,Cross Creek,Township,Jefferson,Property,roads,R,5,1,1145,582,66.29994201660156,33.70005798339844,3908119484,-16.299942016601563,0,0,0,0
3908119484,2021,Cross Creek,Township,Jefferson,property,roads,R,5,1,142,48,74.7368392944336,25.263160705566406,3908119484,-24.736839294433594,0,0,0,0
3908137534,1993,Island Creek,Township,Jefferson,Property,roads,R,5,2,1201,651,64.84880828857422,35.15119171142578,3908137534,-14.848808288574219,0,0,0,0
3908137534,1998,Island Creek,Township,Jefferson,Property,roads,R,1000,2,1389,1018,57.706687927246094,42.293312072753906,3908137534,-7.706687927246094,0,0,0,0
3908137534,2015,Island Creek,Township,Jefferson,Property,roads,A,5,2,889,1195,42.658348083496094,57.341651916503906,3908137534,7.341651916503906,1,0,0,1
3908137534,2018,Island Creek,Township,Jefferson,Property,roads,A,5,2,1286,1115,53.56101608276367,46.43898391723633,3908137534,-3.561016082763672,0,0,1,1
3908140866,1995,Knox,Township,Jefferson,Property,roads,R,5,.5,430,180,70.49180603027344,29.508193969726563,3908140866,-20.491806030273438,0,0,0,0
3908140866,1997,Knox,Township,Jefferson,Property,roads,R,5,1,473,208,69.45668029785156,30.543319702148438,3908140866,-19.456680297851563,0,0,0,0
3908140866,2000,Knox,Township,Jefferson,Property,roads,A,5,1.5,227,162,58.35475540161133,41.64524459838867,3908140866,-8.354755401611328,0,0,0,0
3908140866,2002,Knox,Township,Jefferson,Property,roads,R,5,1,416,171,70.86882781982422,29.13117218017578,3908140866,-20.86882781982422,0,0,0,0
3908140866,2004,Knox,Township,Jefferson,Property,roads,R,5,1.5,583,460,55.896453857421875,44.103546142578125,3908140866,-5.896453857421875,0,0,0,1
3908140866,2005,Knox,Township,Jefferson,Property,roads,R,5,.5,545,214,71.80500793457031,28.194992065429688,3908140866,-21.805007934570313,0,0,0,0
3908140866,2007,Knox,Township,Jefferson,Property,roads,R,5,1,377,311,54.796512603759766,45.203487396240234,3908140866,-4.796512603759766,0,0,1,1
3908140866,2009,Knox,Township,Jefferson,Property,roads,R,5,1.5,469,213,68.76832580566406,31.231674194335938,3908140866,-18.768325805664063,0,0,0,0
3908140866,2011,Knox,Township,Jefferson,Property,roads,R,5,.5,63,32,66.31578826904297,33.68421173095703,3908140866,-16.31578826904297,0,0,0,0
3908140866,2012,Knox,Township,Jefferson,Property,roads,R,5,1,578,409,58.56129837036133,41.43870162963867,3908140866,-8.561298370361328,0,0,0,0
3908140866,2015,Knox,Township,Jefferson,Property,roads,R,5,1.5,452,229,66.37297821044922,33.62702178955078,3908140866,-16.37297821044922,0,0,0,0
3908140866,2016,Knox,Township,Jefferson,Property,roads,R,5,.5,382,230,62.41830062866211,37.58169937133789,3908140866,-12.41830062866211,0,0,0,0
3908140866,2018,Knox,Township,Jefferson,Property,roads,R,5,1,578,221,72.340423583984375,27.659576416015625,3908140866,-22.340423583984375,0,0,0,0
3908140866,2020,Knox,Township,Jefferson,property,roads,R,5,1.5,636,345,64.83180236816406,35.16819763183594,3908140866,-14.831802368164063,0,0,0,0
3908140866,2021,Knox,Township,Jefferson,property,roads,R,5,.5,192,79,70.84870910644531,29.151290893554688,3908140866,-20.848709106445313,0,0,0,0
3908169876,1993,Salem,Township,Jefferson,Property,roads,A,5,2,584,245,70.446319580078125,29.553680419921875,3908169876,-20.446319580078125,0,0,0,0
3908169876,2002,Salem,Township,Jefferson,Property,roads,A,5,2,197,153,56.28571319580078,43.71428680419922,3908169876,-6.285713195800781,0,0,0,1
3908172767,1991,Smithfield,Township,Jefferson,Property,roads,A,1000,1,339,128,72.59100341796875,27.40899658203125,3908172767,-22.59100341796875,0,0,0,0
3908174122,1992,Springfield,Township,Jefferson,Property,roads,R,5,2,63,1616,3.7522335052490234,96.24776458740234,3908174122,46.247764587402344,1,0,0,0
3908174122,1999,Springfield,Township,Jefferson,Property,roads,R,5,2,281,95,74.734039306640625,25.265960693359375,3908174122,-24.734039306640625,0,0,0,0
3908174122,2004,Springfield,Township,Jefferson,Property,roads,R,5,2,184,261,41.34831619262695,58.65168380737305,3908174122,8.651683807373047,1,0,0,0
3908174122,2009,Springfield,Township,Jefferson,Property,roads,R,5,2,308,126,70.967742919921875,29.032257080078125,3908174122,-20.967742919921875,0,0,0,0
3908174122,2015,Springfield,Township,Jefferson,Property,roads,R,5,2,245,29,89.41606140136719,10.583938598632813,3908174122,-39.41606140136719,0,0,0,0
3908174122,2019,Springfield,Township,Jefferson,property,roads,R,5,2,179,64,73.66255187988281,26.337448120117188,3908174122,-23.662551879882813,0,0,0,0
3908174608,1992,Steubenville,City,Jefferson,Income,roads,A,5,.7,4301,3765,53.32258987426758,46.67741012573242,3974608,-3.322589874267578,0,0,1,1
3908174608,1996,Steubenville,City,Jefferson,Income,roads,R,5,.3,2828,3460,44.97455596923828,55.02544403076172,3974608,5.025444030761719,1,0,0,1
3908174608,2006,Steubenville,City,Jefferson,Income,roads,R,5,.045,2161,2417,47.204017639160156,52.795982360839844,3974608,2.7959823608398438,1,1,1,1
3908174608,2010,Steubenville,City,Jefferson,Income,roads,R,5,.3,2427,2413,50.14462661743164,49.85537338256836,3974608,-0.14462661743164063,0,1,1,1
3908174608,2015,Steubenville,City,Jefferson,Income,roads,A,4.75,.3,1635,3041,34.965782165527344,65.03421783447266,3974608,15.034217834472656,1,0,0,0
3908174615,1992,Steubenville,City,Jefferson,Income,roads,R,5,.3,2821,2934,49.018245697021484,50.981754302978516,3974615,0.9817543029785156,1,1,1,1
3908182180,1999,Wayne,Township,Jefferson,Property,roads,R,5,2,684,288,70.37036895751953,29.62963104248047,3908182180,-20.37036895751953,0,0,0,0
3908182180,2002,Wayne,Township,Jefferson,Property,roads,R,5,2,507,246,67.33068084716797,32.66931915283203,3908182180,-17.33068084716797,0,0,0,0
3908182180,2004,Wayne,Township,Jefferson,Property,roads,R,5,2.5,308,369,45.49483108520508,54.50516891479492,3908182180,4.505168914794922,1,0,1,1
3908182180,2010,Wayne,Township,Jefferson,Property,roads,R,5,2,793,145,84.54158020019531,15.458419799804688,3908182180,-34.54158020019531,0,0,0,0
3908182180,2015,Wayne,Township,Jefferson,Property,roads,R,5,2,294,45,86.72566223144531,13.274337768554688,3908182180,-36.72566223144531,0,0,0,0
3908182180,2017,Wayne,Township,Jefferson,Property,roads,R,5,2,133,417,24.18181800842285,75.81818389892578,3908182180,25.81818389892578,1,0,0,0
3908182180,2019,Wayne,Township,Jefferson,property,roads,R,5,2,299,200,59.919837951660156,40.080162048339844,3908182180,-9.919837951660156,0,0,0,0
3908182698,1998,Wells,Township,Jefferson,Property,roads,A,1000,1,436,547,44.35401916503906,55.64598083496094,3908182698,5.6459808349609375,1,0,0,1
3908182698,2013,Wells,Township,Jefferson,Property,roads,A,5,1,344,409,45.683929443359375,54.316070556640625,3908182698,4.316070556640625,1,0,1,1
3908182698,2019,Wells,Township,Jefferson,property,roads,A,cpt,3,359,381,48.513511657714844,51.486488342285156,3908182698,1.4864883422851563,1,1,1,1
3908182698,2021,Wells,Township,Jefferson,property,roads,A,5,4,332,384,46.36871337890625,53.63128662109375,3908182698,3.63128662109375,1,0,1,1
3908305844,2015,Berlin,Township,Knox,Property,roads,A,4,2,143,89,61.63793182373047,38.36206817626953,3908305844,-11.637931823730469,0,0,0,0
3908305844,2018,Berlin,Township,Knox,Property,roads,R,4,2,542,209,72.170440673828125,27.829559326171875,3908305844,-22.170440673828125,0,0,0,0
3908309470,1992,Brown,Township,Knox,Property,roads,R,5,2.5,209,95,68.75,31.25,3908309470,-18.75,0,0,0,0
3908309470,1994,Brown,Township,Knox,Property,roads,A,4,.5,166,109,60.3636360168457,39.6363639831543,3908309470,-10.363636016845703,0,0,0,0
3908309470,1997,Brown,Township,Knox,Property,roads,R,5,3,214,83,72.05387115478516,27.946128845214844,3908309470,-22.053871154785156,0,0,0,0
3908309470,2003,Brown,Township,Knox,Property,roads,R,5,2.5,186,133,58.30720901489258,41.69279098510742,3908309470,-8.307209014892578,0,0,0,0
3908309470,2007,Brown,Township,Knox,Property,roads,R,5,3,171,70,70.95435333251953,29.04564666748047,3908309470,-20.95435333251953,0,0,0,0
3908309470,2013,Brown,Township,Knox,Property,roads,R,5,3,168,56,75,25,3908309470,-25,0,0,0,0
3908309470,2017,Brown,Township,Knox,Property,roads,R,5,3,191,89,68.21428680419922,31.78571319580078,3908309470,-18.21428680419922,0,0,0,0
3908310590,2007,Butler,Township,Knox,Property,roads,A,3,5,59,105,35.975608825683594,64.0243911743164,3908310590,14.024391174316406,1,0,0,0
3908310590,2008,Butler,Township,Knox,Property,roads,A,3,3,120,200,37.5,62.5,3908310590,12.5,1,0,0,0
3908310590,2013,Butler,Township,Knox,Property,roads,A,3,3,98,167,36.98113250732422,63.01886749267578,3908310590,13.018867492675781,1,0,0,0
3908315504,1994,Clay,Township,Knox,Property,roads,R,5,2,168,114,59.574466705322266,40.425533294677734,3908315504,-9.574466705322266,0,0,0,0
3908315504,1999,Clay,Township,Knox,Property,roads,R,5,2,150,98,60.48387145996094,39.51612854003906,3908315504,-10.483871459960938,0,0,0,0
3908315504,2004,Clay,Township,Knox,Property,roads,R,5,2,261,206,55.88865280151367,44.11134719848633,3908315504,-5.888652801513672,0,0,0,1
3908315504,2009,Clay,Township,Knox,Property,roads,R,4,2,223,183,54.926109313964844,45.073890686035156,3908315504,-4.926109313964844,0,0,1,1
3908315504,2013,Clay,Township,Knox,Property,roads,R,4,2,202,170,54.30107498168945,45.69892501831055,3908315504,-4.301074981689453,0,0,1,1
3908315504,2017,Clay,Township,Knox,Property,roads,R,4,2,180,99,64.51612854003906,35.48387145996094,3908315504,-14.516128540039063,0,0,0,0
3908315504,2021,Clay,Township,Knox,property,roads,R,4,2,195,97,66.78082275390625,33.21917724609375,3908315504,-16.78082275390625,0,0,0,0
3908335462,1992,Hilliar,Township,Knox,Property,roads,R,5,2,641,360,64.03596496582031,35.96403503417969,3908335462,-14.035964965820313,0,0,0,0
3908335462,1997,Hilliar,Township,Knox,Property,roads,R,5,2,491,212,69.8435287475586,30.156471252441406,3908335462,-19.843528747558594,0,0,0,0
3908335462,2002,Hilliar,Township,Knox,Property,roads,R,5,2,450,281,61.55950927734375,38.44049072265625,3908335462,-11.55950927734375,0,0,0,0
3908335462,2007,Hilliar,Township,Knox,Property,roads,R,5,2,530,385,57.92349624633789,42.07650375366211,3908335462,-7.923496246337891,0,0,0,0
3908335462,2012,Hilliar,Township,Knox,Property,roads,R,5,2,586,396,59.67413330078125,40.32586669921875,3908335462,-9.67413330078125,0,0,0,0
3908335462,2017,Hilliar,Township,Knox,Property,roads,R,5,3,254,188,57.466064453125,42.533935546875,3908335462,-7.466064453125,0,0,0,1
3908336526,1997,Howard,Township,Knox,Property,roads,A,4,1.5,443,636,41.05653381347656,58.94346618652344,3908336526,8.9434661865234375,1,0,0,0
3908336526,1998,Howard,Township,Knox,Property,roads,A,4,1.5,334,367,47.64622116088867,52.35377883911133,3908336526,2.353778839111328,1,1,1,1
3908336526,2000,Howard,Township,Knox,Property,roads,R,5,2,905,1080,45.59193801879883,54.40806198120117,3908336526,4.408061981201172,1,0,1,1
3908336526,2008,Howard,Township,Knox,Property,roads,A,3,1,1544,1408,52.303524017333984,47.696475982666016,3908336526,-2.3035240173339844,0,1,1,1
3908336526,2011,Howard,Township,Knox,Property,roads,R,5,1,774,564,57.8475341796875,42.1524658203125,3908336526,-7.8475341796875,0,0,0,0
3908336526,2014,Howard,Township,Knox,Property,roads,R,4,1,1591,737,68.34192657470703,31.65807342529297,3908336526,-18.34192657470703,0,0,0,0
3908336526,2018,Howard,Township,Knox,Property,roads,R,4,1,734,267,73.32667541503906,26.673324584960938,3908336526,-23.326675415039063,0,0,0,0
3908337870,1998,Jackson,Township,Knox,Property,roads,A,1000,1.5,97,127,43.30356979370117,56.69643020629883,3908337870,6.696430206298828,1,0,0,1
3908337870,2000,Jackson,Township,Knox,Property,roads,A,1000,1.5,161,118,57.706092834472656,42.293907165527344,3908337870,-7.706092834472656,0,0,0,0
3908337870,2006,Jackson,Township,Knox,Property,roads,A,1000,2,72,90,44.44444274902344,55.55555725097656,3908337870,5.5555572509765625,1,0,0,1
3908337870,2012,Jackson,Township,Knox,Property,roads,A,3,2,179,270,39.866371154785156,60.133628845214844,3908337870,10.133628845214844,1,0,0,0
3908337870,2014,Jackson,Township,Knox,Property,roads,A,2,2.25,191,172,52.61708068847656,47.38291931152344,3908337870,-2.6170806884765625,0,1,1,1
3908337870,2016,Jackson,Township,Knox,Property,roads,R,cpt,2.25,264,207,56.05095672607422,43.94904327392578,3908337870,-6.050956726074219,0,0,0,1
3908343218,2003,Liberty,Township,Knox,Property,roads,A,5,1,111,166,40.072200775146484,59.927799224853516,3908343218,9.927799224853516,1,0,0,0
3908343218,2006,Liberty,Township,Knox,Property,roads,A,5,2,97,423,18.653846740722656,81.34615325927734,3908343218,31.346153259277344,1,0,0,0
3908343218,2011,Liberty,Township,Knox,Property,roads,A,5,2.8,214,305,41.23313903808594,58.76686096191406,3908343218,8.7668609619140625,1,0,0,0
3908343218,2015,Liberty,Township,Knox,Property,roads,A,5,2,174,894,16.29213523864746,83.7078628540039,3908343218,33.707862854003906,1,0,0,0
3908343218,2016,Liberty,Township,Knox,Property,roads,A,5,2,301,361,45.46827697753906,54.53172302246094,3908343218,4.5317230224609375,1,0,1,1
3908343218,2017,Liberty,Township,Knox,Property,roads,A,5,.9,412,836,33.012821197509766,66.9871826171875,3908343218,16.9871826171875,1,0,0,0
3908349658,1995,Middlebury,Township,Knox,Property,roads,R,5,2,222,452,32.937686920166016,67.06231689453125,3908349658,17.06231689453125,1,0,0,0
3908349658,2002,Middlebury,Township,Knox,Property,roads,R,5,2,209,93,69.2052993774414,30.794700622558594,3908349658,-19.205299377441406,0,0,0,0
3908349658,2003,Middlebury,Township,Knox,Property,roads,R,5,2,158,877,15.265700340270996,84.73429870605469,3908349658,34.73429870605469,1,0,0,0
3908349658,2012,Middlebury,Township,Knox,Property,roads,A,5,2,37,1577,2.2924411296844482,97.70755767822266,3908349658,47.707557678222656,1,0,0,0
3908349658,2015,Middlebury,Township,Knox,Property,roads,R,5,2,126,701,15.23579216003418,84.76420593261719,3908349658,34.76420593261719,1,0,0,0
3908349658,2018,Middlebury,Township,Knox,Property,roads,R,5,2,156,1005,13.436692237854004,86.56330871582031,3908349658,36.56330871582031,1,0,0,0
3908350204,1993,Milford,Township,Knox,Property,roads,R,5,3,277,81,77.374298095703125,22.625701904296875,3908350204,-27.374298095703125,0,0,0,0
3908350204,2006,Milford,Township,Knox,Property,roads,A,5,2,211,157,57.33695602416992,42.66304397583008,3908350204,-7.336956024169922,0,0,0,1
3908350204,2008,Milford,Township,Knox,Property,roads,A,5,3,301,300,50.083194732666016,49.916805267333984,3908350204,-0.083194732666015625,0,1,1,1
3908350204,2011,Milford,Township,Knox,Property,roads,A,5,3,297,1321,18.355995178222656,81.64400482177734,3908350204,31.644004821777344,1,0,0,0
3908350204,2012,Milford,Township,Knox,Property,roads,A,5,3,469,866,35.13108444213867,64.86891174316406,3908350204,14.868911743164063,1,0,0,0
3908350204,2017,Milford,Township,Knox,Property,roads,R,5,3,594,129,82.15767669677734,17.842323303222656,3908350204,-32.157676696777344,0,0,0,0
3908351436,1996,Morgan,Township,Knox,Property,roads,R,3,3,337,101,76.94063568115234,23.059364318847656,3908351436,-26.940635681152344,0,0,0,0
3908351436,1998,Monroe,Township,Knox,Property,roads,R,5,1.5,496,275,64.33203887939453,35.66796112060547,3908351436,-14.332038879394531,0,0,0,0
3908351436,2002,Monroe,Township,Knox,Property,roads,R,5,1.5,263,117,69.21052551269531,30.789474487304688,3908351436,-19.210525512695313,0,0,0,0
3908351436,2006,Monroe,Township,Knox,Property,roads,R,5,1.5,243,325,42.78168869018555,57.21831130981445,3908351436,7.218311309814453,1,0,0,1
3908351436,2011,Monroe,Township,Knox,Property,roads,R,5,1.5,426,282,60.169490814208984,39.830509185791016,3908351436,-10.169490814208984,0,0,0,0
3908351436,2017,Monroe,Township,Knox,Property,roads,R,5,1.5,510,138,78.703704833984375,21.296295166015625,3908351436,-28.703704833984375,0,0,0,0
3908351436,2019,Monroe,Township,Knox,property,roads,R,5,1.5,291,121,70.63106536865234,29.368934631347656,3908351436,-20.631065368652344,0,0,0,0
3908352108,2006,Morgan,Township,Knox,Property,roads,A,3,3,167,164,50.45317077636719,49.54682922363281,3908352108,-0.4531707763671875,0,1,1,1
3908352108,2007,Morgan,Township,Knox,Property,roads,A,3,3,210,102,67.30769348144531,32.69230651855469,3908352108,-17.307693481445313,0,0,0,0
3908352108,2009,Morgan,Township,Knox,Property,roads,A,3,3,131,131,50,50,3908352108,0,0,1,1,1
3908352108,2012,Morgan,Township,Knox,Property,roads,R,3,3,128,189,40.37854766845703,59.62145233154297,3908352108,9.621452331542969,1,0,0,0
3908352108,2015,Morgan,Township,Knox,Property,roads,R,3,3,254,42,85.8108139038086,14.189186096191406,3908352108,-35.810813903808594,0,0,0,0
3908352108,2018,Morgan,Township,Knox,Property,roads,R,3,3,273,108,71.6535415649414,28.346458435058594,3908352108,-21.653541564941406,0,0,0,0
3908352108,2021,Morgan,Township,Knox,property,roads,R,3,3,241,74,76.5079345703125,23.4920654296875,3908352108,-26.5079345703125,0,0,0,0
3908362652,1994,Pike,Township,Knox,Property,roads,A,3,2,126,351,26.41509437561035,73.58490753173828,3908362652,23.58490753173828,1,0,0,0
3908362652,2003,Pike,Township,Knox,Property,roads,R,5,2,89,535,14.26282024383545,85.7371826171875,3908362652,35.7371826171875,1,0,0,0
3908362652,2008,Pike,Township,Knox,Property,roads,R,5,2,290,267,52.064632415771484,47.935367584228516,3908362652,-2.0646324157714844,0,1,1,1
3908362652,2013,Pike,Township,Knox,Property,roads,R,5,2,283,97,74.47368621826172,25.52631378173828,3908362652,-24.47368621826172,0,0,0,0
3908362652,2015,Pike,Township,Knox,Property,roads,A,5,2,173,701,19.794050216674805,80.20594787597656,3908362652,30.205947875976563,1,0,0,0
3908362652,2017,Pike,Township,Knox,Property,roads,A,5,1,43,626,6.42750358581543,93.57249450683594,3908362652,43.57249450683594,1,0,0,0
3908362652,2018,Pike,Township,Knox,Property,roads,R,5,2,426,207,67.29857635498047,32.70142364501953,3908362652,-17.29857635498047,0,0,0,0
3908362652,2021,Pike,Township,Knox,property,roads,R,5,2,130,69,65.326629638671875,34.673370361328125,3908362652,-15.326629638671875,0,0,0,0
3908363310,1996,Pleasant,Township,Knox,Property,roads,R,5,2,320,247,56.4373893737793,43.5626106262207,3908363310,-6.437389373779297,0,0,0,1
3908363310,2000,Pleasant,Township,Knox,Property,roads,R,5,2,647,143,81.89873504638672,18.10126495361328,3908363310,-31.89873504638672,0,0,0,0
3908363310,2001,Pleasant,Township,Knox,Property,roads,R,5,2,450,101,81.66969299316406,18.330307006835938,3908363310,-31.669692993164063,0,0,0,0
3908363310,2004,Pleasant,Township,Knox,Property,roads,R,5,2,207,321,39.20454406738281,60.79545593261719,3908363310,10.795455932617188,1,0,0,0
3908363310,2009,Pleasant,Township,Knox,Property,roads,R,5,2,90,186,32.60869598388672,67.39130401611328,3908363310,17.39130401611328,1,0,0,0
3908363310,2014,Pleasant,Township,Knox,Property,roads,R,5,2,505,166,75.26080322265625,24.73919677734375,3908363310,-25.26080322265625,0,0,0,0
3908363310,2021,Pleasant,Township,Knox,property,roads,R,5,2,214,90,70.39473724365234,29.605262756347656,3908363310,-20.394737243652344,0,0,0,0
3908378358,1991,Union,Township,Knox,Property,roads,A,5,2,188,301,38.44580841064453,61.55419158935547,3908378358,11.554191589355469,1,0,0,0
3908378358,2013,Union,Township,Knox,Property,roads,A,5,.5,264,614,30.068336486816406,69.9316635131836,3908378358,19.931663513183594,1,0,0,0
3908378358,2019,Union,Township,Knox,property,roads,R,5,2,159,97,62.109375,37.890625,3908378358,-12.109375,0,0,0,0
3908382194,1995,Wayne,Township,Knox,Property,roads,A,5,4,89,452,16.451017379760742,83.548980712890625,3908382194,33.548980712890625,1,0,0,0
3908382194,2015,Wayne,Township,Knox,Property,roads,A,5,1.5,168,701,19.332565307617188,80.66743469238281,3908382194,30.667434692382813,1,0,0,0
3908518196,1991,Concord,Township,Lake,Property,roads,A,5,1.7,1975,2060,48.94671630859375,51.05328369140625,3908518196,1.05328369140625,1,1,1,1
3908518196,1996,Concord,Township,Lake,Property,roads,R,5,1.7,5019,1810,73.4953842163086,26.504615783691406,3908518196,-23.495384216308594,0,0,0,0
3908518196,2006,Concord,Township,Lake,Property,roads,R,5,1.7,5585,2544,68.70463562011719,31.295364379882813,3908518196,-18.704635620117188,0,0,0,0
3908518196,2011,Concord,Township,Lake,Property,roads,R,5,1.7,4307,3610,54.401920318603516,45.598079681396484,3908518196,-4.401920318603516,0,0,1,1
3908518196,2016,Concord,Township,Lake,Property,roads,R,cpt,2,6597,4611,58.8597412109375,41.1402587890625,3908518196,-8.8597412109375,0,0,0,0
3908523618,1991,Eastlake,City,Lake,Property,roads,A,5,3,1200,764,61.099796295166016,38.900203704833984,3923618,-11.099796295166016,0,0,0,0
3908523618,2001,Eastlake,City,Lake,Property,roads,R,5,3,4359,1946,69.13560485839844,30.864395141601563,3923618,-19.135604858398438,0,0,0,0
3908523618,2005,Eastlake,City,Lake,Property,roads,R,5,3,3056,2600,54.0311164855957,45.9688835144043,3923618,-4.031116485595703,0,0,1,1
3908523618,2010,Eastlake,City,Lake,Property,roads,R,5,3,3146,2438,56.339542388916016,43.660457611083984,3923618,-6.339542388916016,0,0,0,1
3908523618,2015,Eastlake,City,Lake,Property,roads,R,5,3,3957,1655,70.5096206665039,29.490379333496094,3923618,-20.509620666503906,0,0,0,0
3908523618,2020,Eastlake,City,Lake,property,roads,R,5,3,5819,3228,64.31966400146484,35.680335998535156,3923618,-14.319664001464844,0,0,0,0
3908526306,2016,Fairport Harbor,Village,Lake,Property,roads,A,5,1.9,944,503,65.2384262084961,34.761573791503906,3926306,-15.238426208496094,0,0,0,0
3908526306,2020,Fairport Harbor,Village,Lake,property,roads,R,5,1.9,1123,486,69.79490661621094,30.205093383789063,3926306,-19.794906616210938,0,0,0,0
3908540642,2012,Kirtland,City,Lake,Property,roads,A,5,2,1890,2158,46.68972396850586,53.31027603149414,3940642,3.3102760314941406,1,0,1,1
3908540642,2013,Kirtland,City,Lake,Property,roads,A,5,2,847,855,49.764984130859375,50.235015869140625,3940642,0.235015869140625,1,1,1,1
3908540642,2014,Kirtland,City,Lake,Property,roads,A,5,2,1669,1108,60.100830078125,39.899169921875,3940642,-10.100830078125,0,0,0,0
3908542812,1992,Leroy,Township,Lake,Property,roads,A,5,2.5,334,130,71.982757568359375,28.017242431640625,3908542812,-21.982757568359375,0,0,0,0
3908542812,1994,Leroy,Township,Lake,Property,roads,R,4,4,506,673,42.917728424072266,57.082271575927734,3908542812,7.082271575927734,1,0,0,1
3908542812,1998,Leroy,Township,Lake,Property,roads,A,5,2.9,364,639,36.2911262512207,63.7088737487793,3908542812,13.708873748779297,1,0,0,0
3908542812,1999,Leroy,Township,Lake,Property,roads,R,5,1.5,647,646,50.03866958618164,49.96133041381836,3908542812,-0.038669586181640625,0,1,1,1
3908542812,2000,Leroy,Township,Lake,Property,roads,A,5,1.9,445,1091,28.97135353088379,71.02864837646484,3908542812,21.028648376464844,1,0,0,0
3908542812,2001,Leroy,Township,Lake,Property,roads,R,5,3,501,705,41.54228973388672,58.45771026611328,3908542812,8.457710266113281,1,0,0,0
3908542812,2002,Leroy,Township,Lake,Property,roads,R,2,2,641,202,76.03795623779297,23.96204376220703,3908542812,-26.03795623779297,0,0,0,0
3908542812,2005,Leroy,Township,Lake,Property,roads,R,5,1.5,637,478,57.130043029785156,42.869956970214844,3908542812,-7.130043029785156,0,0,0,1
3908542812,2009,Leroy,Township,Lake,Property,roads,R,5,1.5,1231,339,78.40764617919922,21.59235382080078,3908542812,-28.40764617919922,0,0,0,0
3908542812,2012,Leroy,Township,Lake,Property,roads,A,1000,.9,695,526,56.920555114746094,43.079444885253906,3908542812,-6.920555114746094,0,0,0,1
3908542812,2013,Leroy,Township,Lake,Property,roads,A,1000,.9,659,411,61.588783264160156,38.411216735839844,3908542812,-11.588783264160156,0,0,0,0
3908542812,2014,Leroy,Township,Lake,property,roads,A,1000,.9,377,233,61.803279876708984,38.196720123291016,3908542812,-11.803279876708984,0,0,0,0
3908542812,2018,Leroy,Township,Lake,Property,roads,A,1000,.9,654,391,62.58373260498047,37.41626739501953,3908542812,-12.583732604980469,0,0,0,0
3908542812,2019,Leroy Township Road District,Township,Lake,property,roads,A,5,2.5,439,551,44.34343338012695,55.65656661987305,3908542812,5.656566619873047,1,0,0,1
3908542812,2020,Leroy,Township,Lake,property,roads,A,5,2.5,416,423,49.58283615112305,50.41716384887695,3908542812,0.4171638488769531,1,1,1,1
3908542812,2021,Leroy,Township,Lake,property,roads,A,5,2,233,273,46.04743194580078,53.95256805419922,3908542812,3.9525680541992188,1,0,1,1
3908546480,1997,Madison,Village,Lake,Property,roads,A,5,4,289,1868,13.398238182067871,86.60176086425781,3946480,36.60176086425781,1,0,0,0
3908546494,1994,Madison,Township,Lake,Property,roads,R,4,2,2090,1368,60.43955993652344,39.56044006347656,3908546494,-10.439559936523438,0,0,0,0
3908546494,1999,Madison,Township,Lake,Property,roads,A,4,2,1031,805,56.154685974121094,43.845314025878906,3908546494,-6.154685974121094,0,0,0,1
3908546494,2002,Madison,Township,Lake,Property,roads,R,4,2,994,1997,33.2330322265625,66.7669677734375,3908546494,16.7669677734375,1,0,0,0
3908546494,2006,Madison,Township,Lake,Property,roads,R,4,2,1520,1067,58.755313873291016,41.244686126708984,3908546494,-8.755313873291016,0,0,0,0
3908546494,2011,Madison,Township,Lake,Property,roads,R,4,2,4065,1422,74.084197998046875,25.915802001953125,3908546494,-24.084197998046875,0,0,0,0
3908546494,2015,Madison,Township,Lake,Property,roads,R,4,2,1754,2793,38.574886322021484,61.425113677978516,3908546494,11.425113677978516,1,0,0,0
3908546494,2018,Madison,Township,Lake,Property,roads,A,cpt,1.5,3311,3064,51.937255859375,48.062744140625,3908546494,-1.937255859375,0,1,1,1
3908549056,1992,Mentor,City,Lake,Income,roads,R,N/A,2,11817,8738,57.489662170410156,42.510337829589844,3949056,-7.489662170410156,0,0,0,1
3908559416,2004,Painesville,City,Lake,Property,roads,R,5,3,1579,1093,59.09431076049805,40.90568923950195,3959416,-9.094310760498047,0,0,0,0
3908559416,2013,Painesville,City,Lake,Property,roads,A,5,3.5,1833,966,65.4876708984375,34.5123291015625,3959416,-15.4876708984375,0,0,0,0
3908559416,2017,Painesville,City,Lake,Property,roads,A,5,3,1134,595,65.58704376220703,34.41295623779297,3959416,-15.587043762207031,0,0,0,0
3908559430,1998,Painesville,Township,Lake,Property,roads,A,5,2.95,2836,1777,61.478431701660156,38.521568298339844,3908559430,-11.478431701660156,0,0,0,0
3908559430,2002,Painesville,Township,Lake,Property,roads,A,5,3.25,1916,1572,54.93119430541992,45.06880569458008,3908559430,-4.931194305419922,0,0,1,1
3908559430,2003,Painesville,Township,Lake,Property,roads,A,cpt,1.95,3594,363,90.826385498046875,9.173614501953125,3908559430,-40.826385498046875,0,0,0,0
3908559430,2004,Painesville,Township,Lake,Property,roads,R,5,3.25,2933,3707,44.171688079833984,55.828311920166016,3908559430,5.828311920166016,1,0,0,1
3908559430,2013,Painesville,Township,Lake,Property,roads,A,5,2.7,4947,1472,77.06807708740234,22.931922912597656,3908559430,-27.068077087402344,0,0,0,0
3908559430,2017,Painesville,Township,Lake,Property,roads,R,cpt,2.7,5870,1517,79.46392059326172,20.53607940673828,3908559430,-29.46392059326172,0,0,0,0
3908561882,1997,Perry,Village,Lake,Property,roads,R,5,3,192,115,62.54071807861328,37.45928192138672,3961882,-12.540718078613281,0,0,0,0
3908561882,2002,Perry,Village,Lake,Property,roads,R,5,3,337,744,31.17483901977539,68.825164794921875,3961882,18.825164794921875,1,0,0,0
3908561882,2010,Perry,Village,Lake,Property,roads,R,5,3,291,311,48.338871002197266,51.661128997802734,3961882,1.6611289978027344,1,1,1,1
3908561882,2011,Perry,Village,Lake,Property,roads,R,5,3,261,400,39.485626220703125,60.514373779296875,3961882,10.514373779296875,1,0,0,0
3908561896,2019,Perry Township Road District,Township,Lake,property,roads,A,5,2.9,792,734,51.900394439697266,48.099605560302734,3908561896,-1.9003944396972656,0,1,1,1
3908585484,2007,Willoughby,City,Lake,Property,roads,A,5,2,4081,705,85.26953887939453,14.730461120605469,3985484,-35.26953887939453,0,0,0,0
3908585484,2011,Willoughby,City,Lake,Property,roads,R,5,2.5,2012,2230,47.430458068847656,52.569541931152344,3985484,2.5695419311523438,1,1,1,1
3908585484,2012,Willoughby,City,Lake,Property,roads,R,5,2,5436,3943,57.95927047729492,42.04072952270508,3985484,-7.959270477294922,0,0,0,0
3908585484,2017,Willoughby,City,Lake,Property,roads,R,5,2,8197,1967,80.64738464355469,19.352615356445313,3985484,-30.647384643554688,0,0,0,0
3908585484,2021,Willoughby,City,Lake,property,roads,R,5,2,3175,1154,73.34257507324219,26.657424926757813,3985484,-23.342575073242188,0,0,0,0
3908585512,2014,Willoughby Hills,City,Lake,Property,roads,R,5,.4,2407,858,73.721282958984375,26.278717041015625,3985512,-23.721282958984375,0,0,0,0
3908585512,2017,Willoughby Hills,City,Lake,Property,roads,R,5,2.5,2439,8800,21.70121955871582,78.29878234863281,3985512,28.298782348632813,1,0,0,0
3908585512,2018,Willoughby Hills,City,Lake,Property,roads,R,5,2.5,2158,11116,16.25734519958496,83.7426528930664,3985512,33.742652893066406,1,0,0,0
3908585512,2020,Willoughby Hills,City,Lake,property,roads,R,5,2.5,3428,1961,63.611061096191406,36.388938903808594,3985512,-13.611061096191406,0,0,0,0
3908585638,2010,Willowick,City,Lake,Property,roads,A,10,3,1016,1404,41.98347091674805,58.01652908325195,3985638,8.016529083251953,1,0,0,0
3908901154,2012,Alexandria,Village,Licking,property,roads,A,5,1,50,68,42.37288284301758,57.62711715698242,3901154,7.627117156982422,1,0,0,0
3908905494,1991,Bennington,Township,Licking,Property,roads,A,5,3,149,198,42.93947982788086,57.06052017211914,3908905494,7.060520172119141,1,0,0,1
3908905494,1992,Bennington,Township,Licking,Property,roads,A,5,3,71,114,38.378379821777344,61.621620178222656,3908905494,11.621620178222656,1,0,0,0
3908905494,1993,Bennington,Township,Licking,Property,roads,A,5,3,154,152,50.32679748535156,49.67320251464844,3908905494,-0.3267974853515625,0,1,1,1
3908905494,1997,Bennington,Township,Licking,Property,roads,R,5,3,245,203,54.6875,45.3125,3908905494,-4.6875,0,0,1,1
3908905494,2002,Bennington,Township,Licking,Property,roads,R,5,3,222,142,60.989009857177734,39.010990142822266,3908905494,-10.989009857177734,0,0,0,0
3908905494,2007,Bennington,Township,Licking,Property,roads,R,5,3,282,170,62.389381408691406,37.610618591308594,3908905494,-12.389381408691406,0,0,0,0
3908905494,2012,Bennington,Township,Licking,Property,roads,R,5,3,503,393,56.13839340209961,43.86160659790039,3908905494,-6.138393402099609,0,0,0,1
3908905494,2017,Bennington,Township,Licking,Property,roads,R,5,3,382,223,63.14049530029297,36.85950469970703,3908905494,-13.140495300292969,0,0,0,0
3908909890,2002,Buckeye Lake,Village,Licking,Property,roads,A,5,3.5,236,506,31.80592918395996,68.1940689086914,3909890,18.194068908691406,1,0,0,0
3908909890,2017,Buckeye Lake,Village,Licking,Property,roads,A,5,5,257,203,55.869564056396484,44.130435943603516,3909890,-5.869564056396484,0,0,0,1
3908910366,2013,Burlington,Township,Licking,Property,roads,A,5,3,158,164,49.068321228027344,50.931678771972656,3908910366,0.93167877197265625,1,1,1,1
3908910366,2014,Burlington,Township,Licking,Property,roads,A,5,3,153,166,47.96238327026367,52.03761672973633,3908910366,2.037616729736328,1,1,1,1
3908910366,2018,Burlington,Township,Licking,Property,roads,R,5,3,400,232,63.2911376953125,36.7088623046875,3908910366,-13.2911376953125,0,0,0,0
3908924332,1996,Eden,Township,Licking,Property,roads,A,5,1.5,224,254,46.86192321777344,53.13807678222656,3908924332,3.1380767822265625,1,0,1,1
3908924332,1997,Eden,Township,Licking,Property,roads,A,5,1.5,114,135,45.78313064575195,54.21686935424805,3908924332,4.216869354248047,1,0,1,1
3908924332,1998,Eden,Township,Licking,Property,roads,A,5,2,165,222,42.635658264160156,57.364341735839844,3908924332,7.364341735839844,1,0,0,1
3908924332,2003,Eden,Township,Licking,Property,roads,A,5,2.5,125,105,54.34782791137695,45.65217208862305,3908924332,-4.347827911376953,0,0,1,1
3908924332,2007,Eden,Township,Licking,Property,roads,A,5,5,111,115,49.11504364013672,50.88495635986328,3908924332,0.88495635986328125,1,1,1,1
3908924332,2008,Eden,Township,Licking,Property,roads,A,5,5,204,198,50.74626922607422,49.25373077392578,3908924332,-0.74626922607421875,0,1,1,1
3908924332,2013,Eden,Township,Licking,Property,roads,R,1000,5,104,114,47.7064208984375,52.2935791015625,3908924332,2.2935791015625,1,1,1,1
3908925690,1995,Etna,Township,Licking,Property,roads,R,5,3,613,733,45.5423469543457,54.4576530456543,3908925690,4.457653045654297,1,0,1,1
3908925690,1996,Etna,Township,Licking,Property,roads,R,1000,3,945,1319,41.74028396606445,58.25971603393555,3908925690,8.259716033935547,1,0,0,0
3908925690,2006,Etna,Township,Licking,Property,roads,A,5,1.5,1052,1560,40.27565002441406,59.72434997558594,3908925690,9.7243499755859375,1,0,0,0
3908925690,2012,Etna,Township,Licking,Property,roads,A,5,1.5,3045,4908,38.287437438964844,61.712562561035156,3908925690,11.712562561035156,1,0,0,0
3908925690,2013,Etna,Township,Licking,Property,roads,A,5,1.5,261,660,28.338762283325195,71.66123962402344,3908925690,21.661239624023438,1,0,0,0
3908925690,2014,Etna,Township,Licking,Property,roads,A,5,1.5,914,1207,43.09288024902344,56.90711975097656,3908925690,6.9071197509765625,1,0,0,1
3908925690,2015,Etna,Township,Licking,Property,roads,A,1000,1.5,1281,998,56.2088623046875,43.7911376953125,3908925690,-6.2088623046875,0,0,0,1
3908928336,1991,Franklin,Township,Licking,Property,roads,A,3,2,120,117,50.632911682128906,49.367088317871094,3908928336,-0.63291168212890625,0,1,1,1
3908928336,1994,Franklin,Township,Licking,Property,roads,R,3,2,194,122,61.39240646362305,38.60759353637695,3908928336,-11.392406463623047,0,0,0,0
3908928336,1997,Franklin,Township,Licking,Property,roads,R,3,2,387,316,55.04978561401367,44.95021438598633,3908928336,-5.049785614013672,0,0,0,1
3908928336,1999,Franklin,Township,Licking,Property,roads,R,3,2,280,160,63.6363639831543,36.3636360168457,3908928336,-13.636363983154297,0,0,0,0
3908928336,2002,Franklin,Township,Licking,Property,roads,R,3,2,504,297,62.921348571777344,37.078651428222656,3908928336,-12.921348571777344,0,0,0,0
3908928336,2005,Franklin,Township,Licking,Property,roads,R,3,2,392,199,66.32825469970703,33.67174530029297,3908928336,-16.32825469970703,0,0,0,0
3908928336,2008,Franklin,Township,Licking,Property,roads,R,3,2,699,445,61.10139846801758,38.89860153198242,3908928336,-11.101398468017578,0,0,0,0
3908928336,2011,Franklin,Township,Licking,Property,roads,R,1000,2,327,530,38.1563606262207,61.8436393737793,3908928336,11.843639373779297,1,0,0,0
3908928336,2012,Franklin,Township,Licking,property,roads,R,3,2,319,289,52.467105865478516,47.532894134521484,3908928336,-2.4671058654785156,0,1,1,1
3908928336,2014,Franklin,Township,Licking,Property,roads,R,3,2,430,209,67.29264831542969,32.70735168457031,3908928336,-17.292648315429688,0,0,0,0
3908928336,2017,Franklin,Township,Licking,Property,roads,R,3,2,358,149,70.61144256591797,29.38855743408203,3908928336,-20.61144256591797,0,0,0,0
3908928336,2020,Franklin,Township,Licking,property,roads,R,5,2,795,496,61.580169677734375,38.419830322265625,3908928336,-11.580169677734375,0,0,0,0
3908931416,2000,Granville,Township,Licking,Property,roads,R,5,2,804,267,75.07003021240234,24.929969787597656,3908931416,-25.070030212402344,0,0,0,0
3908931416,2005,Granville,Township,Licking,Property,roads,A,5,.75,1094,650,62.7293586730957,37.2706413269043,3908931416,-12.729358673095703,0,0,0,0
3908931416,2009,Granville,Township,Licking,Property,roads,R,1000,2.75,1228,496,71.22969818115234,28.770301818847656,3908931416,-21.229698181152344,0,0,0,0
3908933292,2007,Hanover,Village,Licking,Property,roads,A,3,3,129,92,58.37104034423828,41.62895965576172,3933292,-8.371040344238281,0,0,0,0
3908933292,2009,Hanover,Village,Licking,Property,roads,R,3,3,187,91,67.26618957519531,32.73381042480469,3933292,-17.266189575195313,0,0,0,0
3908933292,2014,Hanover,Village,Licking,Property,roads,A,3,3,87,48,64.44444274902344,35.55555725097656,3933292,-14.444442749023438,0,0,0,0
3908933292,2017,Hanover,Village,Licking,Property,roads,R,3,3,67,61,52.34375,47.65625,3933292,-2.34375,0,1,1,1
3908933292,2019,Hanover,Village,Licking,property,roads,R,5,3,160,106,60.15037536621094,39.84962463378906,3933292,-10.150375366210938,0,0,0,0
3908933894,1994,Harrison,Township,Licking,Property,roads,R,5,1,852,638,57.181209564208984,42.818790435791016,3908933894,-7.181209564208984,0,0,0,1
3908933894,1995,Harrison,Township,Licking,Property,roads,R,1000,2,633,531,54.38144302368164,45.61855697631836,3908933894,-4.381443023681641,0,0,1,1
3908933894,1999,Harrison,Township,Licking,Property,roads,R,5,1,906,857,51.38967514038086,48.61032485961914,3908933894,-1.3896751403808594,0,1,1,1
3908933894,2000,Harrison,Township,Licking,Property,roads,R,5,2,1650,1445,53.31179428100586,46.68820571899414,3908933894,-3.3117942810058594,0,0,1,1
3908933894,2004,Harrison,Township,Licking,Property,roads,R,5,1,2281,1747,56.62860107421875,43.37139892578125,3908933894,-6.62860107421875,0,0,0,1
3908933894,2006,Harrison,Township,Licking,Property,roads,R,5,2,842,582,59.129215240478516,40.870784759521484,3908933894,-9.129215240478516,0,0,0,0
3908933894,2009,Harrison,Township,Licking,Property,roads,R,5,1,1501,933,61.66803741455078,38.33196258544922,3908933894,-11.668037414550781,0,0,0,0
3908933894,2010,Harrison,Township,Licking,Property,roads,R,5,2,2259,1261,64.17613983154297,35.82386016845703,3908933894,-14.176139831542969,0,0,0,0
3908933894,2014,Harrison,Township,Licking,Property,roads,R,5,1,1977,830,70.43106842041016,29.568931579589844,3908933894,-20.431068420410156,0,0,0,0
3908933894,2015,Harrison,Township,Licking,Property,roads,R,5,2,1891,708,72.75875091552734,27.241249084472656,3908933894,-22.758750915527344,0,0,0,0
3908933894,2019,Harrison,Township,Licking,property,roads,R,5,1,1340,572,70.08367919921875,29.91632080078125,3908933894,-20.08367919921875,0,0,0,0
3908933894,2020,Harrison,Township,Licking,property,roads,R,5,2,3206,1781,64.28714752197266,35.712852478027344,3908933894,-14.287147521972656,0,0,0,0
3908934188,1991,Hartford,Township,Licking,Property,roads,R,5,2,156,97,61.66007995605469,38.33992004394531,3908934188,-11.660079956054688,0,0,0,0
3908934188,1992,Hartford,Township,Licking,Property,roads,A,5,3,169,178,48.70317077636719,51.29682922363281,3908934188,1.2968292236328125,1,1,1,1
3908934188,1995,Hartford,Township,Licking,Property,roads,R,5,3,158,58,73.14814758300781,26.851852416992188,3908934188,-23.148147583007813,0,0,0,0
3908934188,1996,Hartford,Township,Licking,Property,roads,R,5,2,222,114,66.07142639160156,33.92857360839844,3908934188,-16.071426391601563,0,0,0,0
3908934188,2000,Hartford,Township,Licking,Property,roads,R,5,3,251,124,66.93333435058594,33.06666564941406,3908934188,-16.933334350585938,0,0,0,0
3908934188,2001,Hartford,Township,Licking,Property,roads,A,3,3,94,100,48.453609466552734,51.546390533447266,3908934188,1.5463905334472656,1,1,1,1
3908934188,2003,Hartford,Township,Licking,Property,roads,A,5,5,123,135,47.67441940307617,52.32558059692383,3908934188,2.325580596923828,1,1,1,1
3908934188,2004,Hartford,Township,Licking,Property,roads,A,5,3,255,228,52.7950325012207,47.2049674987793,3908934188,-2.795032501220703,0,1,1,1
3908934188,2005,Hartford,Township,Licking,Property,roads,R,5,3,196,97,66.894195556640625,33.105804443359375,3908934188,-16.894195556640625,0,0,0,0
3908934188,2007,Hartford,Township,Licking,Property,roads,R,5,2,188,134,58.385093688964844,41.614906311035156,3908934188,-8.385093688964844,0,0,0,0
3908934188,2008,Hartford,Township,Licking,Property,roads,R,5,3,296,213,58.15324020385742,41.84675979614258,3908934188,-8.153240203857422,0,0,0,0
3908934188,2010,Hartford,Township,Licking,Property,roads,R,5,3,215,196,52.31143569946289,47.68856430053711,3908934188,-2.3114356994628906,0,1,1,1
3908934188,2011,Hartford,Township,Licking,Property,roads,R,5,2,202,212,48.79227066040039,51.20772933959961,3908934188,1.2077293395996094,1,1,1,1
3908934188,2012,Hartford,Township,Licking,Property,roads,R,5,2,246,255,49.1017951965332,50.8982048034668,3908934188,0.8982048034667969,1,1,1,1
3908934188,2013,Hartford,Township,Licking,Property,roads,R,5,3,120,104,53.57143020629883,46.42856979370117,3908934188,-3.571430206298828,0,0,1,1
3908934188,2015,Hartford,Township,Licking,Property,roads,R,5,3,208,105,66.45367431640625,33.54632568359375,3908934188,-16.45367431640625,0,0,0,0
3908934188,2021,Hartford,Township,Licking,property,roads,R,5,3,145,139,51.056339263916016,48.943660736083984,3908934188,-1.0563392639160156,0,1,1,1
3908936316,1995,Hopewell,Township,Licking,Property,roads,R,5,2,202,107,65.3721694946289,34.627830505371094,3908936316,-15.372169494628906,0,0,0,0
3908936316,1997,Hopewell,Township,Licking,Property,roads,A,5,1,181,197,47.88359832763672,52.11640167236328,3908936316,2.1164016723632813,1,1,1,1
3908936316,1998,Hopewell,Township,Licking,Property,roads,A,5,1,204,199,50.62034606933594,49.37965393066406,3908936316,-0.6203460693359375,0,1,1,1
3908936316,1999,Hopewell,Township,Licking,Property,roads,R,5,2,191,132,59.13312530517578,40.86687469482422,3908936316,-9.133125305175781,0,0,0,0
3908936316,2002,Hopewell,Township,Licking,Property,roads,R,5,2,221,155,58.77659606933594,41.22340393066406,3908936316,-8.7765960693359375,0,0,0,0
3908936316,2004,Hopewell,Township,Licking,Property,roads,R,5,2,313,248,55.79322814941406,44.20677185058594,3908936316,-5.7932281494140625,0,0,0,1
3908936316,2007,Hopewell,Township,Licking,Property,roads,R,5,1,187,127,59.554141998291016,40.445858001708984,3908936316,-9.554141998291016,0,0,0,0
3908936316,2009,Hopewell,Township,Licking,Property,roads,R,5,2,305,139,68.693695068359375,31.306304931640625,3908936316,-18.693695068359375,0,0,0,0
3908936316,2012,Hopewell,Township,Licking,Property,roads,R,5,1,333,222,60,40,3908936316,-10,0,0,0,0
3908936316,2014,Hopewell,Township,Licking,Property,roads,R,5,2,275,143,65.78947448730469,34.21052551269531,3908936316,-15.789474487304688,0,0,0,0
3908936316,2017,Hopewell,Township,Licking,Property,roads,R,5,1,196,114,63.225807189941406,36.774192810058594,3908936316,-13.225807189941406,0,0,0,0
3908936316,2019,Hopewell,Township,Licking,property,roads,R,5,2,189,97,66.08391571044922,33.91608428955078,3908936316,-16.08391571044922,0,0,0,0
3908939102,1995,Jersey,Township,Licking,Property,roads,R,5,3,421,354,54.32258224487305,45.67741775512695,3908939102,-4.322582244873047,0,0,1,1
3908939102,1999,Jersey,Township,Licking,Property,roads,R,5,3,369,392,48.48883056640625,51.51116943359375,3908939102,1.51116943359375,1,1,1,1
3908939102,2000,Jersey,Township,Licking,Property,roads,R,5,3,798,610,56.6761360168457,43.3238639831543,3908939102,-6.676136016845703,0,0,0,1
3908939102,2004,Jersey,Township,Licking,Property,roads,R,5,3,800,815,49.53560256958008,50.46439743041992,3908939102,0.4643974304199219,1,1,1,1
3908939102,2005,Jersey,Township,Licking,Property,roads,R,5,3,311,321,49.2088623046875,50.7911376953125,3908939102,0.7911376953125,1,1,1,1
3908939102,2009,Jersey,Township,Licking,Property,roads,R,5,3,751,347,68.39708709716797,31.60291290283203,3908939102,-18.39708709716797,0,0,0,0
3908939102,2014,Jersey,Township,Licking,Property,roads,R,5,3,607,462,56.782039642333984,43.217960357666016,3908939102,-6.782039642333984,0,0,0,1
3908939102,2019,Jersey,Township,Licking,property,roads,R,5,3,384,368,51.0638313293457,48.9361686706543,3908939102,-1.0638313293457031,0,1,1,1
3908943232,1997,Liberty,Township,Licking,Property,roads,A,5,3,309,381,44.78260803222656,55.21739196777344,3908943232,5.2173919677734375,1,0,0,1
3908943232,1998,Liberty,Township,Licking,Property,roads,A,5,2,306,381,44.54148483276367,55.45851516723633,3908943232,5.458515167236328,1,0,0,1
3908943232,1999,Liberty,Township,Licking,Property,roads,A,1000,2,276,378,42.20183563232422,57.79816436767578,3908943232,7.798164367675781,1,0,0,0
3908943232,2000,Liberty,Township,Licking,Property,roads,R,5,1,348,504,40.845069885253906,59.154930114746094,3908943232,9.154930114746094,1,0,0,0
3908943232,2001,Liberty,Township,Licking,Property,roads,R,2,1,404,386,51.13924026489258,48.86075973510742,3908943232,-1.1392402648925781,0,1,1,1
3908943232,2004,Liberty,Township,Licking,Property,roads,A,5,1,290,214,57.5396842956543,42.4603157043457,3908943232,-7.539684295654297,0,0,0,0
3908943232,2005,Liberty,Township,Licking,Property,roads,A,5,2,389,338,53.507564544677734,46.492435455322266,3908943232,-3.5075645446777344,0,0,1,1
3908943232,2006,Liberty,Township,Licking,Property,roads,R,5,1,686,368,65.08538818359375,34.91461181640625,3908943232,-15.08538818359375,0,0,0,0
3908943232,2010,Liberty,Township,Licking,Property,roads,A,5,2,255,281,47.57462692260742,52.42537307739258,3908943232,2.425373077392578,1,1,1,1
3908943232,2011,Liberty,Township,Licking,Property,roads,R,5,1,400,379,51.34788131713867,48.65211868286133,3908943232,-1.3478813171386719,0,1,1,1
3908943232,2016,Liberty,Township,Licking,Property,roads,R,5,1,578,508,53.222835540771484,46.777164459228516,3908943232,-3.2228355407714844,0,0,1,1
3908943232,2019,Liberty,Township,Licking,property,roads,R,5,1,362,152,70.42801666259766,29.571983337402344,3908943232,-20.428016662597656,0,0,0,0
3908946116,2004,McKean,Township,Licking,Property,roads,A,5,2,213,342,38.378379821777344,61.621620178222656,3908946116,11.621620178222656,1,0,0,0
3908946116,2006,McKean,Township,Licking,Property,roads,A,5,2,127,202,38.60182189941406,61.39817810058594,3908946116,11.398178100585938,1,0,0,0
3908946116,2009,McKean,Township,Licking,Property,roads,A,5,2,336,207,61.87845230102539,38.12154769897461,3908946116,-11.87845230102539,0,0,0,0
3908946116,2010,McKean,Township,Licking,property,roads,A,1000,2,163,2260,6.727197647094727,93.2728042602539,3908946116,43.272804260253906,1,0,0,0
3908946116,2014,McKean,Township,Licking,Property,roads,A,1000,2,276,104,72.63157653808594,27.368423461914063,3908946116,-22.631576538085938,0,0,0,0
3908946508,1994,Madison,Township,Licking,Property,roads,R,5,3,391,266,59.512939453125,40.487060546875,3908946508,-9.512939453125,0,0,0,0
3908946508,1995,Madison,Township,Licking,Property,roads,R,5,3,731,292,71.45649719238281,28.543502807617188,3908946508,-21.456497192382813,0,0,0,0
3908946508,2000,Madison,Township,Licking,Property,roads,R,5,3,825,492,62.64236831665039,37.35763168334961,3908946508,-12.64236831665039,0,0,0,0
3908946508,2004,Madison,Township,Licking,Property,roads,R,5,3,631,617,50.56089782714844,49.43910217285156,3908946508,-0.5608978271484375,0,1,1,1
3908946508,2008,Madison,Township,Licking,Property,roads,R,5,3,426,709,37.53303909301758,62.46696090698242,3908946508,12.466960906982422,1,0,0,0
3908946508,2014,Madison,Township,Licking,Property,roads,R,5,3,930,262,78.02013397216797,21.97986602783203,3908946508,-28.02013397216797,0,0,0,0
3908948132,1992,Mary Ann,Township,Licking,Property,roads,A,5,2,303,516,36.996337890625,63.003662109375,3908948132,13.003662109375,1,0,0,0
3908948132,1995,Mary Ann,Township,Licking,Property,roads,A,5,2,399,260,60.54628372192383,39.45371627807617,3908948132,-10.546283721923828,0,0,0,0
3908948132,1996,Mary Ann,Township,Licking,Property,roads,A,-999,2,231,309,42.77777862548828,57.22222137451172,3908948132,7.222221374511719,1,0,0,1
3908948132,2001,Mary Ann,Township,Licking,Property,roads,R,5,2,426,126,77.17391204833984,22.826087951660156,3908948132,-27.173912048339844,0,0,0,0
3908948132,2004,Mary Ann,Township,Licking,Property,roads,R,5,2,157,364,30.134357452392578,69.86564636230469,3908948132,19.865646362304688,1,0,0,0
3908948132,2007,Mary Ann,Township,Licking,Property,roads,R,5,2,441,129,77.36842346191406,22.631576538085938,3908948132,-27.368423461914063,0,0,0,0
3908948132,2014,Mary Ann,Township,Licking,Property,roads,R,5,2,59,141,29.5,70.5,3908948132,20.5,1,0,0,0
3908948132,2016,Mary Ann,Township,Licking,Property,roads,R,5,2,293,304,49.07872772216797,50.92127227783203,3908948132,0.92127227783203125,1,1,1,1
3908948132,2020,Mary Ann,Township,Licking,property,roads,R,5,2,669,398,62.69915771484375,37.30084228515625,3908948132,-12.69915771484375,0,0,0,0
3908951450,1993,Monroe Township Road District,Road District,Licking,Property,roads,A,cpt,1,621,154,80.12903594970703,19.87096405029297,NA,-30.12903594970703,0,0,0,0
3908951450,1999,Monroe,Township,Licking,Property,roads,A,1000,1,355,174,67.10774993896484,32.892250061035156,3908951450,-17.107749938964844,0,0,0,0
3908951450,2007,Monroe,Township,Licking,Property,roads,A,1000,1.75,339,185,64.69465637207031,35.30534362792969,3908951450,-14.694656372070313,0,0,0,0
3908954040,1991,Newark,City,Licking,Income,roads,A,-999,.15,4978,3158,61.18485641479492,38.81514358520508,3954040,-11.184856414794922,0,0,0,0
3908954054,1998,Newark,Township,Licking,Property,roads,R,5,1,470,404,53.7757453918457,46.2242546081543,3908954054,-3.775745391845703,0,0,1,1
3908954054,2003,Newark,Township,Licking,Property,roads,R,5,1,619,290,68.09680938720703,31.90319061279297,3908954054,-18.09680938720703,0,0,0,0
3908954054,2004,Newark,Township,Licking,Property,roads,R,5,1,472,383,55.20467758178711,44.79532241821289,3908954054,-5.204677581787109,0,0,0,1
3908954054,2009,Newark,Township,Licking,Property,roads,R,5,1,793,230,77.51710510253906,22.482894897460938,3908954054,-27.517105102539063,0,0,0,0
3908954054,2014,Newark,Township,Licking,Property,roads,R,5,1,362,148,70.98039245605469,29.019607543945313,3908954054,-20.980392456054688,0,0,0,0
3908954054,2018,Newark,Township,Licking,Property,roads,R,5,1,675,2445,21.634614944458008,78.365386962890625,3908954054,28.365386962890625,1,0,0,0
3908955580,1996,Newton,Township,Licking,Property,roads,R,4,1,524,427,55.09989547729492,44.90010452270508,3908955580,-5.099895477294922,0,0,0,1
3908955580,1999,Newton,Township,Licking,Property,roads,R,5,1,546,228,70.542633056640625,29.457366943359375,3908955580,-20.542633056640625,0,0,0,0
3908955580,2004,Newton,Township,Licking,Property,roads,R,5,1,397,571,41.01239776611328,58.98760223388672,3908955580,8.987602233886719,1,0,0,0
3908955580,2005,Newton,Township,Licking,Property,roads,R,5,1,902,264,77.358489990234375,22.641510009765625,3908955580,-27.358489990234375,0,0,0,0
3908955580,2010,Newton,Township,Licking,Property,roads,R,5,1,622,479,56.49409484863281,43.50590515136719,3908955580,-6.4940948486328125,0,0,0,1
3908955580,2015,Newton,Township,Licking,Property,roads,R,5,1,693,295,70.1417007446289,29.858299255371094,3908955580,-20.141700744628906,0,0,0,0
3908955580,2019,Newton,Township,Licking,property,roads,R,5,1,501,215,69.9720687866211,30.027931213378906,3908955580,-19.972068786621094,0,0,0,0
3908961112,1993,Pataskala,Village,Licking,Property,roads,R,5,2.5,413,387,51.625,48.375,3961112,-1.625,0,1,1,1
3908961112,2001,Pataskala,City,Licking,Property,roads,R,5,2.5,1840,1179,60.94733428955078,39.05266571044922,3961112,-10.947334289550781,0,0,0,0
3908961112,2002,Pataskala,City,Licking,Property,roads,R,5,2.5,709,4317,14.106645584106445,85.89335632324219,3961112,35.89335632324219,1,0,0,0
3908961112,2007,Pataskala,City,Licking,Property,roads,R,5,2.5,616,2894,17.54985809326172,82.45014190673828,3961112,32.45014190673828,1,0,0,0
3908961924,2017,Perry,Township,Licking,Property,roads,A,5,3,57,82,41.00719451904297,58.99280548095703,3908961924,8.992805480957031,1,0,0,0
3908961924,2019,Perry,Township,Licking,property,roads,R,5,3,231,94,71.07691955566406,28.923080444335938,3908961924,-21.076919555664063,0,0,0,0
3908969456,1993,St. Albans,Township,Licking,Property,roads,A,5,2,296,282,51.2110710144043,48.7889289855957,3908969456,-1.2110710144042969,0,1,1,1
3908969456,1994,St. Albans,Township,Licking,Property,roads,A,5,3,256,210,54.93562316894531,45.06437683105469,3908969456,-4.9356231689453125,0,0,1,1
3908969456,1999,St. Albans,Township,Licking,Property,roads,R,5,3,281,295,48.78472137451172,51.21527862548828,3908969456,1.2152786254882813,1,1,1,1
3908969456,2003,St. Albans,Township,Licking,Property,roads,R,5,2,356,528,40.27149200439453,59.72850799560547,3908969456,9.728507995605469,1,0,0,0
3908969456,2007,St. Albans,Township,Licking,Property,roads,R,5,2,669,226,74.74860382080078,25.25139617919922,3908969456,-24.74860382080078,0,0,0,0
3908969456,2009,St. Albans,Township,Licking,Property,roads,A,3,3,152,422,26.480836868286133,73.5191650390625,3908969456,23.5191650390625,1,0,0,0
3908969456,2012,St. Albans,Township,Licking,Property,roads,R,5,2,412,544,43.09623336791992,56.90376663208008,3908969456,6.903766632080078,1,0,0,1
3908969456,2016,St. Albans,Township,Licking,Property,roads,R,5,3,410,279,59.50653076171875,40.49346923828125,3908969456,-9.50653076171875,0,0,0,0
3908969456,2019,St. Albans,Township,Licking,property,roads,R,5,3,287,147,66.12903594970703,33.87096405029297,3908969456,-16.12903594970703,0,0,0,0
3908979114,2002,Utica,Village,Licking,Income,roads,A,1000,.25,346,127,73.15010833740234,26.849891662597656,3979114,-23.150108337402344,0,0,0,0
3908979114,2005,Utica,Village,Licking,Income,roads,A,1000,.25,235,166,58.603492736816406,41.396507263183594,3979114,-8.603492736816406,0,0,0,0
3908981410,1991,Washington,Township,Licking,Property,roads,R,5,3,99,303,24.62686538696289,75.373138427734375,3908981410,25.373138427734375,1,0,0,0
3908981410,2000,Washington,Township,Licking,Property,roads,A,5,3,192,339,36.1581916809082,63.8418083190918,3908981410,13.841808319091797,1,0,0,0
3908981410,2005,Washington,Township,Licking,Property,roads,R,5,3,120,209,36.47416305541992,63.52583694458008,3908981410,13.525836944580078,1,0,0,0
3908981410,2011,Washington,Township,Licking,Property,roads,R,5,3,254,377,40.25356674194336,59.74643325805664,3908981410,9.74643325805664,1,0,0,0
3908981410,2015,Washington,Township,Licking,Property,roads,R,5,1,237,246,49.068321228027344,50.931678771972656,3908981410,0.93167877197265625,1,1,1,1
3908981410,2016,Washington Township Road District,Road District,Licking,Property,roads,R,5,3.75,259,56,82.22222137451172,17.77777862548828,NA,-32.22222137451172,0,0,0,0
3909121378,2007,De Graff,Village,Logan,Income,roads,A,1000,.5,34,82,29.310344696044922,70.68965148925781,3921378,20.689651489257813,1,0,0,0
3909121378,2010,De Graff,Village,Logan,Property,roads,A,5,1.8,137,255,34.948978424072266,65.051025390625,3921378,15.051025390625,1,0,0,0
3909151464,1993,Monroe,Township,Logan,Property,roads,R,5,3,369,1780,17.1707763671875,82.8292236328125,3909151464,32.8292236328125,1,0,0,0
3909151464,2003,Monroe,Township,Logan,Property,roads,A,5,2,220,146,60.109291076660156,39.890708923339844,3909151464,-10.109291076660156,0,0,0,0
3909151464,2004,Monroe,Township,Logan,Property,roads,R,5,2,138,151,47.7508659362793,52.2491340637207,3909151464,2.249134063720703,1,1,1,1
3909151464,2009,Monroe,Township,Logan,Property,roads,A,5,1,159,176,47.46268844604492,52.53731155395508,3909151464,2.537311553955078,1,1,1,1
3909151464,2012,Monroe,Township,Logan,Property,roads,R,5,2,159,554,22.300140380859375,77.699859619140625,3909151464,27.699859619140625,1,0,0,0
3909151464,2014,Monroe,Township,Logan,Property,roads,R,5,3,382,193,66.434783935546875,33.565216064453125,3909151464,-16.434783935546875,0,0,0,0
3909165200,1995,Quincy,Village,Logan,Property,roads,A,5,2,52,135,27.80748748779297,72.19251251220703,3965200,22.19251251220703,1,0,0,0
3909165200,1996,Quincy,Village,Logan,Property,roads,R,5,3.2,68,115,37.158470153808594,62.841529846191406,3965200,12.841529846191406,1,0,0,0
3909165200,2001,Quincy,Village,Logan,Property,roads,R,5,3.2,119,35,77.2727279663086,22.727272033691406,3965200,-27.272727966308594,0,0,0,0
3909165200,2007,Quincy,Village,Logan,Property,roads,R,5,3.2,94,74,55.9523811340332,44.0476188659668,3965200,-5.952381134033203,0,0,0,1
3909165200,2012,Quincy,Village,Logan,Property,roads,R,5,3.2,82,87,48.52070999145508,51.47929000854492,3965200,1.4792900085449219,1,1,1,1
3909165200,2013,Quincy,Village,Logan,Property,roads,R,5,3.2,110,52,67.90123748779297,32.09876251220703,3965200,-17.90123748779297,0,0,0,0
3909169302,2005,Russells Point,Village,Logan,Property,roads,A,3,3.5,185,324,36.34577560424805,63.65422439575195,3969302,13.654224395751953,1,0,0,0
3909178414,1993,Union,Township,Logan,Property,roads,R,5,2.5,103,239,30.116958618164063,69.88304138183594,3909178414,19.883041381835938,1,0,0,0
3909178414,2008,Union,Township,Logan,Property,roads,A,5,2,98,182,35,65,3909178414,15,1,0,0,0
3909178414,2012,Union,Township,Logan,Property,roads,A,5,2.5,239,554,30.138713836669922,69.86128234863281,3909178414,19.861282348632813,1,0,0,0
3909178414,2013,Union,Township,Logan,Property,roads,R,5,2.5,301,72,80.697052001953125,19.302947998046875,3909178414,-30.697052001953125,0,0,0,0
3909183818,1994,West Mansfield,Village,Logan,Property,roads,A,-999,1.5,204,101,66.88524627685547,33.11475372314453,3983818,-16.88524627685547,0,0,0,0
3909183818,1997,West Mansfield,Village,Logan,Property,roads,R,3,1.5,183,99,64.89361572265625,35.10638427734375,3983818,-14.89361572265625,0,0,0,0
3909183818,2000,West Mansfield,Village,Logan,Property,roads,R,3,1.5,145,162,47.23126983642578,52.76873016357422,3983818,2.7687301635742188,1,1,1,1
3909183818,2003,West Mansfield,Village,Logan,Property,roads,R,3,1.5,223,46,82.899627685546875,17.100372314453125,3983818,-32.899627685546875,0,0,0,0
3909183818,2005,West Mansfield,Village,Logan,Property,roads,A,5,1.5,74,85,46.5408821105957,53.4591178894043,3983818,3.459117889404297,1,0,1,1
3909183818,2008,West Mansfield,Village,Logan,Property,roads,A,3,1,155,124,55.55555725097656,44.44444274902344,3983818,-5.5555572509765625,0,0,0,1
3909183818,2009,West Mansfield,Village,Logan,Property,roads,R,3,1.5,155,92,62.75303649902344,37.24696350097656,3983818,-12.753036499023438,0,0,0,0
3909183818,2015,West Mansfield,Village,Logan,Property,roads,R,5,2.5,158,116,57.66423416137695,42.33576583862305,3983818,-7.664234161376953,0,0,0,0
3909301798,2021,Amherst,Township,Lorain,property,roads,R,5,1,131,38,77.5147933959961,22.485206604003906,3909301798,-27.514793395996094,0,0,0,0
3909301812,2011,Amherst,Township,Lorain,Property,roads,A,5,1,1021,916,52.71037673950195,47.28962326049805,3909301812,-2.710376739501953,0,1,1,1
3909301812,2015,Amherst,Township,Lorain,Property,roads,A,5,3.9,742,926,44.484413146972656,55.515586853027344,3909301812,5.515586853027344,1,0,0,1
3909301812,2016,Amherst Township Road District,Road District,Lorain,Property,roads,R,5,1,1163,651,64.112457275390625,35.887542724609375,NA,-14.112457275390625,0,0,0,0
3909303352,1993,Avon,City,Lorain,Property,roads,R,5,2,305,397,43.44729232788086,56.55270767211914,3903352,6.552707672119141,1,0,0,1
3909303352,1996,Avon,City,Lorain,Income,roads,A,10,.5,1540,2649,36.7629508972168,63.2370491027832,3903352,13.237049102783203,1,0,0,0
3909303352,1997,Avon,City,Lorain,Property,roads,A,5,1.75,1340,1593,45.68701171875,54.31298828125,3903352,4.31298828125,1,0,1,1
3909303352,1998,Avon,City,Lorain,Property,roads,R,5,2,2598,1597,61.930870056152344,38.069129943847656,3903352,-11.930870056152344,0,0,0,0
3909303352,2003,Avon,City,Lorain,Property,roads,R,5,2,1949,833,70.05751037597656,29.942489624023438,3903352,-20.057510375976563,0,0,0,0
3909303352,2007,Avon,City,Lorain,Property,roads,R,5,2,2747,1092,71.55509185791016,28.444908142089844,3903352,-21.555091857910156,0,0,0,0
3909303352,2013,Avon,City,Lorain,Property,roads,R,5,1.9,740,277,72.763031005859375,27.236968994140625,3903352,-22.763031005859375,0,0,0,0
3909303352,2018,Avon,City,Lorain,Property,roads,R,5,1.9,2343,708,76.79449462890625,23.20550537109375,3903352,-26.79449462890625,0,0,0,0
3909308770,1991,Brighton,Township,Lorain,Property,roads,A,5,1,81,76,51.59235763549805,48.40764236450195,3909308770,-1.5923576354980469,0,1,1,1
3909308770,1995,Brighton,Township,Lorain,Property,roads,R,5,1,134,84,61.467891693115234,38.532108306884766,3909308770,-11.467891693115234,0,0,0,0
3909308770,2000,Brighton,Township,Lorain,Property,roads,R,5,1,276,148,65.0943374633789,34.905662536621094,3909308770,-15.094337463378906,0,0,0,0
3909308770,2005,Brighton,Township,Lorain,Property,roads,R,5,1,244,135,64.37994384765625,35.62005615234375,3909308770,-14.37994384765625,0,0,0,0
3909308770,2010,Brighton,Township,Lorain,Property,roads,R,5,1,223,185,54.656864166259766,45.343135833740234,3909308770,-4.656864166259766,0,0,1,1
3909308770,2015,Brighton,Township,Lorain,Property,roads,R,5,1,197,121,61.949684143066406,38.050315856933594,3909308770,-11.949684143066406,0,0,0,0
3909308770,2021,Brighton,Township,Lorain,property,roads,R,5,1,36,13,73.469390869140625,26.530609130859375,3909308770,-23.469390869140625,0,0,0,0
3909311010,1991,Camden,Township,Lorain,Property,roads,R,5,2.5,209,126,62.3880615234375,37.6119384765625,3909311010,-12.3880615234375,0,0,0,0
3909311010,2005,Camden,Township,Lorain,Property,roads,R,5,2.5,265,216,55.09355545043945,44.90644454956055,3909311010,-5.093555450439453,0,0,0,1
3909311010,2010,Camden,Township,Lorain,Property,roads,R,5,2.5,384,290,56.97329330444336,43.02670669555664,3909311010,-6.973293304443359,0,0,0,1
3909311010,2015,Camden,Township,Lorain,Property,roads,R,5,2.5,382,218,63.66666793823242,36.33333206176758,3909311010,-13.666667938232422,0,0,0,0
3909311010,2021,Camden,Township,Lorain,property,roads,R,5,1.5,114,27,80.85106658935547,19.14893341064453,3909311010,-30.85106658935547,0,0,0,0
3909312140,2014,Carlisle,Township,Lorain,Property,roads,A,4,.75,1133,1246,47.62505340576172,52.37494659423828,3909312140,2.3749465942382813,1,1,1,1
3909312140,2015,Carlisle,Township,Lorain,Property,roads,A,4,.75,452,516,46.6942138671875,53.3057861328125,3909312140,3.3057861328125,1,0,1,1
3909312140,2021,Carlisle,Township,Lorain,property,roads,A,5,.75,553,528,51.15633773803711,48.84366226196289,3909312140,-1.1563377380371094,0,1,1,1
3909316910,1995,Columbia,Township,Lorain,Property,roads,R,5,1,913,361,71.66404724121094,28.335952758789063,3909316910,-21.664047241210938,0,0,0,0
3909316910,2001,Columbia,Township,Lorain,Property,roads,R,5,1,263,161,62.02830123901367,37.97169876098633,3909316910,-12.028301239013672,0,0,0,0
3909316910,2005,Columbia,Township,Lorain,Property,roads,R,5,1,1216,791,60.58794403076172,39.41205596923828,3909316910,-10.587944030761719,0,0,0,0
3909316910,2010,Columbia,Township,Lorain,Property,roads,R,5,1,1568,1404,52.75908660888672,47.24091339111328,3909316910,-2.7590866088867188,0,1,1,1
3909316910,2016,Columbia,Township,Lorain,Property,roads,R,5,1,1297,943,57.90178680419922,42.09821319580078,3909316910,-7.901786804199219,0,0,0,0
3909316910,2021,Columbia,Township,Lorain,property,roads,A,5,1.3,128,161,44.29065704345703,55.70934295654297,3909316910,5.709342956542969,1,0,0,1
3909324220,2016,Eaton,Township,Lorain,Property,roads,A,3,1,1002,1726,36.73020553588867,63.26979446411133,3909324220,13.269794464111328,1,0,0,0
3909325256,2016,Elyria,City,Lorain,Income,roads,A,5,.5,7665,4948,60.770633697509766,39.229366302490234,3925256,-10.770633697509766,0,0,0,0
3909331164,1994,Grafton,Township,Lorain,Property,roads,R,5,1,514,238,68.35106658935547,31.64893341064453,3909331164,-18.35106658935547,0,0,0,0
3909331164,1999,Grafton,Township,Lorain,Property,roads,R,5,1,276,151,64.63700103759766,35.362998962402344,3909331164,-14.637001037597656,0,0,0,0
3909331164,2003,Grafton,Township,Lorain,Property,roads,R,5,1,383,319,54.55840301513672,45.44159698486328,3909331164,-4.558403015136719,0,0,1,1
3909331164,2008,Grafton,Township,Lorain,Property,roads,R,5,1,862,668,56.33987045288086,43.66012954711914,3909331164,-6.339870452880859,0,0,0,1
3909331164,2013,Grafton,Township,Lorain,Property,roads,R,5,1,464,260,64.08839416503906,35.91160583496094,3909331164,-14.088394165039063,0,0,0,0
3909331164,2018,Grafton,Township,Lorain,Property,roads,R,5,1,793,440,64.31468200683594,35.68531799316406,3909331164,-14.314682006835938,0,0,0,0
3909334972,2017,Henrietta,Township,Lorain,Property,roads,A,5,1,324,184,63.77952575683594,36.22047424316406,3909334972,-13.779525756835938,0,0,0,0
3909334972,2021,Henrietta,Township,Lorain,property,roads,R,5,1,305,97,75.87064361572266,24.129356384277344,3909334972,-25.870643615722656,0,0,0,0
3909336876,2017,Huntington,Township,Lorain,Property,roads,A,5,1,156,196,44.318180084228516,55.681819915771484,3909336876,5.681819915771484,1,0,0,1
3909341230,1994,LaGrange,Village,Lorain,Income,roads,A,-999,.5,304,214,58.687259674072266,41.312740325927734,3941230,-8.687259674072266,0,0,0,0
3909356966,1993,North Ridgeville,City,Lorain,Property,roads,R,5,1.9,1662,2050,44.77370834350586,55.22629165649414,3956966,5.226291656494141,1,0,0,1
3909356966,1999,North Ridgeville,City,Lorain,Property,roads,R,5,2,3729,1997,65.123992919921875,34.876007080078125,3956966,-15.123992919921875,0,0,0,0
3909356966,2001,North Ridgeville,City,Lorain,Property,roads,R,5,2,3465,3709,48.299415588378906,51.700584411621094,3956966,1.7005844116210938,1,1,1,1
3909356966,2006,North Ridgeville,City,Lorain,Property,roads,R,5,1.9,2759,753,78.5592269897461,21.440773010253906,3956966,-28.559226989746094,0,0,0,0
3909356966,2011,North Ridgeville,City,Lorain,Property,roads,R,5,1.9,4668,1221,79.26642608642578,20.73357391357422,3956966,-29.26642608642578,0,0,0,0
3909356966,2015,North Ridgeville,City,Lorain,Property,roads,A,20,.86,2052,939,68.60581970214844,31.394180297851563,3956966,-18.605819702148438,0,0,0,0
3909356966,2020,North Ridgeville,City,Lorain,property,roads,R,5,1.9,5852,1901,75.48046112060547,24.51953887939453,3956966,-25.48046112060547,0,0,0,0
3909362960,1991,Pittsfield,Township,Lorain,Property,roads,R,5,2,292,552,34.5971565246582,65.40284729003906,3909362960,15.402847290039063,1,0,0,0
3909362960,1999,Pittsfield,Township,Lorain,Property,roads,R,5,2,336,48,87.5,12.5,3909362960,-37.5,0,0,0,0
3909362960,2003,Pittsfield,Township,Lorain,Property,roads,R,5,2,204,95,68.22742462158203,31.77257537841797,3909362960,-18.22742462158203,0,0,0,0
3909362960,2007,Pittsfield,Township,Lorain,Property,roads,R,5,2,251,1036,19.50271987915039,80.497283935546875,3909362960,30.497283935546875,1,0,0,0
3909362960,2013,Pittsfield,Township,Lorain,Property,roads,R,5,2,580,178,76.51715087890625,23.48284912109375,3909362960,-26.51715087890625,0,0,0,0
3909362960,2019,Pittsfield,Township,Lorain,property,roads,R,5,2,258,125,67.36292266845703,32.63707733154297,3909362960,-17.36292266845703,0,0,0,0
3909367776,2011,Rochester,Township,Lorain,Property,roads,A,1000,2,92,708,11.5,88.5,3909367776,38.5,1,0,0,0
3909372088,2001,Sheffield Lake,City,Lorain,Income,roads,A,1000,.5,835,334,71.42857360839844,28.571426391601563,3972088,-21.428573608398438,0,0,0,0
3909372088,2002,Sheffield Lake,City,Lorain,Property,roads,R,1000,3,889,1261,41.348838806152344,58.651161193847656,3972088,8.651161193847656,1,0,0,0
3909372088,2006,Sheffield Lake,City,Lorain,Income,roads,A,1000,.25,1364,773,63.827796936035156,36.172203063964844,3972088,-13.827796936035156,0,0,0,0
3909539116,1994,Jerusalem,Township,Lucas,Property,roads,R,5,2,598,265,69.29316711425781,30.706832885742188,3909539116,-19.293167114257813,0,0,0,0
3909539116,1999,Jerusalem,Township,Lucas,Property,roads,R,5,2,404,179,69.29673767089844,30.703262329101563,3909539116,-19.296737670898438,0,0,0,0
3909539116,2004,Jerusalem,Township,Lucas,Property,roads,R,5,2,1086,502,68.387908935546875,31.612091064453125,3909539116,-18.387908935546875,0,0,0,0
3909539116,2009,Jerusalem,Township,Lucas,Property,roads,R,5,2,710,516,57.91190719604492,42.08809280395508,3909539116,-7.911907196044922,0,0,0,0
3909539116,2014,Jerusalem,Township,Lucas,Property,roads,R,5,2,626,385,61.91889190673828,38.08110809326172,3909539116,-11.918891906738281,0,0,0,0
3909539116,2015,Jerusalem,Township,Lucas,Property,roads,A,5,1,592,493,54.56221008300781,45.43778991699219,3909539116,-4.5622100830078125,0,0,1,1
3909539116,2019,Jerusalem,Township,Lucas,property,roads,R,5,2,521,275,65.45226287841797,34.54773712158203,3909539116,-15.452262878417969,0,0,0,0
3909539116,2020,Jerusalem,Township,Lucas,property,roads,R,5,1,1105,598,64.885498046875,35.114501953125,3909539116,-14.885498046875,0,0,0,0
3909559010,2018,Ottawa Hills,Village,Lucas,Property,roads,A,1000,3.9,1098,976,52.94117736816406,47.05882263183594,3959010,-2.9411773681640625,0,1,1,1
3909564836,2008,Providence,Township,Lucas,Property,roads,A,5,2.5,640,629,50.43341064453125,49.56658935546875,3909564836,-0.43341064453125,0,1,1,1
3909564836,2017,Providence,Township,Lucas,Property,roads,A,5,3,437,395,52.52404022216797,47.47595977783203,3909564836,-2.5240402221679688,0,1,1,1
3909564836,2018,Providence,Township,Lucas,Property,roads,A,5,3,541,163,76.846588134765625,23.153411865234375,3909564836,-26.846588134765625,0,0,0,0
3909573990,2004,Spencer,Township,Lucas,Property,roads,A,5,2,120,491,19.639934539794922,80.36006164550781,3909573990,30.360061645507813,1,0,0,0
3909577000,2020,Toledo,City,Lucas,income,roads,A,4,.25,56682,47632,54.33786392211914,45.66213607788086,3977000,-4.337863922119141,0,0,1,1
3909581438,1997,Washington,Township,Lucas,Property,roads,R,5,2.5,686,211,76.477142333984375,23.522857666015625,3909581438,-26.477142333984375,0,0,0,0
3909581438,1998,Washington,Township,Lucas,Property,roads,R,5,2.5,824,175,82.48248291015625,17.51751708984375,3909581438,-32.48248291015625,0,0,0,0
3909581438,2003,Washington,Township,Lucas,Property,roads,R,5,2.5,467,332,58.44805908203125,41.55194091796875,3909581438,-8.44805908203125,0,0,0,0
3909581438,2008,Washington,Township,Lucas,Property,roads,R,5,2.5,1026,624,62.181819915771484,37.818180084228516,3909581438,-12.181819915771484,0,0,0,0
3909581438,2012,Washington,Township,Lucas,Property,roads,R,5,2.5,1034,420,71.114166259765625,28.885833740234375,3909581438,-21.114166259765625,0,0,0,0
3909581438,2014,Washington,Township,Lucas,Property,roads,R,5,2.5,383,291,56.82492446899414,43.17507553100586,3909581438,-6.824924468994141,0,0,0,1
3909744674,2010,London,City,Madison,Income,roads,A,1000,.5,1029,905,53.20579147338867,46.79420852661133,3944674,-3.205791473388672,0,0,1,1
3909763030,1994,Plain City,Village,Madison,Income,roads,A,N/A,.5,609,233,72.327789306640625,27.672210693359375,3963030,-22.327789306640625,0,0,0,0
3909763030,1999,Plain City,Village,Madison,Property,roads,A,3,3,166,533,23.748210906982422,76.25178527832031,3963030,26.251785278320313,1,0,0,0
3909903198,1991,Austintown,Township,Mahoning,Property,roads,R,5,1.5,5000,3867,56.388858795166016,43.611141204833984,3909903198,-6.388858795166016,0,0,0,1
3909903198,1995,Austintown,Township,Mahoning,Property,roads,R,5,1.5,6860,4109,62.539886474609375,37.460113525390625,3909903198,-12.539886474609375,0,0,0,0
3909903198,1996,Austintown,Township,Mahoning,Property,roads,A,5,1,12381,6194,66.65410614013672,33.34589385986328,3909903198,-16.65410614013672,0,0,0,0
3909903198,2001,Austintown,Township,Mahoning,Property,roads,R,5,1,6814,4068,62.617164611816406,37.382835388183594,3909903198,-12.617164611816406,0,0,0,0
3909903198,2005,Austintown,Township,Mahoning,Property,roads,R,5,1.5,6882,3609,65.59908294677734,34.400917053222656,3909903198,-15.599082946777344,0,0,0,0
3909903198,2006,Austintown,Township,Mahoning,Property,roads,R,5,1,5871,2641,68.97321319580078,31.02678680419922,3909903198,-18.97321319580078,0,0,0,0
3909903198,2010,Austintown,Township,Mahoning,Property,roads,R,5,1,9228,4320,68.113372802734375,31.886627197265625,3909903198,-18.113372802734375,0,0,0,0
3909903198,2011,Austintown,Township,Mahoning,Property,roads,R,5,1.5,8841,3724,70.36211395263672,29.63788604736328,3909903198,-20.36211395263672,0,0,0,0
3909903198,2015,Austintown,Township,Mahoning,Property,roads,R,5,1.5,5587,5305,51.29452896118164,48.70547103881836,3909903198,-1.2945289611816406,0,1,1,1
3909903198,2016,Austintown,Township,Mahoning,Property,roads,A,5,1,8507,9352,47.634246826171875,52.365753173828125,3909903198,2.365753173828125,1,1,1,1
3909903198,2020,Austintown,Township,Mahoning,property,roads,R,5,1.5,13168,5375,71.01332092285156,28.986679077148438,3909903198,-21.013320922851563,0,0,0,0
3909903198,2021,Austintown,Township,Mahoning,property,roads,R,5,1.5,3992,2089,65.6470947265625,34.3529052734375,3909903198,-15.6470947265625,0,0,0,0
3909904668,1993,Beaver,Township,Mahoning,Property,roads,A,5,1.5,532,821,39.320030212402344,60.679969787597656,3909904668,10.679969787597656,1,0,0,0
3909905858,2015,Berlin,Township,Mahoning,Property,roads,A,1000,1.75,277,389,41.591590881347656,58.408409118652344,3909905858,8.408409118652344,1,0,0,0
3909905858,2016,Berlin,Township,Mahoning,Property,roads,A,5,1.75,575,656,46.709991455078125,53.290008544921875,3909905858,3.290008544921875,1,0,1,1
3909907468,1993,Boardman,Township,Mahoning,Property,roads,R,5,.3,8277,3954,67.67230987548828,32.32769012451172,3909907468,-17.67230987548828,0,0,0,0
3909907468,1998,Boardman,Township,Mahoning,Property,roads,R,5,.3,11020,5418,67.03978729248047,32.96021270751953,3909907468,-17.03978729248047,0,0,0,0
3909907468,2003,Boardman,Township,Mahoning,Property,roads,R,5,.3,5602,4588,54.975467681884766,45.024532318115234,3909907468,-4.975467681884766,0,0,1,1
3909907468,2009,Boardman,Township,Mahoning,Property,roads,R,5,.3,1580,645,71.01123809814453,28.98876190185547,3909907468,-21.01123809814453,0,0,0,0
3909907468,2014,Boardman,Township,Mahoning,Property,roads,R,5,.3,9267,3948,70.1248550415039,29.875144958496094,3909907468,-20.124855041503906,0,0,0,0
3909907468,2019,Boardman,Township,Mahoning,property,roads,R,5,.3,5261,2285,69.71905517578125,30.28094482421875,3909907468,-19.71905517578125,0,0,0,0
3909911066,2012,Campbell,City,Mahoning,Property,roads,A,5,3,2050,1941,51.36557388305664,48.63442611694336,3911066,-1.3655738830566406,0,1,1,1
3909911066,2017,Campbell,City,Mahoning,Property,roads,R,5,3,1162,464,71.463714599609375,28.536285400390625,3911066,-21.463714599609375,0,0,0,0
3909911066,2021,Campbell,City,Mahoning,property,roads,R,5,3,1278,430,74.82435607910156,25.175643920898438,3911066,-24.824356079101563,0,0,0,0
3909919106,1991,Craig Beach,Village,Mahoning,Property,roads,R,5,3.5,237,234,50.3184700012207,49.6815299987793,3919106,-0.3184700012207031,0,1,1,1
3909919106,1995,Craig Beach,Village,Mahoning,Property,roads,R,5,3.5,228,153,59.8425178527832,40.1574821472168,3919106,-9.842517852783203,0,0,0,0
3909919106,1999,Craig Beach,Village,Mahoning,Property,roads,A,5,2.5,130,266,32.82828140258789,67.171722412109375,3919106,17.171722412109375,1,0,0,0
3909919106,2001,Craig Beach,Village,Mahoning,Property,roads,A,5,3,211,209,50.238094329833984,49.761905670166016,3919106,-0.23809432983398438,0,1,1,1
3909919106,2005,Craig Beach,Village,Mahoning,Property,roads,R,5,3,296,115,72.01946258544922,27.98053741455078,3919106,-22.01946258544922,0,0,0,0
3909919106,2010,Craig Beach,Village,Mahoning,Property,roads,R,5,3,259,139,65.07537841796875,34.92462158203125,3919106,-15.07537841796875,0,0,0,0
3909919106,2015,Craig Beach,Village,Mahoning,Property,roads,R,5,3,201,155,56.46067428588867,43.53932571411133,3919106,-6.460674285888672,0,0,0,1
3909919106,2020,Craig Beach,Village,Mahoning,property,roads,R,5,3,365,125,74.48979949951172,25.51020050048828,3919106,-24.48979949951172,0,0,0,0
3909931794,2002,Green,Township,Mahoning,Property,roads,R,5,1.5,317,377,45.6772346496582,54.3227653503418,3909931794,4.322765350341797,1,0,1,1
3909950638,1994,Milton,Township,Mahoning,Property,roads,A,5,2,323,424,43.2396240234375,56.7603759765625,3909950638,6.7603759765625,1,0,0,1
3909950638,1996,Milton,Township,Mahoning,Property,roads,A,5,2,235,615,27.647058486938477,72.35294342041016,3909950638,22.352943420410156,1,0,0,0
3909950638,1997,Milton,Township,Mahoning,Property,roads,A,5,2,308,567,35.20000076293945,64.80000305175781,3909950638,14.800003051757813,1,0,0,0
3909950638,2000,Milton,Township,Mahoning,Property,roads,A,5,2,530,584,47.57630157470703,52.42369842529297,3909950638,2.4236984252929688,1,1,1,1
3909950638,2002,Milton,Township,Mahoning,Property,roads,R,5,3,429,537,44.40993881225586,55.59006118774414,3909950638,5.590061187744141,1,0,0,1
3909963954,1992,Poland,Village,Mahoning,Property,roads,A,4,3,373,972,27.732341766357422,72.26765441894531,3963954,22.267654418945313,1,0,0,0
3909963954,1993,Poland,Village,Mahoning,Property,roads,A,5,3,375,236,61.374794006347656,38.625205993652344,3963954,-11.374794006347656,0,0,0,0
3909963954,1999,Poland,Village,Mahoning,Property,roads,A,5,5,428,515,45.387062072753906,54.612937927246094,3963954,4.612937927246094,1,0,1,1
3909963954,2002,Poland,Village,Mahoning,Property,roads,R,5,2.5,765,597,56.16740036010742,43.83259963989258,3963954,-6.167400360107422,0,0,0,1
3909963954,2017,Poland,Village,Mahoning,Property,roads,A,5,2,698,229,75.2966537475586,24.703346252441406,3963954,-25.296653747558594,0,0,0,0
3909963954,2020,Poland,Village,Mahoning,property,roads,R,5,2,1260,381,76.7824478149414,23.217552185058594,3963954,-26.782447814941406,0,0,0,0
3909963968,1991,Poland,Township,Mahoning,Property,roads,A,7,2.03,3437,435,88.76549530029297,11.234504699707031,3909963968,-38.76549530029297,0,0,0,0
3909963968,1994,Poland,Township,Mahoning,Property,roads,R,5,2,3847,2767,58.16450119018555,41.83549880981445,3909963968,-8.164501190185547,0,0,0,0
3909963968,1998,Poland,Township,Mahoning,Property,roads,R,5,2,2290,2468,48.12946701049805,51.87053298950195,3909963968,1.8705329895019531,1,1,1,1
3909963968,1999,Poland,Township,Mahoning,Property,roads,R,5,2,2063,1332,60.765830993652344,39.234169006347656,3909963968,-10.765830993652344,0,0,0,0
3909963968,2006,Poland,Township,Mahoning,Property,roads,R,5,2,3309,1287,71.99739074707031,28.002609252929688,3909963968,-21.997390747070313,0,0,0,0
3909963968,2010,Poland,Township,Mahoning,Property,roads,R,5,2,1422,3226,30.59380340576172,69.40619659423828,3909963968,19.40619659423828,1,0,0,0
3909975126,1991,Struthers,City,Mahoning,Property,roads,A,5,3,908,2255,28.706924438476563,71.29307556152344,3975126,21.293075561523438,1,0,0,0
3909975126,1992,Struthers,City,Mahoning,Property,roads,R,5,3,2617,3419,43.356529235839844,56.643470764160156,3975126,6.643470764160156,1,0,0,1
3910309680,2011,Brunswick,City,Medina,Property,roads,A,1000,2.7,4635,6033,43.44769287109375,56.55230712890625,3909680,6.55230712890625,1,0,0,1
3910309680,2012,Brunswick,City,Medina,property,roads,A,20,2.7,2820,4241,39.937686920166016,60.062313079833984,3909680,10.062313079833984,1,0,0,0
3910309680,2013,Brunswick,City,Medina,Property,roads,A,10,1.2,3320,3509,48.61619567871094,51.38380432128906,3909680,1.3838043212890625,1,1,1,1
3910309680,2014,Brunswick,City,Medina,Property,roads,A,10,1.2,3320,2195,60.19945526123047,39.80054473876953,3909680,-10.199455261230469,0,0,0,0
3910309708,1999,Brunswick Hills,Township,Medina,Property,roads,R,1000,2.5,247,398,38.29457473754883,61.70542526245117,3910309708,11.705425262451172,1,0,0,0
3910309708,2003,Brunswick Hills,Township,Medina,Property,roads,A,5,1.5,371,549,40.326087951660156,59.673912048339844,3910309708,9.673912048339844,1,0,0,0
3910309708,2015,Brunswick Hills,Township,Medina,Property,roads,A,1000,2,1377,1559,46.900543212890625,53.099456787109375,3910309708,3.099456787109375,1,0,1,1
3910309708,2021,Brunswick Hills,Township,Medina,property,roads,A,cpt,1.5,848,866,49.474910736083984,50.525089263916016,3910309708,0.5250892639160156,1,1,1,1
3910313750,1991,Chatham,Township,Medina,Property,roads,A,5,2,206,243,45.87973403930664,54.12026596069336,3910313750,4.120265960693359,1,0,1,1
3910313750,1992,Chatham,Township,Medina,Property,roads,A,5,2,399,497,44.53125,55.46875,3910313750,5.46875,1,0,0,1
3910313750,1993,Chatham,Township,Medina,Property,roads,A,5,4,206,293,41.28256607055664,58.71743392944336,3910313750,8.71743392944336,1,0,0,0
3910313750,1994,Chatham,Township,Medina,Property,roads,A,5,4,185,299,38.223140716552734,61.776859283447266,3910313750,11.776859283447266,1,0,0,0
3910313750,1995,Chatham,Township,Medina,Property,roads,A,1000,2,263,368,41.679874420166016,58.320125579833984,3910313750,8.320125579833984,1,0,0,0
3910313750,1997,Chatham,Township,Medina,Property,roads,A,5,2,122,163,42.8070182800293,57.1929817199707,3910313750,7.192981719970703,1,0,0,1
3910314254,2009,Chippewa Lake,Village,Medina,Property,roads,A,5,1.5,94,102,47.95918273925781,52.04081726074219,3914254,2.0408172607421875,1,1,1,1
3910314254,2010,Chippewa Lake,Village,Medina,Property,roads,A,5,1.5,151,105,58.984375,41.015625,3914254,-8.984375,0,0,0,0
3910314254,2014,Chippewa Lake,Village,Medina,Property,roads,R,5,2,157,84,65.14522552490234,34.854774475097656,3914254,-15.145225524902344,0,0,0,0
3910314254,2019,Chippewa Lake,Village,Medina,property,roads,A,5,3,92,60,60.52631759643555,39.47368240356445,3914254,-10.526317596435547,0,0,0,0
3910331374,2003,Granger,Township,Medina,Property,roads,A,5,1,414,500,45.295406341552734,54.704593658447266,3910331374,4.704593658447266,1,0,1,1
3910331374,2004,Granger,Township,Medina,Property,roads,A,5,1.5,390,407,48.933502197265625,51.066497802734375,3910331374,1.066497802734375,1,1,1,1
3910331374,2005,Granger,Township,Medina,Property,roads,A,5,.5,720,518,58.158321380615234,41.841678619384766,3910331374,-8.158321380615234,0,0,0,0
3910331374,2009,Granger,Township,Medina,Property,roads,R,5,.5,1135,620,64.67236328125,35.32763671875,3910331374,-14.67236328125,0,0,0,0
3910331374,2014,Granger,Township,Medina,Property,roads,R,5,.5,1215,422,74.22113800048828,25.77886199951172,3910331374,-24.22113800048828,0,0,0,0
3910331374,2019,Granger,Township,Medina,property,roads,R,5,.5,488,164,74.84662628173828,25.15337371826172,3910331374,-24.84662628173828,0,0,0,0
3910332676,1994,Guilford,Township,Medina,Property,roads,R,5,1,276,137,66.82808685302734,33.171913146972656,3910332676,-16.828086853027344,0,0,0,0
3910332676,1999,Guilford,Township,Medina,Property,roads,R,5,1,384,225,63.0541877746582,36.9458122253418,3910332676,-13.054187774658203,0,0,0,0
3910332676,2004,Guilford,Township,Medina,Property,roads,R,5,1,1058,618,63.12649154663086,36.87350845336914,3910332676,-13.12649154663086,0,0,0,0
3910332676,2009,Guilford,Township,Medina,Property,roads,R,5,1,721,339,68.01886749267578,31.98113250732422,3910332676,-18.01886749267578,0,0,0,0
3910332676,2014,Guilford,Township,Medina,Property,roads,R,5,1,715,274,72.29524993896484,27.704750061035156,3910332676,-22.295249938964844,0,0,0,0
3910332676,2019,Guilford,Township,Medina,property,roads,R,5,1,366,116,75.93360900878906,24.066390991210938,3910332676,-25.933609008789063,0,0,0,0
3910334104,1995,Harrisville,Township,Medina,Property,roads,R,5,1,921,493,65.134368896484375,34.865631103515625,3910334104,-15.134368896484375,0,0,0,0
3910334104,2000,Harrisville,Township,Medina,Property,roads,R,5,1,466,360,56.416465759277344,43.583534240722656,3910334104,-6.416465759277344,0,0,0,1
3910334104,2005,Harrisville,Township,Medina,Property,roads,R,5,1,729,466,61.00418472290039,38.99581527709961,3910334104,-11.00418472290039,0,0,0,0
3910334104,2010,Harrisville,Township,Medina,Property,roads,R,5,1,250,144,63.451778411865234,36.548221588134766,3910334104,-13.451778411865234,0,0,0,0
3910334104,2014,Harrisville,Township,Medina,Property,roads,R,5,1.5,719,470,60.470985412597656,39.529014587402344,3910334104,-10.470985412597656,0,0,0,0
3910334104,2020,Harrisville,Township,Medina,property,roads,R,5,1.5,1305,843,60.754188537597656,39.245811462402344,3910334104,-10.754188537597656,0,0,0,0
3910335644,1991,Hiram,Township,Portage,Property,roads,R,-999,2,293,241,54.86891555786133,45.13108444213867,3910335644,-4.868915557861328,0,0,1,1
3910335644,1993,Hinckley,Township,Medina,Property,roads,R,3,1,1011,923,52.27507781982422,47.72492218017578,3910335644,-2.2750778198242188,0,1,1,1
3910336078,1994,Homer,Township,Medina,Property,roads,A,5,2.5,145,129,52.919708251953125,47.080291748046875,3910336078,-2.919708251953125,0,1,1,1
3910336078,1999,Homer,Township,Medina,Property,roads,R,5,2.5,63,45,58.33333206176758,41.66666793823242,3910336078,-8.333332061767578,0,0,0,0
3910336078,2004,Homer,Township,Medina,Property,roads,R,5,2.5,355,188,65.377532958984375,34.622467041015625,3910336078,-15.377532958984375,0,0,0,0
3910336078,2009,Homer,Township,Medina,Property,roads,R,5,2.5,301,107,73.7745132446289,26.225486755371094,3910336078,-23.774513244628906,0,0,0,0
3910336078,2013,Homer,Township,Medina,Property,roads,R,5,2.5,183,95,65.82733917236328,34.17266082763672,3910336078,-15.827339172363281,0,0,0,0
3910336078,2017,Homer,Township,Medina,Property,roads,A,5,3,127,206,38.13813781738281,61.86186218261719,3910336078,11.861862182617188,1,0,0,0
3910336078,2020,Homer,Township,Medina,property,roads,A,5,2.5,72,87,45.28302001953125,54.71697998046875,3910336078,4.71697998046875,1,0,1,1
3910336078,2021,Homer,Township,Medina,property,roads,A,5,2.5,87,138,38.66666793823242,61.33333206176758,3910336078,11.333332061767578,1,0,0,0
3910344072,1992,Litchfield,Township,Medina,Property,roads,R,5,1,560,397,58.516197204589844,41.483802795410156,3910344072,-8.516197204589844,0,0,0,0
3910344072,1997,Litchfield,Township,Medina,Property,roads,A,5,1,387,252,60.56338119506836,39.43661880493164,3910344072,-10.56338119506836,0,0,0,0
3910344072,2001,Litchfield,Township,Medina,Property,roads,R,5,1,114,339,25.165563583374023,74.83443450927734,3910344072,24.834434509277344,1,0,0,0
3910344072,2003,Litchfield,Township,Medina,Property,roads,R,5,1,477,347,57.88834762573242,42.11165237426758,3910344072,-7.888347625732422,0,0,0,0
3910344072,2008,Litchfield,Township,Medina,Property,roads,R,5,1,517,611,45.83333206176758,54.16666793823242,3910344072,4.166667938232422,1,0,1,1
3910344072,2013,Litchfield,Township,Medina,Property,roads,R,5,1,608,156,79.5811538696289,20.418846130371094,3910344072,-29.581153869628906,0,0,0,0
3910344072,2017,Litchfield,Township,Medina,Property,roads,R,5,1,1123,234,82.7560806274414,17.243919372558594,3910344072,-32.756080627441406,0,0,0,0
3910344072,2021,Litchfield,Township,Medina,property,roads,R,5,1,556,251,68.89714813232422,31.10285186767578,3910344072,-18.89714813232422,0,0,0,0
3910348790,2009,Medina,City,Medina,Income,roads,A,1000,.75,3651,2898,55.74897003173828,44.25102996826172,3948790,-5.748970031738281,0,0,0,1
3910351856,1993,Montville,Township,Medina,Property,roads,A,5,1,1957,981,66.60993957519531,33.39006042480469,3910351856,-16.609939575195313,0,0,0,0
3910351856,1994,Montville,Township,Medina,Property,roads,A,5,1,547,1862,22.706518173217773,77.2934799194336,3910351856,27.293479919433594,1,0,0,0
3910351856,1996,Montville,Township,Medina,Property,roads,R,5,1,589,707,45.447532653808594,54.552467346191406,3910351856,4.552467346191406,1,0,1,1
3910351856,2001,Montville,Township,Medina,Property,roads,R,5,1,1219,774,61.1640739440918,38.8359260559082,3910351856,-11.164073944091797,0,0,0,0
3910351856,2002,Montville,Township,Medina,Property,roads,A,5,1.5,638,587,52.081634521484375,47.918365478515625,3910351856,-2.081634521484375,0,1,1,1
3910351856,2004,Montville,Township,Medina,Property,roads,A,5,.75,568,2519,18.39974021911621,81.60025787353516,3910351856,31.600257873535156,1,0,0,0
3910351856,2016,Montville,Township,Medina,Property,roads,A,1000,1,1777,1650,51.85293197631836,48.14706802368164,3910351856,-1.8529319763183594,0,1,1,1
3910371801,1995,Sharon,Township,Medina,Property,roads,R,5,2,378,290,56.58682632446289,43.41317367553711,3910371801,-6.586826324462891,0,0,0,1
3910371801,2001,Sharon,Township,Medina,Property,roads,R,5,2,1000,130,88.495574951171875,11.504425048828125,3910371801,-38.495574951171875,0,0,0,0
3910371801,2006,Sharon,Township,Medina,Property,roads,R,5,2,451,533,45.83333206176758,54.16666793823242,3910371801,4.166667938232422,1,0,1,1
3910371801,2011,Sharon,Township,Medina,Property,roads,R,5,2,1878,593,76.001617431640625,23.998382568359375,3910371801,-26.001617431640625,0,0,0,0
3910371801,2015,Sharon,Township,Medina,Property,roads,R,5,2,1768,571,75.587860107421875,24.412139892578125,3910371801,-25.587860107421875,0,0,0,0
3910373999,1991,Spencer,Township,Medina,Property,roads,R,5,2.5,62,239,20.598007202148438,79.40199279785156,3910373999,29.401992797851563,1,0,0,0
3910373999,1996,Spencer,Township,Medina,Property,roads,R,5,2,433,128,77.18360137939453,22.81639862060547,3910373999,-27.18360137939453,0,0,0,0
3910373999,1999,Spencer,Township,Medina,Property,roads,R,5,2,294,183,61.63521957397461,38.36478042602539,3910373999,-11.63521957397461,0,0,0,0
3910373999,2010,Spencer,Township,Medina,Property,roads,R,5,2,209,96,68.52458953857422,31.47541046142578,3910373999,-18.52458953857422,0,0,0,0
3910373999,2015,Spencer,Township,Medina,Property,roads,R,5,2,184,271,40.43955993652344,59.56044006347656,3910373999,9.5604400634765625,1,0,0,0
3910373999,2019,Spencer,Township,Medina,property,roads,R,5,2,381,178,68.15742492675781,31.842575073242188,3910373999,-18.157424926757813,0,0,0,0
3910380304,2012,Wadsworth,City,Medina,Income,roads,A,10,1,855,3011,22.115882873535156,77.88411712646484,3980304,27.884117126464844,1,0,0,0
3910380304,2021,Wadsworth,City,Medina,income,roads,R,10,.1,3053,1710,64.09825897216797,35.90174102783203,3980304,-14.098258972167969,0,0,0,0
3910387052,2016,York,Township,Medina,Property,roads,A,5,1.5,567,557,50.44483947753906,49.55516052246094,3910387052,-0.4448394775390625,0,1,1,1
3910387052,2020,York,Township,Medina,property,roads,A,5,1,337,442,43.260589599609375,56.739410400390625,3910387052,6.739410400390625,1,0,0,1
3910387052,2021,York,Township,Medina,property,roads,A,5,1.5,108,193,35.88039779663086,64.119598388671875,3910387052,14.119598388671875,1,0,0,0
3910514016,2007,Chester,Township,Meigs,Property,roads,A,5,1,325,268,54.80607223510742,45.19392776489258,3910514016,-4.806072235107422,0,0,1,1
3910514016,2012,Chester,Township,Meigs,Property,roads,R,5,1,816,419,66.0728759765625,33.9271240234375,3910514016,-16.0728759765625,0,0,0,0
3910514016,2016,Chester,Township,Meigs,Property,roads,R,5,1,812,382,68.00669860839844,31.993301391601563,3910514016,-18.006698608398438,0,0,0,0
3910514016,2021,Chester,Township,Meigs,property,roads,R,5,1,251,98,71.919769287109375,28.080230712890625,3910514016,-21.919769287109375,0,0,0,0
3910516924,2008,Columbia,Township,Meigs,Property,roads,A,5,1.5,259,295,46.75090408325195,53.24909591674805,3910516924,3.249095916748047,1,0,1,1
3910516924,2012,Columbia,Township,Meigs,Property,roads,A,5,1.5,282,303,48.20512771606445,51.79487228393555,3910516924,1.7948722839355469,1,1,1,1
3910516924,2013,Columbia,Township,Meigs,Property,roads,A,5,1.2,81,77,51.26582336425781,48.73417663574219,3910516924,-1.2658233642578125,0,1,1,1
3910516924,2017,Columbia,Township,Meigs,Property,roads,R,5,1.2,252,142,63.95939254760742,36.04060745239258,3910516924,-13.959392547607422,0,0,0,0
3910542336,2016,Lebanon,Township,Meigs,Property,roads,A,5,1.5,198,4362,4.342105388641357,95.65789794921875,3910542336,45.65789794921875,1,0,0,0
3910542336,2021,Lebanon,Township,Meigs,property,roads,R,5,1.5,62,25,71.26436614990234,28.735633850097656,3910542336,-21.264366149902344,0,0,0,0
3910558282,1993,Olive,Township,Meigs,Property,roads,R,5,2,312,73,81.0389633178711,18.961036682128906,3910558282,-31.038963317871094,0,0,0,0
3910558282,2004,Olive,Township,Meigs,Property,roads,R,3,1,283,307,47.966102600097656,52.033897399902344,3910558282,2.0338973999023438,1,1,1,1
3910558282,2010,Olive,Township,Meigs,Property,roads,A,5,2.8,267,52,83.69905853271484,16.300941467285156,3910558282,-33.699058532714844,0,0,0,0
3910558282,2012,Olive,Township,Meigs,Property,roads,A,5,5,139,258,35.012596130371094,64.9874038696289,3910558282,14.987403869628906,1,0,0,0
3910558282,2016,Olive,Township,Meigs,Property,roads,A,5,2,182,220,45.27363204956055,54.72636795043945,3910558282,4.726367950439453,1,0,1,1
3910558646,1995,Orange,Township,Meigs,Property,roads,A,5,2,220,113,66.0660629272461,33.933937072753906,3910558646,-16.066062927246094,0,0,0,0
3910558646,2019,Orange,Township,Meigs,property,roads,A,5,2,151,126,54.51263427734375,45.48736572265625,3910558646,-4.51263427734375,0,0,1,1
3910564024,2006,Pomeroy,Village,Meigs,Property,roads,A,5,2,174,995,14.884516716003418,85.11548614501953,3964024,35.11548614501953,1,0,0,0
3910564024,2011,Pomeroy,Village,Meigs,Income,roads,A,1000,.25,129,107,54.66101837158203,45.33898162841797,3964024,-4.661018371582031,0,0,1,1
3910569372,2010,Rutland,Township,Meigs,Property,roads,A,5,2.16,179,159,52.958580017089844,47.041419982910156,3910569372,-2.9585800170898438,0,1,1,1
3910569372,2015,Rutland,Township,Meigs,Property,roads,R,5,2.16,605,167,78.36787414550781,21.632125854492188,3910569372,-28.367874145507813,0,0,0,0
3910569372,2018,Rutland,Township,Meigs,Property,roads,R,5,2.16,611,241,71.71361541748047,28.28638458251953,3910569372,-21.71361541748047,0,0,0,0
3910569372,2021,Rutland,Township,Meigs,property,roads,R,5,2.16,189,100,65.3979263305664,34.602073669433594,3910569372,-15.397926330566406,0,0,0,0
3910569904,1993,Salem,Township,Meigs,Property,roads,R,5,2.92,265,287,48.00724792480469,51.99275207519531,3910569904,1.9927520751953125,1,1,1,1
3910569904,2010,Salem,Township,Meigs,Property,roads,A,5,2.92,192,75,71.91011047363281,28.089889526367188,3910569904,-21.910110473632813,0,0,0,0
3910569904,2016,Salem,Township,Meigs,Property,roads,R,5,2.92,184,105,63.66781997680664,36.33218002319336,3910569904,-13.66781997680664,0,0,0,0
3910569904,2021,Salem,Township,Meigs,property,roads,R,5,2.92,97,71,57.738094329833984,42.261905670166016,3910569904,-7.738094329833984,0,0,0,0
3910570996,1993,Scipio,Township,Meigs,Property,roads,R,5,2,150,132,53.191490173339844,46.808509826660156,3910570996,-3.1914901733398438,0,0,1,1
3910570996,2013,Scipio,Township,Meigs,Property,roads,A,5,2,242,69,77.813507080078125,22.186492919921875,3910570996,-27.813507080078125,0,0,0,0
3910570996,2018,Scipio,Township,Meigs,Property,roads,R,5,2,236,43,84.58781433105469,15.412185668945313,3910570996,-34.58781433105469,0,0,0,0
3910716532,2001,Coldwater,Village,Mercer,Income,roads,A,5,.25,517,758,40.54901885986328,59.45098114013672,3916532,9.450981140136719,1,0,0,0
3910727902,1992,Fort Recovery,Village,Mercer,Property,roads,R,5,2.5,349,176,66.47618865966797,33.52381134033203,3927902,-16.47618865966797,0,0,0,0
3910727902,1997,Fort Recovery,Village,Mercer,Property,roads,R,5,2.5,335,175,65.68627166748047,34.31372833251953,3927902,-15.686271667480469,0,0,0,0
3910727902,2002,Fort Recovery,Village,Mercer,Property,roads,R,5,2.5,302,172,63.71308135986328,36.28691864013672,3927902,-13.713081359863281,0,0,0,0
3910727902,2007,Fort Recovery,Village,Mercer,Property,roads,R,5,2.5,292,136,68.22429656982422,31.77570343017578,3927902,-18.22429656982422,0,0,0,0
3910727902,2012,Fort Recovery,Village,Mercer,Property,roads,R,5,2.5,422,282,59.943180084228516,40.056819915771484,3927902,-9.943180084228516,0,0,0,0
3910727902,2016,Ft. Recovery,Village,Mercer,Property,roads,R,5,2.5,519,222,70.04048919677734,29.959510803222656,3927902,-20.040489196777344,0,0,0,0
3910727902,2021,Ft. Recovery,Village,Mercer,property,roads,R,5,2.5,166,44,79.04762268066406,20.952377319335938,3927902,-29.047622680664063,0,0,0,0
3910906110,2015,Bethel,Township,Miami,Property,roads,A,5,2.1,684,1059,39.24268341064453,60.75731658935547,3910906110,10.757316589355469,1,0,0,0
3910908084,1991,Bradford,Village,Miami,Property,roads,A,5,8,198,206,49.0098991394043,50.9901008605957,3908084,0.9901008605957031,1,1,1,1
3910908084,1992,Bradford,Village,Miami,Property,roads,A,5,8,244,111,68.732391357421875,31.267608642578125,3908084,-18.732391357421875,0,0,0,0
3910908084,1997,Bradford,Village,Miami,Property,roads,R,5,8,232,160,59.18367385864258,40.81632614135742,3908084,-9.183673858642578,0,0,0,0
3910908084,2002,Bradford,Village,Miami,Property,roads,R,5,8,117,68,63.24324417114258,36.75675582885742,3908084,-13.243244171142578,0,0,0,0
3910908084,2006,Bradford,Village,Miami,Property,roads,R,5,8,319,341,48.33333206176758,51.66666793823242,3908084,1.6666679382324219,1,1,1,1
3910908084,2007,Bradford,Village,Miami,Property,roads,R,5,8,96,86,52.74725341796875,47.25274658203125,3908084,-2.74725341796875,0,1,1,1
3910908084,2011,Bradford,Village,Miami,Property,roads,R,5,7,155,127,54.96453857421875,45.03546142578125,3908084,-4.96453857421875,0,0,1,1
3910908084,2021,Bradford,Village,Miami,property,roads,R,cpt,7,171,42,80.28169250488281,19.718307495117188,3908084,-30.281692504882813,0,0,0,0
3910919050,2018,Covington,Village,Miami,Property,roads,A,5,3,139,226,38.082191467285156,61.917808532714844,3919050,11.917808532714844,1,0,0,0
3910927412,2013,Fletcher,Village,Miami,Property,roads,A,1000,1.5,51,53,49.03845977783203,50.96154022216797,3927412,0.96154022216796875,1,1,1,1
3910962848,2010,Piqua,City,Miami,Income,roads,R,1000,.25,4403,2598,62.891014099121094,37.108985900878906,3962848,-12.891014099121094,0,0,0,0
3910962848,2012,Piqua,City,Miami,Income,roads,R,10,.25,3060,5596,35.351200103759766,64.6488037109375,3962848,14.6488037109375,1,0,0,0
3910962848,2020,Piqua,City,Miami,income,roads,R,10,.25,1555,631,71.134490966796875,28.865509033203125,3962848,-21.134490966796875,0,0,0,0
3910976876,1991,Tipp City,City,Miami,Income,roads,A,9,.25,847,1537,35.52852249145508,64.47148132324219,3976876,14.471481323242188,1,0,0,0
3910978456,1996,Union,Township,Miami,Property,roads,A,5,1.2,576,1038,35.6877326965332,64.31227111816406,3910978456,14.312271118164063,1,0,0,0
3910983902,1991,West Milton,Village,Miami,Property,roads,R,5,3,958,2337,29.07435417175293,70.92564392089844,3983902,20.925643920898438,1,0,0,0
3910983902,2001,West Milton,Village,Miami,Property,roads,R,5,3,560,546,50.632911682128906,49.367088317871094,3983902,-0.63291168212890625,0,1,1,1
3910983902,2006,West Milton,Village,Miami,Property,roads,R,5,3,769,648,54.26958465576172,45.73041534423828,3983902,-4.269584655761719,0,0,1,1
3910983902,2010,West Milton,Village,Miami,Property,roads,R,5,3,1445,1709,45.81483840942383,54.18516159057617,3983902,4.185161590576172,1,0,1,1
3910983902,2015,West Milton,Village,Miami,Property,roads,R,5,3,392,1246,23.931623458862305,76.06837463378906,3983902,26.068374633789063,1,0,0,0
3911100296,2008,Adams,Township,Monroe,Property,roads,R,3,3,115,184,38.46154022216797,61.53845977783203,3911100296,11.538459777832031,1,0,0,0
3911112966,2000,Center,Township,Monroe,Property,roads,R,5,3,292,287,50.43177795410156,49.56822204589844,3911112966,-0.4317779541015625,0,1,1,1
3911112966,2005,Center,Township,Monroe,Property,roads,R,5,3,274,136,66.82926940917969,33.17073059082031,3911112966,-16.829269409179688,0,0,0,0
3911112966,2010,Center,Township,Monroe,Property,roads,R,5,3,307,177,63.429752349853516,36.570247650146484,3911112966,-13.429752349853516,0,0,0,0
3911112966,2015,Center,Township,Monroe,Property,roads,R,5,3,277,197,58.438819885253906,41.561180114746094,3911112966,-8.438819885253906,0,0,0,0
3911112966,2020,Center,Township,Monroe,property,roads,R,5,3,404,241,62.635658264160156,37.364341735839844,3911112966,-12.635658264160156,0,0,0,0
3911131808,2001,Green,Township,Monroe,Property,roads,A,5,1,91,65,58.33333206176758,41.66666793823242,3911131808,-8.333332061767578,0,0,0,0
3911131808,2006,Green,Township,Monroe,Property,roads,R,5,1,126,53,70.39105987548828,29.60894012451172,3911131808,-20.39105987548828,0,0,0,0
3911131808,2008,Green,Township,Monroe,Property,roads,A,5,1,102,115,47.004608154296875,52.995391845703125,3911131808,2.995391845703125,1,1,1,1
3911131808,2010,Green,Township,Monroe,Property,roads,A,5,1,84,96,46.66666793823242,53.33333206176758,3911131808,3.333332061767578,1,0,1,1
3911131808,2015,Green,Township,Monroe,Property,roads,A,5,1,102,80,56.0439567565918,43.9560432434082,3911131808,-6.043956756591797,0,0,0,1
3911131808,2020,Green,Township,Monroe,property,roads,R,5,1,168,67,71.48936462402344,28.510635375976563,3911131808,-21.489364624023438,0,0,0,0
3911139130,2012,Jerusalem,Village,Monroe,Property,roads,R,5,2,281,200,58.419960021972656,41.580039978027344,3939130,-8.419960021972656,0,0,0,0
3911146928,1991,Malaga,Township,Monroe,Property,roads,R,5,2,182,303,37.52577209472656,62.47422790527344,3911146928,12.474227905273438,1,0,0,0
3911146928,2007,Malaga,Township,Monroe,Property,roads,R,5,2,281,413,40.48991394042969,59.51008605957031,3911146928,9.5100860595703125,1,0,0,0
3911146928,2017,Malaga,Township,Monroe,Property,roads,A,5,2,238,70,77.2727279663086,22.727272033691406,3911146928,-27.272727966308594,0,0,0,0
3911150722,2016,Miltonsburg,Village,Monroe,Property,roads,R,5,2,281,2117,11.718098640441895,88.28189849853516,3950722,38.281898498535156,1,0,0,0
3911181480,1992,Washington,Township,Monroe,Property,roads,R,5,2.5,96,1958,4.673807144165039,95.3261947631836,3911181480,45.326194763183594,1,0,0,0
3911185834,1992,Wilson,Village,Monroe,Property,roads,R,5,5,56,267,17.337461471557617,82.66253662109375,3985834,32.66253662109375,1,0,0,0
3911185834,2004,Wilson,Village,Monroe,Property,roads,R,5,5,35,11,76.08695983886719,23.913040161132813,3985834,-26.086959838867188,0,0,0,0
3911185834,2010,Wilson,Village,Monroe,Property,roads,R,5,5,56,5,91.80327606201172,8.196723937988281,3985834,-41.80327606201172,0,0,0,0
3911185834,2012,Wilson,Village,Monroe,Property,roads,R,5,5,67,172,28.033472061157227,71.9665298461914,3985834,21.966529846191406,1,0,0,0
3911185834,2015,Wilson,Village,Monroe,Property,roads,R,5,5,20,9,68.96551513671875,31.03448486328125,3985834,-18.96551513671875,0,0,0,0
3911185834,2020,Wilson,Village,Monroe,property,roads,R,5,5,38,34,52.77777862548828,47.22222137451172,3985834,-2.7777786254882813,0,1,1,1
3911309358,2017,Brookville,City,Montgomery,Property,roads,A,5,2.5,289,1255,18.71761703491211,81.282379150390625,3909358,31.282379150390625,1,0,0,0
3911309358,2020,Brookville,City,Montgomery,property,roads,A,5,4.63,1533,1675,47.786781311035156,52.213218688964844,3909358,2.2132186889648438,1,1,1,1
3911309358,2021,Brookville,City,Montgomery,property,roads,A,5,3.85,360,518,41.00227737426758,58.99772262573242,3909358,8.997722625732422,1,0,0,0
3911310618,1993,Butler,Township,Montgomery,Property,roads,A,5,1,1155,1837,38.60293960571289,61.39706039428711,3911310618,11.39706039428711,1,0,0,0
3911310618,1994,Butler,Township,Montgomery,Property,roads,A,5,1,1344,1627,45.2372932434082,54.7627067565918,3911310618,4.762706756591797,1,0,1,1
3911310618,1995,Butler,Township,Montgomery,Property,roads,A,5,1,1092,1515,41.88722610473633,58.11277389526367,3911310618,8.112773895263672,1,0,0,0
3911310618,1996,Butler,Township,Montgomery,Property,roads,A,1000,1.5,2314,2137,51.98831558227539,48.01168441772461,3911310618,-1.9883155822753906,0,1,1,1
3911310618,2004,Butler,Township,Montgomery,Property,roads,A,1000,1.5,1249,793,61.165523529052734,38.834476470947266,3911310618,-11.165523529052734,0,0,0,0
3911315644,1992,Randolph,Township,Montgomery,Property,roads,A,5,1.5,542,3525,13.326776504516602,86.67322540283203,3911315644,36.67322540283203,1,0,0,0
3911315644,1993,Randolph,Township,Montgomery,Property,roads,A,-999,.5,2765,1324,67.62044525146484,32.379554748535156,3911315644,-17.620445251464844,0,0,0,0
3911326656,1992,Farmersville,Village,Montgomery,Property,roads,A,-999,1.5,204,191,51.64556884765625,48.35443115234375,3926656,-1.64556884765625,0,1,1,1
3911326656,1995,Farmersville,Village,Montgomery,Property,roads,R,3,1.5,192,82,70.07299041748047,29.92700958251953,3926656,-20.07299041748047,0,0,0,0
3911326656,1999,Farmersville,Village,Montgomery,Property,roads,R,1000,1.5,162,106,60.44776153564453,39.55223846435547,3926656,-10.447761535644531,0,0,0,0
3911326656,2003,Farmersville,Village,Montgomery,Property,roads,R,5,1.5,89,35,71.7741928100586,28.225807189941406,3926656,-21.774192810058594,0,0,0,0
3911326656,2008,Farmersville,Village,Montgomery,Property,roads,R,5,1.5,224,211,51.4942512512207,48.5057487487793,3926656,-1.4942512512207031,0,1,1,1
3911326656,2012,Farmersville,Village,Montgomery,Property,roads,R,5,1.5,324,177,64.67066192626953,35.32933807373047,3926656,-14.670661926269531,0,0,0,0
3911326656,2018,Farmersville,Village,Montgomery,Property,roads,R,5,1.5,294,117,71.53284454345703,28.46715545654297,3926656,-21.53284454345703,0,0,0,0
3911329904,1995,German,Township,Montgomery,Property,roads,R,5,1,1216,763,61.44517517089844,38.55482482910156,3911329904,-11.445175170898438,0,0,0,0
3911329904,2000,German,Township,Montgomery,Property,roads,R,5,1,1778,1559,53.28139114379883,46.71860885620117,3911329904,-3.281391143798828,0,0,1,1
3911329904,2005,German,Township,Montgomery,Property,roads,R,5,1,962,848,53.149169921875,46.850830078125,3911329904,-3.149169921875,0,0,1,1
3911329904,2010,German,Township,Montgomery,Property,roads,R,5,1,1843,1319,58.28589630126953,41.71410369873047,3911329904,-8.285896301269531,0,0,0,0
3911329904,2014,German,Township,Montgomery,Property,roads,R,5,1,1523,1027,59.72549057006836,40.27450942993164,3911329904,-9.72549057006836,0,0,0,0
3911329904,2016,German,Township,Montgomery,Property,roads,A,5,2,556,601,48.05531692504883,51.94468307495117,3911329904,1.9446830749511719,1,1,1,1
3911329904,2017,German,Township,Montgomery,Property,roads,A,5,2,452,508,47.08333206176758,52.91666793823242,3911329904,2.916667938232422,1,1,1,1
3911329904,2018,German,Township,Montgomery,Property,roads,A,5,2,311,323,49.053627014160156,50.946372985839844,3911329904,0.94637298583984375,1,1,1,1
3911329904,2019,German,Township,Montgomery,property,roads,R,5,1,1155,802,59.01890563964844,40.98109436035156,3911329904,-9.0189056396484375,0,0,0,0
3911329932,1991,Germantown,Village,Montgomery,Property,roads,R,5,.5,667,464,58.97435760498047,41.02564239501953,3929932,-8.974357604980469,0,0,0,0
3911329932,1996,Germantown,Village,Montgomery,Property,roads,A,5,.5,700,1334,34.414947509765625,65.585052490234375,3929932,15.585052490234375,1,0,0,0
3911329932,2015,Germantown,City,Montgomery,Property,roads,A,1000,4,195,221,46.875,53.125,3929932,3.125,1,0,1,1
3911329932,2016,Germantown,City,Montgomery,Property,roads,A,7,4,292,308,48.66666793823242,51.33333206176758,3929932,1.3333320617675781,1,1,1,1
3911333922,2000,Harrison,Township,Montgomery,Property,roads,R,5,1.9,3156,1019,75.59281158447266,24.407188415527344,3911333922,-25.592811584472656,0,0,0,0
3911333922,2005,Harrison,Township,Montgomery,Property,roads,R,5,1.9,1410,874,61.73379898071289,38.26620101928711,3911333922,-11.73379898071289,0,0,0,0
3911333922,2010,Harrison,Township,Montgomery,Property,roads,A,5,1,1335,1005,57.0512809753418,42.9487190246582,3911333922,-7.051280975341797,0,0,0,1
3911333922,2015,Harrison,Township,Montgomery,Property,roads,R,5,3.62,3392,1348,71.5611801147461,28.438819885253906,3911333922,-21.561180114746094,0,0,0,0
3911333922,2020,Harrison,Township,Montgomery,property,roads,R,cpt,3.62,6229,2878,68.39793395996094,31.602066040039063,3911333922,-18.397933959960938,0,0,0,0
3911336610,1999,Huber Heights,City,Montgomery,Income,roads,A,5,.2,4012,3343,54.54792785644531,45.45207214355469,3936610,-4.5479278564453125,0,0,1,1
3911336610,2003,Huber Heights,City,Montgomery,Income,roads,R,5,.2,4277,2725,61.08254623413086,38.91745376586914,3936610,-11.08254623413086,0,0,0,0
3911337912,2018,Jackson,Township,Montgomery,Property,roads,A,4,2,644,604,51.60256576538086,48.39743423461914,3911337912,-1.6025657653808594,0,1,1,1
3911338738,1991,Jefferson,Township,Montgomery,Property,roads,A,1000,2,207,208,49.8795166015625,50.1204833984375,3911338738,0.1204833984375,1,1,1,1
3911338738,1993,Jefferson,Township,Montgomery,Property,roads,R,5,1.67,1239,749,62.323944091796875,37.676055908203125,3911338738,-12.323944091796875,0,0,0,0
3911338738,1998,Jefferson,Township,Montgomery,Property,roads,R,5,1.67,1647,861,65.66985321044922,34.33014678955078,3911338738,-15.669853210449219,0,0,0,0
3911338738,2001,Jefferson,Township,Montgomery,Property,roads,A,1000,3.67,296,269,52.389381408691406,47.610618591308594,3911338738,-2.3893814086914063,0,1,1,1
3911349392,2016,Miami,Township,Montgomery,Property,roads,A,5,2,3401,3995,45.98431396484375,54.01568603515625,3911349392,4.01568603515625,1,0,1,1
3911349392,2018,Miami,Township,Montgomery,Property,roads,A,5,2,3723,3114,54.45370864868164,45.54629135131836,3911349392,-4.453708648681641,0,0,1,1
3911354852,1998,New Lebanon,Village,Montgomery,Property,roads,A,1000,2,321,466,40.787803649902344,59.212196350097656,3954852,9.212196350097656,1,0,0,0
3911354852,2009,New Lebanon,Village,Montgomery,Property,roads,A,5,5,342,595,36.49946594238281,63.50053405761719,3954852,13.500534057617188,1,0,0,0
3911354852,2010,New Lebanon,Village,Montgomery,Property,roads,A,3,2.5,131,324,28.791208267211914,71.20879364013672,3954852,21.20879364013672,1,0,0,0
3911354852,2014,New Lebanon,Village,Montgomery,Property,roads,A,3,2.5,385,445,46.38554382324219,53.61445617675781,3954852,3.6144561767578125,1,0,1,1
3911354852,2016,New Lebanon,Village,Montgomery,Property,roads,A,5,5,488,397,55.14124298095703,44.85875701904297,3954852,-5.141242980957031,0,0,0,1
3911354852,2019,New Lebanon,Village,Montgomery,property,roads,R,5,5,382,190,66.78321838378906,33.21678161621094,3954852,-16.783218383789063,0,0,0,0
3911362414,2021,Phillipsburg,Village,Montgomery,property,roads,A,cpt,3,30,46,39.47368240356445,60.52631759643555,3962414,10.526317596435547,1,0,0,0
3911367468,1992,Mad River,Township,Montgomery,Property,roads,R,5,1,2630,2402,52.265499114990234,47.734500885009766,3911367468,-2.2654991149902344,0,1,1,1
3911367468,2005,Riverside,City,Montgomery,Property,roads,A,1000,1,1617,1761,47.868560791015625,52.131439208984375,3967468,2.131439208984375,1,1,1,1
3911367468,2010,Riverside,City,Montgomery,Property,roads,A,cpt,8,3659,8173,30.924612045288086,69.07538604736328,3967468,19.07538604736328,1,0,0,0
3911367468,2019,Riverside,City,Montgomery,property,roads,A,cpt,8,1426,1930,42.49106216430664,57.50893783569336,3967468,7.508937835693359,1,0,0,0
3911367468,2020,Riverside,City,Montgomery,property,roads,A,5,5,4948,5158,48.96101379394531,51.03898620605469,3967468,1.0389862060546875,1,1,1,1
3911377504,1997,Trotwood,City,Montgomery,Property,roads,R,5,1,1653,2520,39.61178970336914,60.38821029663086,3977504,10.38821029663086,1,0,0,0
3911377504,1998,Madison,Township,Montgomery,Property,roads,R,5,1,1715,24,98.6198959350586,1.3801040649414063,3911377504,-48.619895935058594,0,0,0,0
3911377504,1999,Trotwood,City,Montgomery,Property,roads,R,4,.74,1561,1149,57.60147476196289,42.39852523803711,3977504,-7.601474761962891,0,0,0,0
3911377504,2000,Trotwood,City,Montgomery,Property,roads,R,3,.74,2651,5104,34.18439865112305,65.81559753417969,3977504,15.815597534179688,1,0,0,0
3911377504,2001,Trotwood,City,Montgomery,Property,roads,R,3,1,2809,1378,67.08860778808594,32.91139221191406,3977504,-17.088607788085938,0,0,0,0
3911377504,2003,Trotwood,City,Montgomery,Property,roads,R,3,.74,4129,2183,65.41508483886719,34.58491516113281,3977504,-15.415084838867188,0,0,0,0
3911377504,2006,Trotwood,City,Montgomery,Property,roads,R,3,1,3296,916,78.25260925292969,21.747390747070313,3977504,-28.252609252929688,0,0,0,0
3911377504,2008,Trotwood,City,Montgomery,Property,roads,A,5,3.25,4403,6168,41.65168762207031,58.34831237792969,3977504,8.3483123779296875,1,0,0,0
3911377504,2009,Trotwood,City,Montgomery,Property,roads,R,3,.74,6129,3535,63.42094421386719,36.57905578613281,3977504,-13.420944213867188,0,0,0,0
3911377504,2011,Trotwood,City,Montgomery,Property,roads,A,5,1,3100,2581,54.5678596496582,45.4321403503418,3977504,-4.567859649658203,0,0,1,1
3911377504,2013,Trotwood,City,Montgomery,Property,roads,R,3,1,4289,1058,80.21320343017578,19.78679656982422,3977504,-30.21320343017578,0,0,0,0
3911377504,2016,Trotwood,City,Montgomery,Property,roads,R,5,1,4155,2792,59.80998992919922,40.19001007080078,3977504,-9.809989929199219,0,0,0,0
3911377504,2017,Trotwood,City,Montgomery,Property,roads,R,3,1,4355,1056,80.48419952392578,19.51580047607422,3977504,-30.48419952392578,0,0,0,0
3911377504,2018,Trotwood,City,Montgomery,Property,roads,R,3,1,3062,2706,53.08599090576172,46.91400909423828,3977504,-3.0859909057617188,0,0,1,1
3911378470,2000,Union,City,Montgomery,Property,roads,R,5,3,920,1313,41.20018005371094,58.79981994628906,3978470,8.7998199462890625,1,0,0,0
3911378470,2001,Union,City,Montgomery,Property,roads,R,5,3,1119,230,82.95033264160156,17.049667358398438,3978470,-32.95033264160156,0,0,0,0
3911378470,2003,Union,City,Montgomery,Property,roads,R,5,3,346,930,27.11598777770996,72.8840103149414,3978470,22.884010314941406,1,0,0,0
3911378470,2015,Union,City,Montgomery,Property,roads,R,5,3,422,1003,29.61403465270996,70.3859634399414,3978470,20.385963439941406,1,0,0,0
3911378470,2016,Union,City,Montgomery,Property,roads,R,5,3,1241,859,59.095237731933594,40.904762268066406,3978470,-9.095237731933594,0,0,0,0
3911378470,2018,Union,City,Montgomery,Property,roads,R,5,3,1242,1278,49.28571319580078,50.71428680419922,3978470,0.71428680419921875,1,1,1,1
3911378470,2020,Union,City,Montgomery,property,roads,R,5,3,2113,1591,57.04643630981445,42.95356369018555,3978470,-7.046436309814453,0,0,0,1
3911381494,1993,Washington,Township,Montgomery,Property,roads,R,5,2,4020,2887,58.20182418823242,41.79817581176758,3911381494,-8.201824188232422,0,0,0,0
3911381494,1998,Washington,Township,Montgomery,Property,roads,R,5,1.75,1821,4188,30.304542541503906,69.6954574584961,3911381494,19.695457458496094,1,0,0,0
3911381494,2003,Washington,Township,Montgomery,Property,roads,R,5,1.7,4651,3825,54.872581481933594,45.127418518066406,3911381494,-4.872581481933594,0,0,1,1
3911381494,2008,Washington,Township,Montgomery,Property,roads,R,5,1.7,855,6949,10.955920219421387,89.04408264160156,3911381494,39.04408264160156,1,0,0,0
3911381494,2013,Washington,Township,Montgomery,property,roads,A,5,.15,3668,5229,41.227378845214844,58.772621154785156,3911381494,8.772621154785156,1,0,0,0
3911381494,2018,Washington,Township,Montgomery,Property,roads,R,5,1.85,729,3029,19.398616790771484,80.60137939453125,3911381494,30.60137939453125,1,0,0,0
3911545822,1991,McConnelsville,Village,Morgan,Property,roads,R,5,2,543,292,65.029937744140625,34.970062255859375,3945822,-15.029937744140625,0,0,0,0
3911545822,1996,McConnelsville,Village,Morgan,Property,roads,R,5,2,499,278,64.22136688232422,35.77863311767578,3945822,-14.221366882324219,0,0,0,0
3911545822,2002,McConnelsville,Village,Morgan,Property,roads,R,5,2,562,199,73.8501968383789,26.149803161621094,3945822,-23.850196838378906,0,0,0,0
3911545822,2007,McConnelsville,Village,Morgan,Property,roads,R,5,2,411,92,81.7097396850586,18.290260314941406,3945822,-31.709739685058594,0,0,0,0
3911545822,2011,McConnelsville,Village,Morgan,Property,roads,R,5,2,274,154,64.01869201660156,35.98130798339844,3945822,-14.018692016601563,0,0,0,0
3911545822,2016,McConnelsville,Village,Morgan,Property,roads,R,5,2,398,194,67.22972869873047,32.77027130126953,3945822,-17.22972869873047,0,0,0,0
3911545822,2021,McConnelsville,Village,Morgan,property,roads,R,5,2,291,72,80.16529083251953,19.83470916748047,3945822,-30.16529083251953,0,0,0,0
3911546970,1992,Malta,Village,Morgan,Property,roads,R,5,1,145,456,24.126455307006836,75.87354278564453,3946970,25.87354278564453,1,0,0,0
3911546970,1997,Malta,Village,Morgan,Property,roads,A,5,1,87,333,20.714284896850586,79.28571319580078,3946970,29.28571319580078,1,0,0,0
3911546970,2001,Malta,Village,Morgan,Property,roads,R,5,1,135,215,38.57143020629883,61.42856979370117,3946970,11.428569793701172,1,0,0,0
3911546970,2006,Malta,Village,Morgan,Property,roads,R,5,1,137,247,35.67708206176758,64.32292175292969,3946970,14.322921752929688,1,0,0,0
3911546970,2012,Malta,Village,Morgan,Property,roads,R,5,1,173,307,36.04166793823242,63.95833206176758,3946970,13.958332061767578,1,0,0,0
3911546970,2018,Malta,Village,Morgan,Property,roads,R,5,1,107,54,66.459625244140625,33.540374755859375,3946970,-16.459625244140625,0,0,0,0
3911546970,2021,Malta,Village,Morgan,property,roads,A,5,1.35,70,36,66.03773498535156,33.96226501464844,3946970,-16.037734985351563,0,0,0,0
3911574748,2021,Stockport,Village,Morgan,property,roads,A,5,2,77,43,64.16666412353516,35.833335876464844,3974748,-14.166664123535156,0,0,0,0
3911705508,2001,Bennington,Township,Morrow,Property,roads,A,5,3,305,364,45.59043502807617,54.40956497192383,3911705508,4.409564971923828,1,0,1,1
3911705508,2002,Bennington,Township,Morrow,Property,roads,A,5,3,373,418,47.15549850463867,52.84450149536133,3911705508,2.844501495361328,1,1,1,1
3911705508,2005,Bennington,Township,Morrow,Property,roads,A,5,2,443,491,47.4304084777832,52.5695915222168,3911705508,2.569591522216797,1,1,1,1
3911705508,2015,Bennington,Township,Morrow,Property,roads,A,3,2,484,423,53.362735748291016,46.637264251708984,3911705508,-3.3627357482910156,0,0,1,1
3911705508,2018,Bennington,Township,Morrow,Property,roads,R,3,2,316,185,63.0738525390625,36.9261474609375,3911705508,-13.0738525390625,0,0,0,0
3911705508,2020,Bennington,Township,Morrow,property,roads,R,3,2,1083,538,66.81060791015625,33.18939208984375,3911705508,-16.81060791015625,0,0,0,0
3911711248,1994,Canaan,Township,Wayne,Property,roads,R,5,1,691,517,57.201988220214844,42.798011779785156,3911711248,-7.201988220214844,0,0,0,1
3911711248,1999,Canaan,Township,Wayne,Property,roads,R,5,1,519,382,57.602664947509766,42.397335052490234,3911711248,-7.602664947509766,0,0,0,0
3911711248,2004,Canaan,Township,Wayne,Property,roads,R,5,1,1006,1116,47.408103942871094,52.591896057128906,3911711248,2.5918960571289063,1,1,1,1
3911711248,2005,Canaan,Township,Wayne,Property,roads,R,5,1,328,144,69.49152374267578,30.50847625732422,3911711248,-19.49152374267578,0,0,0,0
3911711248,2009,Canaan,Township,Wayne,Property,roads,R,5,1,791,508,60.89299392700195,39.10700607299805,3911711248,-10.892993927001953,0,0,0,0
3911711248,2012,Canaan,Township,Wayne,Property,roads,R,3,1,1415,727,66.05976104736328,33.94023895263672,3911711248,-16.05976104736328,0,0,0,0
3911711248,2015,Canaan,Township,Wayne,Property,roads,R,3,1,871,500,63.530269622802734,36.469730377197266,3911711248,-13.530269622802734,0,0,0,0
3911712098,1994,Cardington,Township,Morrow,Property,roads,R,5,1,532,225,70.27741241455078,29.72258758544922,3911712098,-20.27741241455078,0,0,0,0
3911712098,1998,Cardington,Township,Morrow,Property,roads,R,5,1,250,110,69.44444274902344,30.555557250976563,3911712098,-19.444442749023438,0,0,0,0
3911712098,2003,Cardington,Township,Morrow,Property,roads,R,5,1,415,269,60.672515869140625,39.327484130859375,3911712098,-10.672515869140625,0,0,0,0
3911712098,2008,Cardington,Township,Morrow,Property,roads,R,5,1,861,506,62.98463821411133,37.01536178588867,3911712098,-12.984638214111328,0,0,0,0
3911712098,2013,Cardington,Township,Morrow,Property,roads,R,5,1,483,223,68.4135971069336,31.586402893066406,3911712098,-18.413597106933594,0,0,0,0
3911712098,2018,Cardington,Township,Morrow,Property,roads,R,5,1,678,354,65.69767761230469,34.30232238769531,3911712098,-15.697677612304688,0,0,0,0
3911714030,1992,Chester,Township,Morrow,Property,roads,A,5,1,341,342,49.92679214477539,50.07320785522461,3911714030,0.073207855224609375,1,1,1,1
3911714030,2001,Chester,Township,Morrow,Property,roads,A,5,4,172,205,45.62334060668945,54.37665939331055,3911714030,4.376659393310547,1,0,1,1
3911714030,2002,Chester,Township,Morrow,Property,roads,A,5,4,231,282,45.029239654541016,54.970760345458984,3911714030,4.970760345458984,1,0,1,1
3911714030,2005,Chester,Township,Morrow,Property,roads,A,5,3.5,141,136,50.90252685546875,49.09747314453125,3911714030,-0.90252685546875,0,1,1,1
3911714030,2009,Chester,Township,Morrow,Property,roads,R,5,3.5,321,275,53.85906219482422,46.14093780517578,3911714030,-3.8590621948242188,0,0,1,1
3911714030,2014,Chester,Township,Morrow,Property,roads,R,5,3.5,359,199,64.3369140625,35.6630859375,3911714030,-14.3369140625,0,0,0,0
3911714030,2019,Chester,Township,Morrow,property,roads,R,5,3.5,254,135,65.2956314086914,34.704368591308594,3911714030,-15.295631408691406,0,0,0,0
3911718294,2005,Congress,Township,Morrow,Property,roads,A,5,.5,496,393,55.793025970458984,44.206974029541016,3911718294,-5.793025970458984,0,0,0,1
3911718294,2009,Congress,Township,Morrow,Property,roads,R,5,.5,627,336,65.1090316772461,34.890968322753906,3911718294,-15.109031677246094,0,0,0,0
3911718294,2014,Congress,Township,Morrow,Property,roads,R,5,.5,635,263,70.71269226074219,29.287307739257813,3911718294,-20.712692260742188,0,0,0,0
3911718294,2019,Congress,Township,Morrow,property,roads,R,5,.5,491,130,79.06602478027344,20.933975219726563,3911718294,-29.066024780273438,0,0,0,0
3911724598,1991,Edison,VIllage,Morrow,Property,roads,R,5,2,79,49,61.71875,38.28125,3924598,-11.71875,0,0,0,0
3911724598,2000,Edison,Village,Morrow,Property,roads,R,5,2,95,96,49.73822021484375,50.26177978515625,3924598,0.26177978515625,1,1,1,1
3911724598,2001,Edison,Village,Morrow,Property,roads,A,5,1,46,48,48.9361686706543,51.0638313293457,3924598,1.0638313293457031,1,1,1,1
3911724598,2005,Edison,Village,Morrow,Property,roads,R,5,1.5,100,68,59.52381134033203,40.47618865966797,3924598,-9.523811340332031,0,0,0,0
3911724598,2008,Edison,Village,Morrow,Property,roads,A,5,2,118,103,53.3936653137207,46.6063346862793,3924598,-3.393665313720703,0,0,1,1
3911724598,2012,Edison,Village,Morrow,Property,roads,R,5,2,124,86,59.0476188659668,40.9523811340332,3924598,-9.047618865966797,0,0,0,0
3911724598,2015,Edison,Village,Morrow,Property,roads,R,5,1.5,68,48,58.620689392089844,41.379310607910156,3924598,-8.620689392089844,0,0,0,0
3911724598,2017,Edison,Village,Morrow,Property,roads,R,5,2,53,36,59.550559997558594,40.449440002441406,3924598,-9.550559997558594,0,0,0,0
3911724598,2020,Edison,Village,Morrow,property,roads,R,5,1.5,124,76,62,38,3924598,-12,0,0,0,0
3911728378,2003,Franklin,Township,Morrow,Property,roads,A,3,2.5,243,283,46.19771957397461,53.80228042602539,3911728378,3.8022804260253906,1,0,1,1
3911728378,2004,Franklin,Township,Morrow,Property,roads,A,3,2.5,397,381,51.02827835083008,48.97172164916992,3911728378,-1.0282783508300781,0,1,1,1
3911728378,2007,Franklin,Township,Morrow,Property,roads,R,3,2.5,275,133,67.40196228027344,32.59803771972656,3911728378,-17.401962280273438,0,0,0,0
3911728378,2009,Franklin,Township,Morrow,Property,roads,R,3,2.5,331,173,65.67460632324219,34.32539367675781,3911728378,-15.674606323242188,0,0,0,0
3911728378,2012,Franklin,Township,Morrow,Property,roads,R,5,2.5,441,292,60.16371154785156,39.83628845214844,3911728378,-10.163711547851563,0,0,0,0
3911728378,2015,Franklin,Township,Morrow,Property,roads,R,3,2.5,339,144,70.18633270263672,29.81366729736328,3911728378,-20.18633270263672,0,0,0,0
3911728378,2018,Franklin,Township,Morrow,Property,roads,R,3,2.5,440,193,69.51026916503906,30.489730834960938,3911728378,-19.510269165039063,0,0,0,0
3911728378,2021,Franklin,Township,Morrow,property,roads,R,3,2.5,247,79,75.7668685913086,24.233131408691406,3911728378,-25.766868591308594,0,0,0,0
3911729050,1991,Fulton,VIllage,Morrow,Property,roads,R,5,2,50,34,59.52381134033203,40.47618865966797,3929050,-9.523811340332031,0,0,0,0
3911729050,2016,Fulton,Village,Morrow,Property,roads,A,5,3.5,64,41,60.9523811340332,39.0476188659668,3929050,-10.952381134033203,0,0,0,0
3911729050,2021,Fulton,Village,Morrow,property,roads,R,5,3.5,24,11,68.57142639160156,31.428573608398438,3929050,-18.571426391601563,0,0,0,0
3911730128,1995,Gilead,Township,Morrow,Property,roads,R,5,1,1229,455,72.98099517822266,27.019004821777344,3911730128,-22.980995178222656,0,0,0,0
3911730128,1999,Gilead,Township,Morrow,Property,roads,R,5,1,1225,730,62.659847259521484,37.340152740478516,3911730128,-12.659847259521484,0,0,0,0
3911730128,2004,Gilead,Township,Morrow,Property,roads,R,5,1,1810,1185,60.43405532836914,39.56594467163086,3911730128,-10.43405532836914,0,0,0,0
3911730128,2008,Gilead,Township,Morrow,Property,roads,R,5,1,1815,1151,61.19352722167969,38.80647277832031,3911730128,-11.193527221679688,0,0,0,0
3911730128,2013,Gilead,Township,Morrow,Property,roads,R,5,1,952,531,64.19419860839844,35.80580139160156,3911730128,-14.194198608398438,0,0,0,0
3911730128,2018,Gilead,Township,Morrow,Property,roads,R,5,1,1342,907,59.670963287353516,40.329036712646484,3911730128,-9.670963287353516,0,0,0,0
3911733600,1994,Harmony,Township,Morrow,Property,roads,R,5,2,110,153,41.825096130371094,58.174903869628906,3911733600,8.174903869628906,1,0,0,0
3911743680,2004,Lincoln,Township,Morrow,Property,roads,A,5,3,149,123,54.77941131591797,45.22058868408203,3911743680,-4.779411315917969,0,0,1,1
3911756224,1992,North Bloomfield,Township,Morrow,Property,roads,R,5,.5,288,311,48.080135345458984,51.919864654541016,3911756224,1.9198646545410156,1,1,1,1
3911756224,1996,North Bloomfield,Township,Morrow,Property,roads,A,5,.5,258,497,34.172183990478516,65.82781982421875,3911756224,15.82781982421875,1,0,0,0
3911756224,1997,North Bloomfield,Township,Morrow,Property,roads,A,5,.5,280,368,43.209877014160156,56.790122985839844,3911756224,6.790122985839844,1,0,0,1
3911756224,2001,North Bloomfield,Township,Morrow,Property,roads,A,5,.5,194,162,54.494380950927734,45.505619049072266,3911756224,-4.494380950927734,0,0,1,1
3911756224,2004,North Bloomfield,Township,Morrow,Property,roads,R,5,.5,253,454,35.78500747680664,64.214996337890625,3911756224,14.214996337890625,1,0,0,0
3911756224,2008,North Bloomfield,Township,Morrow,Property,roads,R,5,.5,240,341,41.30809020996094,58.69190979003906,3911756224,8.6919097900390625,1,0,0,0
3911756224,2011,North Bloomfield,Township,Morrow,Property,roads,R,5,.5,412,206,66.66666412353516,33.333335876464844,3911756224,-16.666664123535156,0,0,0,0
3911756224,2018,North Bloomfield,Township,Morrow,Property,roads,R,5,.5,428,237,64.36090087890625,35.63909912109375,3911756224,-14.36090087890625,0,0,0,0
3911756224,2020,North Bloomfield,Township,Morrow,property,roads,R,5,.5,604,412,59.44881820678711,40.55118179321289,3911756224,-9.44881820678711,0,0,0,0
3911761980,1994,Perry,Township,Morrow,Property,roads,R,3,2,377,270,58.2689323425293,41.7310676574707,3911761980,-8.268932342529297,0,0,0,0
3911761980,1997,Perry,Township,Morrow,Property,roads,R,3,2,204,193,51.38539123535156,48.61460876464844,3911761980,-1.3853912353515625,0,1,1,1
3911761980,2000,Perry,Township,Morrow,Property,roads,R,3,2,248,405,37.97856140136719,62.02143859863281,3911761980,12.021438598632813,1,0,0,0
3911761980,2001,Perry,Township,Morrow,Property,roads,R,3,2,344,404,45.98930358886719,54.01069641113281,3911761980,4.0106964111328125,1,0,1,1
3911761980,2004,Perry,Township,Morrow,Property,roads,R,3,2,249,291,46.11111068725586,53.88888931274414,3911761980,3.8888893127441406,1,0,1,1
3911761980,2008,Perry,Township,Morrow,Property,roads,R,3,2,340,708,32.4427490234375,67.5572509765625,3911761980,17.5572509765625,1,0,0,0
3911761980,2009,Perry,Township,Morrow,Property,roads,R,5,2,222,435,33.789955139160156,66.21004486083984,3911761980,16.210044860839844,1,0,0,0
3911761980,2013,Perry,Township,Morrow,Property,roads,R,5,2,291,384,43.11111068725586,56.88888931274414,3911761980,6.888889312744141,1,0,0,1
3911761980,2018,Perry,Township,Morrow,Property,roads,R,5,2,367,321,53.343021392822266,46.656978607177734,3911761980,-3.3430213928222656,0,0,1,1
3911761980,2021,Perry,Township,Morrow,property,roads,R,5,2,140,112,55.55555725097656,44.44444274902344,3911761980,-5.5555572509765625,0,0,0,1
3911773061,1994,South Bloomfield,Township,Morrow,Property,roads,R,5,2.5,427,506,45.7663459777832,54.2336540222168,3911773061,4.233654022216797,1,0,1,1
3911773061,1997,South Bloomfield,Township,Morrow,Property,roads,A,5,3,180,191,48.517520904541016,51.482479095458984,3911773061,1.4824790954589844,1,1,1,1
3911773061,2001,South Bloomfield,Township,Morrow,Property,roads,R,5,3,284,152,65.13761138916016,34.862388610839844,3911773061,-15.137611389160156,0,0,0,0
3911773061,2003,South Bloomfield,Township,Morrow,Property,roads,R,5,3,273,217,55.71428680419922,44.28571319580078,3911773061,-5.714286804199219,0,0,0,1
3911773061,2010,South Bloomfield,Township,Morrow,Property,roads,R,5,3,361,259,58.225807189941406,41.774192810058594,3911773061,-8.225807189941406,0,0,0,0
3911773061,2015,South Bloomfield,Township,Morrow,Property,roads,R,5,2.5,430,153,73.75643157958984,26.243568420410156,3911773061,-23.756431579589844,0,0,0,0
3911773061,2020,South Bloomfield,Township,Morrow,property,roads,R,5,2.5,256,107,70.5234146118164,29.476585388183594,3911773061,-20.523414611816406,0,0,0,0
3911777602,1994,Troy,Township,Morrow,Property,roads,R,5,1.25,234,581,28.71165657043457,71.28834533691406,3911777602,21.288345336914063,1,0,0,0
3911777602,2002,Troy,Township,Morrow,Property,roads,R,3,2.3,304,175,63.465553283691406,36.534446716308594,3911777602,-13.465553283691406,0,0,0,0
3911777602,2003,Troy,Township,Morrow,Property,roads,A,5,3,164,190,46.32768249511719,53.67231750488281,3911777602,3.6723175048828125,1,0,1,1
3911777602,2004,Troy,Township,Morrow,Property,roads,A,5,6,133,304,30.434782028198242,69.565216064453125,3911777602,19.565216064453125,1,0,0,0
3911777602,2005,Troy,Township,Morrow,Property,roads,A,5,1.25,143,200,41.69096374511719,58.30903625488281,3911777602,8.3090362548828125,1,0,0,0
3911777602,2008,Troy,Township,Morrow,Property,roads,A,5,1.25,300,210,58.82352828979492,41.17647171020508,3911777602,-8.823528289794922,0,0,0,0
3911777602,2009,Troy,Township,Morrow,Property,roads,A,5,1.25,207,146,58.640228271484375,41.359771728515625,3911777602,-8.640228271484375,0,0,0,0
3911777602,2011,Troy,Township,Morrow,Property,roads,R,5,1.25,206,289,41.61616134643555,58.38383865356445,3911777602,8.383838653564453,1,0,0,0
3911777602,2019,Troy,Township,Morrow,property,roads,R,5,1.25,146,60,70.87378692626953,29.12621307373047,3911777602,-20.87378692626953,0,0,0,0
3911781508,1995,Washington,Township,Morrow,Property,roads,R,3,1,297,123,70.71428680419922,29.28571319580078,3911781508,-20.71428680419922,0,0,0,0
3911781508,1997,Washington,Township,Morrow,Property,roads,R,3,1,225,141,61.47541046142578,38.52458953857422,3911781508,-11.475410461425781,0,0,0,0
3911781508,2001,Washington,Township,Morrow,Property,roads,R,3,1,301,113,72.70531463623047,27.29468536376953,3911781508,-22.70531463623047,0,0,0,0
3911781508,2004,Washington,Township,Morrow,Property,roads,R,5,3,162,240,40.29850769042969,59.70149230957031,3911781508,9.7014923095703125,1,0,0,0
3911781508,2005,Washington,Township,Morrow,Property,roads,R,3,1,253,114,68.93733215332031,31.062667846679688,3911781508,-18.937332153320313,0,0,0,0
3911781508,2009,Washington,Township,Morrow,Property,roads,R,5,1,325,44,88.07588195800781,11.924118041992188,3911781508,-38.07588195800781,0,0,0,0
3911781508,2013,Washington,Township,Morrow,Property,roads,R,5,1,308,111,73.50835418701172,26.49164581298828,3911781508,-23.50835418701172,0,0,0,0
3911781508,2018,Washington,Township,Morrow,Property,roads,R,5,1,292,130,69.1943130493164,30.805686950683594,3911781508,-19.194313049316406,0,0,0,0
3911781508,2021,Washington,Township,Morrow,property,roads,R,5,1,212,63,77.090911865234375,22.909088134765625,3911781508,-27.090911865234375,0,0,0,0
3911783454,1994,Westfield,Township,Morrow,Property,roads,R,5,2,192,133,59.07692337036133,40.92307662963867,3911783454,-9.076923370361328,0,0,0,0
3911783454,1997,Westfield,Township,Morrow,Property,roads,R,5,2,165,100,62.26415252685547,37.73584747314453,3911783454,-12.264152526855469,0,0,0,0
3911783454,2002,Westfield,Township,Morrow,Property,roads,R,5,2,151,212,41.59779739379883,58.40220260620117,3911783454,8.402202606201172,1,0,0,0
3911783454,2009,Westfield,Township,Morrow,Property,roads,R,5,2,352,145,70.824951171875,29.175048828125,3911783454,-20.824951171875,0,0,0,0
3911783454,2010,Westfield,Township,Morrow,Property,roads,R,5,2,263,387,40.46154022216797,59.53845977783203,3911783454,9.538459777832031,1,0,0,0
3911783454,2012,Westfield,Township,Morrow,Property,roads,R,5,2,252,632,28.50678825378418,71.49320983886719,3911783454,21.493209838867188,1,0,0,0
3911783454,2019,Westfield,Township,Morrow,property,roads,R,5,2,213,98,68.4887466430664,31.511253356933594,3911783454,-18.488746643066406,0,0,0,0
3911912406,1991,Cass,Township,Muskingum,Property,roads,A,5,3,173,251,40.80188751220703,59.19811248779297,3911912406,9.198112487792969,1,0,0,0
3911912406,1993,Cass,Township,Muskingum,Property,roads,A,5,2,169,216,43.89610290527344,56.10389709472656,3911912406,6.1038970947265625,1,0,0,1
3911912406,1994,Cass,Township,Muskingum,Property,roads,A,-999,2,90,107,45.685279846191406,54.314720153808594,3911912406,4.314720153808594,1,0,1,1
3911912406,1995,Cass,Township,Muskingum,Property,roads,A,5,2.5,153,170,47.3684196472168,52.6315803527832,3911912406,2.631580352783203,1,1,1,1
3911912406,1996,Cass,Township,Muskingum,Property,roads,A,5,2,292,297,49.5755500793457,50.4244499206543,3911912406,0.4244499206542969,1,1,1,1
3911922610,2016,Dresden,Village,Muskingum,Property,roads,A,cpt,2,291,368,44.157814025878906,55.842185974121094,3922610,5.842185974121094,1,0,0,1
3911922610,2017,Dresden,Village,Muskingum,Property,roads,A,cpt,2,81,117,40.90909194946289,59.09090805053711,3922610,9.09090805053711,1,0,0,0
3911922610,2018,Dresden,Village,Muskingum,Property,roads,A,cpt,2,247,261,48.622047424316406,51.377952575683594,3922610,1.3779525756835938,1,1,1,1
3911922610,2021,Dresden,Village,Muskingum,property,roads,A,10,N/A,158,114,58.088233947753906,41.911766052246094,3922610,-8.088233947753906,0,0,0,0
3911928574,1992,Frazeysburg,Village,Muskingum,Property,roads,A,5,2,189,206,47.84810256958008,52.15189743041992,3928574,2.151897430419922,1,1,1,1
3911933936,1994,Harrison,Township,Muskingum,Property,roads,R,5,2,322,206,60.98484802246094,39.01515197753906,3911933936,-10.984848022460938,0,0,0,0
3911933936,1997,Harrison,Township,Muskingum,Property,roads,A,5,1,181,318,36.272544860839844,63.727455139160156,3911933936,13.727455139160156,1,0,0,0
3911933936,1999,Harrison,Township,Muskingum,Property,roads,A,5,2,116,99,53.953487396240234,46.046512603759766,3911933936,-3.9534873962402344,0,0,1,1
3911933936,2004,Harrison,Township,Muskingum,Property,roads,R,5,2,209,165,55.882354736328125,44.117645263671875,3911933936,-5.882354736328125,0,0,0,1
3911933936,2009,Harrison,Township,Muskingum,Property,roads,R,5,2,174,104,62.589927673339844,37.410072326660156,3911933936,-12.589927673339844,0,0,0,0
3911933936,2014,Harrison,Township,Muskingum,Property,roads,R,5,2,147,79,65.04425048828125,34.95574951171875,3911933936,-15.04425048828125,0,0,0,0
3911933936,2018,Harrison Township Road District,Road District,Muskingum,Property,roads,R,5,2,193,98,66.3230209350586,33.676979064941406,NA,-16.323020935058594,0,0,0,0
3911936372,2019,Hopewell,Township,Muskingum,property,roads,A,5,1,284,202,58.436214447021484,41.563785552978516,3911936372,-8.436214447021484,0,0,0,0
3911937926,1991,Jackson,Township,Muskingum,Property,roads,A,5,2,134,140,48.90510940551758,51.09489059448242,3911937926,1.0948905944824219,1,1,1,1
3911937926,1992,Jackson,Township,Muskingum,Property,roads,A,5,2,189,206,47.84810256958008,52.15189743041992,3911937926,2.151897430419922,1,1,1,1
3911937926,1995,Jackson,Township,Muskingum,Property,roads,A,5,2,142,119,54.406131744384766,45.593868255615234,3911937926,-4.406131744384766,0,0,1,1
3911937926,2000,Jackson,Township,Muskingum,Property,roads,R,5,2,258,184,58.37104034423828,41.62895965576172,3911937926,-8.371040344238281,0,0,0,0
3911937926,2005,Jackson,Township,Muskingum,Property,roads,R,5,2,210,162,56.45161437988281,43.54838562011719,3911937926,-6.4516143798828125,0,0,0,1
3911937926,2010,Jackson,Township,Muskingum,Property,roads,R,5,2,230,164,58.375633239746094,41.624366760253906,3911937926,-8.375633239746094,0,0,0,0
3911937926,2014,Jackson,Township,Muskingum,Property,roads,R,5,2,169,133,55.96026611328125,44.03973388671875,3911937926,-5.96026611328125,0,0,0,1
3911937926,2019,Jackson Township Road District,Township,Muskingum,property,roads,R,5,2,163,76,68.200836181640625,31.799163818359375,3911937926,-18.200836181640625,0,0,0,0
3911943470,2001,Licking,Township,Muskingum,Property,roads,A,5,1,188,452,29.375,70.625,3911943470,20.625,1,0,0,0
3911943470,2002,Licking,Township,Muskingum,Property,roads,R,5,1,457,259,63.82681655883789,36.17318344116211,3911943470,-13.82681655883789,0,0,0,0
3911943470,2012,Licking,Township,Muskingum,Property,roads,A,5,.5,368,389,48.612945556640625,51.387054443359375,3911943470,1.387054443359375,1,1,1,1
3911943470,2018,Licking,Township,Muskingum,Property,roads,A,5,1,651,337,65.89068603515625,34.10931396484375,3911943470,-15.89068603515625,0,0,0,0
3911943470,2021,Licking,Township,Muskingum,property,roads,R,5,1,383,156,71.05751037597656,28.942489624023438,3911943470,-21.057510375976563,0,0,0,0
3911951506,2012,Monroe,Township,Muskingum,Property,roads,A,5,4,57,74,43.511451721191406,56.488548278808594,3911951506,6.488548278808594,1,0,0,1
3911954446,2005,New Concord,Village,Muskingum,Property,roads,R,5,3.2,287,111,72.11054992675781,27.889450073242188,3954446,-22.110549926757813,0,0,0,0
3911954446,2009,New Concord,Village,Muskingum,Property,roads,R,5,3.2,359,1869,16.11310577392578,83.88689422607422,3954446,33.88689422607422,1,0,0,0
3911954446,2010,New Concord,Village,Muskingum,Property,roads,R,5,3.2,524,154,77.2861328125,22.7138671875,3954446,-27.2861328125,0,0,0,0
3911954446,2014,New Concord,Village,Muskingum,Property,roads,R,5,3.2,360,72,83.33333587646484,16.666664123535156,3954446,-33.333335876464844,0,0,0,0
3911954446,2015,New Concord,Village,Muskingum,Property,roads,R,5,3.2,357,122,74.5302734375,25.4697265625,3954446,-24.5302734375,0,0,0,0
3911954446,2020,New Concord,Village,Muskingum,property,roads,R,5,3.2,555,205,73.02631378173828,26.97368621826172,3954446,-23.02631378173828,0,0,0,0
3911955608,2001,Newton Township Road District,Road District,Muskingum,Property,roads,A,cpt,3.7,1088,45,96.02824401855469,3.9717559814453125,NA,-46.02824401855469,0,0,0,0
3911962442,2007,Philo,Village,Muskingum,Property,roads,A,5,2.5,70,55,56,44,3962442,-6,0,0,0,1
3911962442,2021,Philo,Village,Muskingum,property,roads,A,5,7.25,29,66,30.526315689086914,69.47368621826172,3962442,19.47368621826172,1,0,0,0
3911970170,2002,Salt Creek,Township,Muskingum,Property,roads,A,5,2,154,103,59.92218017578125,40.07781982421875,3911970170,-9.92218017578125,0,0,0,0
3911974125,2001,Springfield,Township,Muskingum,Property,roads,R,5,2,519,315,62.23021697998047,37.76978302001953,3911974125,-12.230216979980469,0,0,0,0
3911974125,2005,Springfield,Township,Muskingum,Property,roads,R,5,2,317,369,46.20991134643555,53.79008865356445,3911974125,3.790088653564453,1,0,1,1
3911974125,2006,Springfield,Township,Muskingum,Property,roads,R,5,2,498,236,67.847412109375,32.152587890625,3911974125,-17.847412109375,0,0,0,0
3911974125,2014,Springfield,Township,Muskingum,Property,roads,R,5,2,317,252,55.71177673339844,44.28822326660156,3911974125,-5.7117767333984375,0,0,0,1
3911974125,2015,Springfield,Township,Muskingum,Property,roads,R,5,2,678,272,71.36842346191406,28.631576538085938,3911974125,-21.368423461914063,0,0,0,0
3911974125,2019,Springfield Township Road District,Township,Muskingum,property,roads,R,5,2,425,241,63.813812255859375,36.186187744140625,3911974125,-13.813812255859375,0,0,0,0
3911981522,2002,Washington,Township,Muskingum,Property,roads,R,3,1,236,162,59.29648208618164,40.70351791381836,3911981522,-9.29648208618164,0,0,0,0
3911982236,1999,Wayne,Township,Muskingum,Property,roads,R,5,1,1225,439,73.61779022216797,26.38220977783203,3911982236,-23.61779022216797,0,0,0,0
3911982236,2004,Wayne,Township,Muskingum,Property,roads,R,5,1,888,870,50.51194381713867,49.48805618286133,3911982236,-0.5119438171386719,0,1,1,1
3911982236,2008,Wayne,Township,Muskingum,Property,roads,R,5,1,1593,704,69.35132598876953,30.64867401123047,3911982236,-19.35132598876953,0,0,0,0
3911982236,2010,Wayne,Township,Muskingum,Property,roads,A,5,1,619,67,90.23323822021484,9.766761779785156,3911982236,-40.233238220214844,0,0,0,0
3911982236,2012,Wayne,Township,Muskingum,Property,roads,R,5,1,1094,569,65.78472900390625,34.21527099609375,3911982236,-15.78472900390625,0,0,0,0
3911982236,2017,Wayne,Township,Muskingum,Property,roads,R,5,1,820,253,76.42124938964844,23.578750610351563,3911982236,-26.421249389648438,0,0,0,0
3912110142,1991,Buffalo,Township,Noble,Property,roads,A,5,1,121,165,42.30769348144531,57.69230651855469,3912110142,7.6923065185546875,1,0,0,0
3912110142,2020,Buffalo,Township,Noble,property,roads,A,5,1.85,287,142,66.89976501464844,33.10023498535156,3912110142,-16.899765014648438,0,0,0,0
3912124878,2002,Elk,Township,Noble,Property,roads,A,5,2,78,60,56.5217399597168,43.4782600402832,3912124878,-6.521739959716797,0,0,0,1
3912125438,1995,Enoch,Township,Noble,Property,roads,R,5,2.5,134,80,62.6168212890625,37.3831787109375,3912125438,-12.6168212890625,0,0,0,0
3912125438,2000,Enoch,Township,Noble,Property,roads,R,5,2.5,123,95,56.422019958496094,43.577980041503906,3912125438,-6.422019958496094,0,0,0,1
3912125438,2005,Enoch,Township,Noble,Property,roads,R,5,2.5,120,105,53.33333206176758,46.66666793823242,3912125438,-3.333332061767578,0,0,1,1
3912125438,2010,Enoch,Township,Noble,Property,roads,R,5,2.5,132,90,59.4594612121582,40.5405387878418,3912125438,-9.459461212158203,0,0,0,0
3912125438,2014,Enoch,Township,Noble,Property,roads,R,5,2.5,88,82,51.764705657958984,48.235294342041016,3912125438,-1.7647056579589844,0,1,1,1
3912125438,2019,Enoch,Township,Noble,property,roads,R,5,2.5,88,92,48.88888931274414,51.11111068725586,3912125438,1.1111106872558594,1,1,1,1
3912125438,2020,Enoch,Township,Noble,property,roads,R,5,2.5,155,108,58.935359954833984,41.064640045166016,3912125438,-8.935359954833984,0,0,0,0
3912315546,2006,Clay,Township,Ottawa,Property,roads,A,1000,1,235,240,49.47368240356445,50.52631759643555,3912315546,0.5263175964355469,1,1,1,1
3912325144,1991,Elmore,Village,Ottawa,Property,roads,A,5,3,352,179,66.2900161743164,33.709983825683594,3925144,-16.290016174316406,0,0,0,0
3912325144,1992,Elmore,Village,Ottawa,Property,roads,R,3,2.5,262,72,78.443115234375,21.556884765625,3925144,-28.443115234375,0,0,0,0
3912325144,1994,Elmore,Village,Ottawa,Property,roads,R,3,2.5,354,174,67.04545593261719,32.95454406738281,3925144,-17.045455932617188,0,0,0,0
3912325144,1995,Elmore,Village,Ottawa,Property,roads,R,3,.3,337,200,62.75605392456055,37.24394607543945,3925144,-12.756053924560547,0,0,0,0
3912325144,1997,Elmore,Village,Ottawa,Property,roads,R,3,2.5,382,195,66.20450592041016,33.795494079589844,3925144,-16.204505920410156,0,0,0,0
3912325144,1998,Elmore,Village,Ottawa,Property,roads,R,3,3,424,156,73.10344696044922,26.89655303955078,3925144,-23.10344696044922,0,0,0,0
3912325144,2000,Elmore,Village,Ottawa,Property,roads,R,3,2.5,479,184,72.24736022949219,27.752639770507813,3925144,-22.247360229492188,0,0,0,0
3912325144,2002,Elmore,Village,Ottawa,Property,roads,R,3,3,409,194,67.82752990722656,32.17247009277344,3925144,-17.827529907226563,0,0,0,0
3912325144,2004,Elmore,Village,Ottawa,Property,roads,R,3,2.5,487,281,63.41145706176758,36.58854293823242,3925144,-13.411457061767578,0,0,0,0
3912325144,2005,Elmore,Village,Ottawa,Property,roads,R,3,3,337,209,61.72161102294922,38.27838897705078,3925144,-11.721611022949219,0,0,0,0
3912325144,2006,Elmore,Village,Ottawa,Property,roads,R,3,2.5,362,290,55.5214729309082,44.4785270690918,3925144,-5.521472930908203,0,0,0,1
3912325144,2007,Elmore,Village,Ottawa,Property,roads,R,3,3,308,101,75.30562591552734,24.694374084472656,3925144,-25.305625915527344,0,0,0,0
3912325144,2009,Elmore,Village,Ottawa,Property,roads,R,3,2.5,411,177,69.89795684814453,30.10204315185547,3925144,-19.89795684814453,0,0,0,0
3912325144,2010,Elmore,Village,Ottawa,Property,roads,R,3,3,401,223,64.2628173828125,35.7371826171875,3925144,-14.2628173828125,0,0,0,0
3912325144,2012,Elmore,Village,Ottawa,Property,roads,R,3,2.5,517,235,68.75,31.25,3925144,-18.75,0,0,0,0
3912325144,2013,Elmore,Village,Ottawa,Property,roads,R,5,3,323,111,74.42396545410156,25.576034545898438,3925144,-24.423965454101563,0,0,0,0
3912325144,2015,Elmore,Village,Ottawa,Property,roads,R,3,2.5,391,148,72.54174041748047,27.45825958251953,3925144,-22.54174041748047,0,0,0,0
3912325144,2016,Elmore,Village,Ottawa,Property,roads,R,3,3,541,180,75.03467559814453,24.96532440185547,3925144,-25.03467559814453,0,0,0,0
3912325144,2018,Elmore,Village,Ottawa,Property,roads,R,3,2.5,460,131,77.83418273925781,22.165817260742188,3925144,-27.834182739257813,0,0,0,0
3912325144,2019,Elmore,Village,Ottawa,property,roads,R,5,3,347,78,81.64705657958984,18.352943420410156,3925144,-31.647056579589844,0,0,0,0
3912325144,2021,Elmore,Village,Ottawa,property,roads,R,5,2.5,267,70,79.228485107421875,20.771514892578125,3925144,-29.228485107421875,0,0,0,0
3912347502,2021,Marblehead,Village,Ottawa,property,roads,A,5,2,174,111,61.05263137817383,38.94736862182617,3947502,-11.052631378173828,0,0,0,0
3912357582,1999,Oak Harbor,Village,Ottawa,Property,roads,R,5,5,789,235,77.05078125,22.94921875,3957582,-27.05078125,0,0,0,0
3912357582,2003,Oak Harbor,Village,Ottawa,Property,roads,R,5,5,633,468,57.493186950683594,42.506813049316406,3957582,-7.493186950683594,0,0,0,1
3912357582,2012,Oak Harbor,Village,Ottawa,Property,roads,R,5,5,494,583,45.8681526184082,54.1318473815918,3957582,4.131847381591797,1,0,1,1
3912357582,2014,Oak Harbor,Village,Ottawa,Property,roads,R,5,5,463,1194,27.94206428527832,72.05793762207031,3957582,22.057937622070313,1,0,0,0
3912357582,2015,Oak Harbor,Village,Ottawa,Property,roads,R,5,5,961,604,61.4057502746582,38.5942497253418,3957582,-11.405750274658203,0,0,0,0
3912357582,2018,Oak Harbor,Village,Union,Property,roads,R,5,5,664,1416,31.923076629638672,68.07691955566406,3957582,18.076919555664063,1,0,0,0
3912364150,2006,Port Clinton,City,Ottawa,Property,roads,A,5,4.5,811,995,44.90586853027344,55.09413146972656,3964150,5.0941314697265625,1,0,0,1
3912364150,2021,Port Clinton,City,Ottawa,property,roads,A,cpt,4,504,294,63.157894134521484,36.842105865478516,3964150,-13.157894134521484,0,0,0,0
3912365046,1993,Put-in-Bay,Township,Ottawa,Property,roads,R,5,8,27,11,71.0526351928711,28.947364807128906,3912365046,-21.052635192871094,0,0,0,0
3912365046,1996,Put-in-Bay,Township,Ottawa,Property,roads,R,5,4,228,10,95.7983169555664,4.201683044433594,3912365046,-45.798316955566406,0,0,0,0
3912365046,1997,Put-in-Bay,Township,Ottawa,Property,roads,A,5,8,34,119,22.22222137451172,77.77777862548828,3912365046,27.77777862548828,1,0,0,0
3912365046,2001,Put-in-Bay,Township,Ottawa,Property,roads,R,5,4,300,1,99.66777038574219,0.3322296142578125,3912365046,-49.66777038574219,0,0,0,0
3912365046,2003,Put-in-Bay,Township,Ottawa,Property,roads,R,5,8,39,73,34.82143020629883,65.17857360839844,3912365046,15.178573608398438,1,0,0,0
3912365046,2006,Put-in-Bay,Township,Ottawa,Property,roads,R,5,4,241,9,96.4000015258789,3.5999984741210938,3912365046,-46.400001525878906,0,0,0,0
3912365046,2007,Put-in-Bay,Township,Ottawa,Property,roads,R,5,8,44,219,16.730037689208984,83.26995849609375,3912365046,33.26995849609375,1,0,0,0
3912365046,2011,Put-in-Bay,Township,Ottawa,Property,roads,R,5,4,232,11,95.47325134277344,4.5267486572265625,3912365046,-45.47325134277344,0,0,0,0
3912365046,2014,Put-in-Bay,Township,Ottawa,Property,roads,R,5,8,41,23,64.0625,35.9375,3912365046,-14.0625,0,0,0,0
3912365046,2018,Put-In-Bay (Middle Bass Island),Township,Ottawa,Property,roads,R,5,8,44,88,33.33333206176758,66.66667175292969,3912365046,16.666671752929688,1,0,0,0
3912365046,2019,Put-In-Bay,Township,Ottawa,property,roads,A,5,4.8,155,63,71.10091400146484,28.899085998535156,3912365046,-21.100914001464844,0,0,0,0
3912365046,2020,Put-In-Bay - Middle Bass Island only,Township,Ottawa,property,roads,R,5,3,80,9,89.88764190673828,10.112358093261719,3912365046,-39.88764190673828,0,0,0,0
3912509512,2000,Brown,Township,Paulding,Property,roads,R,1000,1.5,309,304,50.40782928466797,49.59217071533203,3912509512,-0.40782928466796875,0,1,1,1
3912519176,2014,Crane,Township,Paulding,Property,roads,A,5,2.8,217,160,57.5596809387207,42.4403190612793,3912519176,-7.559680938720703,0,0,0,0
3912519176,2018,Crane,Township,Paulding,Property,roads,R,5,2.8,310,117,72.59953308105469,27.400466918945313,3912519176,-22.599533081054688,0,0,0,0
3912537954,2017,Jackson,Township,Paulding,Property,roads,A,5,1,167,90,64.98054504394531,35.01945495605469,3912537954,-14.980545043945313,0,0,0,0
3912541986,1994,Latty,Village,Paulding,Property,roads,R,5,5,55,10,84.615386962890625,15.384613037109375,3941986,-34.615386962890625,0,0,0,0
3912541986,1999,Latty,Village,Paulding,Property,roads,R,5,5,63,10,86.3013687133789,13.698631286621094,3941986,-36.301368713378906,0,0,0,0
3912541986,2001,Latty,Village,Paulding,Property,roads,R,5,5,58,861,6.3112077713012695,93.68878936767578,3941986,43.68878936767578,1,0,0,0
3912541986,2004,Latty,Village,Paulding,Property,roads,R,5,5,49,31,61.25,38.75,3941986,-11.25,0,0,0,0
3912541986,2009,Latty,Village,Paulding,Property,roads,R,5,5,54,11,83.07691955566406,16.923080444335938,3941986,-33.07691955566406,0,0,0,0
3912541986,2014,Latty,Village,Paulding,Property,roads,R,5,5,36,12,75,25,3941986,-25,0,0,0,0
3912541986,2021,Latty,Village,Paulding,property,roads,R,5,5,16,17,48.48484802246094,51.51515197753906,3941986,1.5151519775390625,1,1,1,1
3912581536,1994,Washington,Township,Paulding,Property,roads,R,5,3,74,190,28.030303955078125,71.969696044921875,3912581536,21.969696044921875,1,0,0,0
3912581536,1999,Washington,township,Paulding,Property,roads,A,5,3,154,131,54.03508758544922,45.96491241455078,3912581536,-4.035087585449219,0,0,1,1
3912581536,2004,Washington,Township,Paulding,Property,roads,A,5,3,133,186,41.69279098510742,58.30720901489258,3912581536,8.307209014892578,1,0,0,0
3912581536,2012,Washington,Township,Paulding,Property,roads,R,5,3,144,124,53.73134231567383,46.26865768432617,3912581536,-3.731342315673828,0,0,1,1
3912581536,2016,Washington,Township,Paulding,Property,roads,R,5,3,209,112,65.1090316772461,34.890968322753906,3912581536,-15.109031677246094,0,0,0,0
3912704584,2013,Bearfield,Township,Perry,Property,roads,A,5,3.1,150,168,47.1698112487793,52.8301887512207,3912704584,2.830188751220703,1,1,1,1
3912715658,2003,Clayton,Township,Perry,Property,roads,A,1000,.5,123,169,42.123287200927734,57.876712799072266,3912715658,7.876712799072266,1,0,0,0
3912716350,1991,Coal,Township,Perry,Property,roads,R,5,2,124,93,57.14285659790039,42.85714340209961,3912716350,-7.142856597900391,0,0,0,1
3912716350,1996,Coal,Township,Perry,Property,roads,R,2,2,206,128,61.6766471862793,38.3233528137207,3912716350,-11.676647186279297,0,0,0,0
3912716350,2000,Coal,Township,Perry,Property,roads,A,5,1,51,64,44.34782791137695,55.65217208862305,3912716350,5.652172088623047,1,0,0,1
3912716350,2001,Coal,Township,Perry,Property,roads,R,5,2,115,41,73.71794891357422,26.28205108642578,3912716350,-23.71794891357422,0,0,0,0
3912716350,2006,Coal,Township,Perry,Property,roads,R,5,2,50,43,53.7634391784668,46.2365608215332,3912716350,-3.763439178466797,0,0,1,1
3912716350,2011,Coal,Township,Perry,Property,roads,R,5,2,136,114,54.400001525878906,45.599998474121094,3912716350,-4.400001525878906,0,0,1,1
3912716350,2016,Coal,Township,Perry,Property,roads,R,5,2,104,66,61.17647171020508,38.82352828979492,3912716350,-11.176471710205078,0,0,0,0
3912716350,2020,Coal,Township,Perry,property,roads,R,5,2,241,104,69.855072021484375,30.144927978515625,3912716350,-19.855072021484375,0,0,0,0
3912718770,2014,Corning,Village,Perry,Property,roads,A,5,4.9,42,58,42,58,3918770,8,1,0,0,0
3912718770,2017,Corning,Village,Perry,Property,roads,A,5,4.9,53,74,41.73228454589844,58.26771545410156,3918770,8.2677154541015625,1,0,0,0
3912718770,2019,Corning,Village,Perry,property,roads,A,5,5,58,34,63.043479919433594,36.956520080566406,3918770,-13.043479919433594,0,0,0,0
3912719456,1998,Crooksville,Exempted Village School District,Perry,Property,roads,A,23,2.4,337,494,40.553550720214844,59.446449279785156,NA,9.446449279785156,1,0,0,0
3912730436,1996,Glenford,Village,Perry,Property,roads,R,5,1,87,12,87.8787841796875,12.1212158203125,3930436,-37.8787841796875,0,0,0,0
3912730436,2001,Glenford,Village,Perry,Property,roads,R,5,1,53,9,85.48387145996094,14.516128540039063,3930436,-35.48387145996094,0,0,0,0
3912730436,2007,Glenford,Village,Perry,Property,roads,R,5,1,44,6,88,12,3930436,-38,0,0,0,0
3912730436,2011,Glenford,Village,Perry,Property,roads,R,5,1,47,16,74.6031723022461,25.396827697753906,3930436,-24.603172302246094,0,0,0,0
3912730436,2016,Glenford,Village,Perry,Property,roads,R,5,1,56,19,74.66666412353516,25.333335876464844,3930436,-24.666664123535156,0,0,0,0
3912730436,2020,Glenford,Village,Perry,property,roads,R,5,1,64,25,71.91011047363281,28.089889526367188,3930436,-21.910110473632813,0,0,0,0
3912733964,2000,Harrison,Township,Perry,Property,roads,A,5,1,335,442,43.11454391479492,56.88545608520508,3912733964,6.885456085205078,1,0,0,1
3912737968,1998,Jackson,Township,Perry,Property,roads,A,1000,2,224,222,50.22421646118164,49.77578353881836,3912737968,-0.22421646118164063,0,1,1,1
3912737968,2018,Jackson,Township,Perry,Property,roads,R,cpt,2,577,325,63.968955993652344,36.031044006347656,3912737968,-13.968955993652344,0,0,0,0
3912739508,1993,Junction City,Village,Perry,Property,roads,R,5,2.5,106,61,63.473052978515625,36.526947021484375,3939508,-13.473052978515625,0,0,0,0
3912739508,2002,Junction City,Village,Van Wert,Property,roads,R,5,2.5,167,51,76.60550689697266,23.394493103027344,3939508,-26.605506896972656,0,0,0,0
3912739508,2007,Junction City,Village,Perry,Property,roads,R,5,2.5,110,37,74.8299331665039,25.170066833496094,3939508,-24.829933166503906,0,0,0,0
3912739508,2012,Junction City,Village,Perry,Property,roads,R,5,2.5,232,86,72.95597839355469,27.044021606445313,3939508,-22.955978393554688,0,0,0,0
3912739508,2017,Junction City,Village,Perry,Property,roads,R,5,2.5,103,23,81.74603271484375,18.25396728515625,3939508,-31.74603271484375,0,0,0,0
3912751520,1993,Monroe,Township,Perry,Property,roads,R,5,1.5,226,191,54.1966438293457,45.8033561706543,3912751520,-4.196643829345703,0,0,1,1
3912751520,1998,Monroe,Township,Perry,Property,roads,R,5,1.5,290,162,64.15929412841797,35.84070587158203,3912751520,-14.159294128417969,0,0,0,0
3912751520,2003,Monroe,Township,Perry,Property,roads,R,5,1.5,289,202,58.85947036743164,41.14052963256836,3912751520,-8.85947036743164,0,0,0,0
3912751520,2009,Monroe,Township,Perry,Property,roads,A,5,.8,159,172,48.0362548828125,51.9637451171875,3912751520,1.9637451171875,1,1,1,1
3912755552,1992,New Straitsville,Village,Perry,Property,roads,A,5,3,142,207,40.687679290771484,59.312320709228516,3955552,9.312320709228516,1,0,0,0
3912755552,2005,New Straitsville,Village,Perry,Property,roads,A,1000,3,94,87,51.93370056152344,48.06629943847656,3955552,-1.9337005615234375,0,1,1,1
3912755552,2009,New Straitsville,Village,Perry,Property,roads,A,1000,3,67,63,51.53845977783203,48.46154022216797,3955552,-1.5384597778320313,0,1,1,1
3912755552,2019,New Straitsville,Village,Perry,property,roads,R,cpt,3,110,44,71.42857360839844,28.571426391601563,3955552,-21.428573608398438,0,0,0,0
3912755552,2020,New Straitsville,Village,Perry,property,roads,R,5,3,180,62,74.38016510009766,25.619834899902344,3955552,-24.380165100097656,0,0,0,0
3912762680,2009,Pike,Township,Perry,Property,roads,A,1000,1.5,493,493,50,50,3912762680,0,0,1,1,1
3912765760,1993,Reading,Township,Perry,Property,roads,R,5,1,789,237,76.90058135986328,23.09941864013672,3912765760,-26.90058135986328,0,0,0,0
3912765760,1997,Reading,Township,Perry,Property,roads,R,-999,1,1016,374,73.0935287475586,26.906471252441406,3912765760,-23.093528747558594,0,0,0,0
3912765760,2002,Reading,Township,Perry,Property,roads,R,5,1,772,578,57.185184478759766,42.814815521240234,3912765760,-7.185184478759766,0,0,0,1
3912765760,2004,Reading,Township,Perry,Property,roads,A,5,1,778,766,50.38859939575195,49.61140060424805,3912765760,-0.3885993957519531,0,1,1,1
3912765760,2010,Reading,Township,Perry,Property,roads,R,5,1,483,188,71.98211669921875,28.01788330078125,3912765760,-21.98211669921875,0,0,0,0
3912765760,2017,Reading,Township,Perry,Property,roads,R,5,1,1219,254,82.75627899169922,17.24372100830078,3912765760,-32.75627899169922,0,0,0,0
3912771962,1998,Shawnee,Village,Perry,Property,roads,R,5,1,141,76,64.976959228515625,35.023040771484375,3971962,-14.976959228515625,0,0,0,0
3912771962,2000,Shawnee,Village,Perry,Property,roads,R,5,1,120,82,59.405941009521484,40.594058990478516,3971962,-9.405941009521484,0,0,0,0
3912771962,2005,Shawnee,Village,Perry,Property,roads,A,5,1,162,94,63.28125,36.71875,3971962,-13.28125,0,0,0,0
3912771962,2010,Shawnee,Village,Perry,Property,roads,R,5,1,107,56,65.64417266845703,34.35582733154297,3971962,-15.644172668457031,0,0,0,0
3912771962,2015,Shawnee,Village,Perry,Property,roads,R,5,1,117,64,64.64088439941406,35.35911560058594,3971962,-14.640884399414063,0,0,0,0
3912771962,2019,Shawnee,Village,Perry,property,roads,R,5,1,69,22,75.82417297363281,24.175827026367188,3971962,-25.824172973632813,0,0,0,0
3912776659,1998,Thorn,Township,Perry,Property,roads,R,5,2,580,445,56.585365295410156,43.414634704589844,3912776659,-6.585365295410156,0,0,0,1
3912776659,2001,Thorn,Township,Perry,Property,roads,A,5,2,435,171,71.78218078613281,28.217819213867188,3912776659,-21.782180786132813,0,0,0,0
3912776659,2016,Thorn,Township,Perry,Property,roads,A,5,2,615,1011,37.822879791259766,62.177120208740234,3912776659,12.177120208740234,1,0,0,0
3912902680,1991,Ashville,Village,Pickaway,Property,roads,R,5,1.1,237,305,43.72693634033203,56.27306365966797,3902680,6.273063659667969,1,0,0,1
3912902680,1993,Ashville,Village,Pickaway,Property,roads,A,5,1.1,151,324,31.789474487304688,68.21052551269531,3902680,18.210525512695313,1,0,0,0
3912920156,1991,Darby,Township,Pickaway,Property,roads,R,5,1,357,391,47.727272033691406,52.272727966308594,3912920156,2.2727279663085938,1,1,1,1
3912920156,1992,Darby,Township,Pickaway,Property,roads,A,5,1,368,670,35.45279312133789,64.547210693359375,3912920156,14.547210693359375,1,0,0,0
3912921168,1993,Deer Creek,Township,Pickaway,Property,roads,R,5,3,83,36,69.7479019165039,30.252098083496094,3912921168,-19.747901916503906,0,0,0,0
3912921168,1998,Deer Creek,Township,Pickaway,Property,roads,R,5,3,137,79,63.425926208496094,36.574073791503906,3912921168,-13.425926208496094,0,0,0,0
3912921168,2003,Deer Creek,Township,Pickaway,Property,roads,R,5,3,114,63,64.40677642822266,35.593223571777344,3912921168,-14.406776428222656,0,0,0,0
3912921168,2008,Deer Creek,Township,Pickaway,Property,roads,R,5,3,191,133,58.950618743896484,41.049381256103516,3912921168,-8.950618743896484,0,0,0,0
3912921168,2013,Deer Creek,Township,Pickaway,Property,roads,R,5,3,85,70,54.83871078491211,45.16128921508789,3912921168,-4.838710784912109,0,0,1,1
3912921168,2018,Deercreek,Township,Pickaway,Property,roads,R,5,3,144,117,55.17241287231445,44.82758712768555,3912921168,-5.172412872314453,0,0,0,1
3912937982,2019,Jackson,Township,Pickaway,property,roads,A,5,2.5,105,183,36.45833206176758,63.54166793823242,3912937982,13.541667938232422,1,0,0,0
3912946564,1997,Madison,Township,Pickaway,Property,roads,R,1000,1,130,160,44.82758712768555,55.17241287231445,3912946564,5.172412872314453,1,0,0,1
3912946564,2007,Madison,Township,Pickaway,Property,roads,R,1000,1,139,74,65.25821685791016,34.741783142089844,3912946564,-15.258216857910156,0,0,0,0
3912954726,1992,New Holland,Village,Pickaway,Property,roads,R,5,.7,115,297,27.912620544433594,72.0873794555664,3954726,22.087379455566406,1,0,0,0
3912954726,1996,New Holland,Village,Pickaway,Property,roads,R,5,.7,105,95,52.5,47.5,3954726,-2.5,0,1,1,1
3912954726,2001,New Holland,Village,Pickaway,Property,roads,R,5,.7,119,50,70.41419982910156,29.585800170898438,3954726,-20.414199829101563,0,0,0,0
3912954726,2006,New Holland,Village,Pickaway,Property,roads,A,5,1,155,258,37.53026580810547,62.46973419189453,3954726,12.469734191894531,1,0,0,0
3912954726,2012,New Holland,Village,Pickaway,Property,roads,R,5,.7,150,133,53.00353240966797,46.99646759033203,3954726,-3.0035324096679688,0,0,1,1
3912954726,2014,New Holland,Village,Pickaway,Property,roads,A,5,.7,50,107,31.84713363647461,68.152862548828125,3954726,18.152862548828125,1,0,0,0
3912954726,2015,New Holland,Village,Pickaway,Property,roads,A,5,.7,123,58,67.95580291748047,32.04419708251953,3954726,-17.95580291748047,0,0,0,0
3912954726,2016,New Holland,Village,Pickaway,Property,roads,R,5,.7,133,176,43.04207229614258,56.95792770385742,3954726,6.957927703857422,1,0,0,1
3912954726,2018,New Holland,Village,Pickaway,Property,roads,A,5,1,63,146,30.14354133605957,69.85646057128906,3954726,19.856460571289063,1,0,0,0
3912954726,2019,New Holland,Village,Pickaway,property,roads,R,5,.7,105,60,63.6363639831543,36.3636360168457,3954726,-13.636363983154297,0,0,0,0
3912962008,1992,Perry,Township,Pickaway,Property,roads,R,5,2.5,96,143,40.167362213134766,59.832637786865234,3912962008,9.832637786865234,1,0,0,0
3912962008,1998,Perry,Township,Pickaway,Property,roads,R,5,1.7,71,75,48.6301383972168,51.3698616027832,3912962008,1.3698616027832031,1,1,1,1
3912962008,2002,Perry,Township,Pickaway,Property,roads,R,5,.8,105,4534,2.2634189128875732,97.73657989501953,3912962008,47.73657989501953,1,0,0,0
3912962008,2006,Perry,Township,Pickaway,Property,roads,R,5,1.7,68,32,68,32,3912962008,-18,0,0,0,0
3912962008,2012,Perry,Township,Pickaway,Property,roads,R,5,.8,107,52,67.29560089111328,32.70439910888672,3912962008,-17.29560089111328,0,0,0,0
3912962008,2014,Perry,Township,Pickaway,Property,roads,R,5,1.7,108,13,89.256195068359375,10.743804931640625,3912962008,-39.256195068359375,0,0,0,0
3912962008,2016,Perry,Township,Pickaway,Property,roads,R,5,.8,25,116,17.730497360229492,82.269500732421875,3912962008,32.269500732421875,1,0,0,0
3912962008,2018,Perry,Township,Pickaway,Property,roads,R,5,1.7,25,108,18.796993255615234,81.2030029296875,3912962008,31.2030029296875,1,0,0,0
3912962008,2019,Perry,Township,Pickaway,property,roads,R,5,2.5,67,35,65.68627166748047,34.31372833251953,3912962008,-15.686271667480469,0,0,0,0
3912970184,1995,Salt Creek,Township,Pickaway,Property,roads,A,5,3,218,225,49.209930419921875,50.790069580078125,3912970184,0.790069580078125,1,1,1,1
3912970184,2001,Salt Creek,Township,Pickaway,Property,roads,A,5,3,219,118,64.98516082763672,35.01483917236328,3912970184,-14.985160827636719,0,0,0,0
3912980598,1994,Walnut,Township,Pickaway,Property,roads,R,2,1,234,283,45.26112365722656,54.73887634277344,3912980598,4.7388763427734375,1,0,1,1
3912980598,1996,Walnut,Township,Pickaway,Property,roads,R,2,1,441,416,51.45857620239258,48.54142379760742,3912980598,-1.4585762023925781,0,1,1,1
3912980598,1998,Walnut,Township,Pickaway,Property,roads,R,2,1,638,349,64.64032745361328,35.35967254638672,3912980598,-14.640327453613281,0,0,0,0
3912980598,2000,Walnut,Township,Pickaway,Property,roads,A,2,1,258,302,46.07143020629883,53.92856979370117,3912980598,3.928569793701172,1,0,1,1
3912980598,2001,Walnut,Township,Pickaway,Property,roads,R,2,1,577,197,74.54780578613281,25.452194213867188,3912980598,-24.547805786132813,0,0,0,0
3912980598,2005,Walnut,Township,Pickaway,Property,roads,R,2,1,459,220,67.59941101074219,32.40058898925781,3912980598,-17.599411010742188,0,0,0,0
3912980598,2006,Walnut,Township,Pickaway,Property,roads,R,2,1,730,594,55.13595199584961,44.86404800415039,3912980598,-5.135951995849609,0,0,0,1
3912980598,2009,Walnut,Township,Pickaway,Property,roads,A,4,1,284,371,43.35877990722656,56.64122009277344,3912980598,6.6412200927734375,1,0,0,1
3912980598,2016,Walnut,Township,Pickaway,Property,roads,R,1000,1,523,574,47.675479888916016,52.324520111083984,3912980598,2.3245201110839844,1,1,1,1
3912981550,1992,Washington,Township,Pickaway,Property,roads,A,5,1.7,536,539,49.86046600341797,50.13953399658203,3912981550,0.13953399658203125,1,1,1,1
3912981550,1996,Washington,Township,Pickaway,Property,roads,R,5,1.3,422,587,41.82358932495117,58.17641067504883,3912981550,8.176410675048828,1,0,0,0
3912981550,1999,Washington,Township,Pickaway,Property,roads,R,5,1.7,346,257,57.37976837158203,42.62023162841797,3912981550,-7.379768371582031,0,0,0,1
3912981550,2002,Washington,Township,Pickaway,Property,roads,R,5,1.7,418,666,38.56088638305664,61.43911361694336,3912981550,11.43911361694336,1,0,0,0
3912981550,2004,Washington,Township,Pickaway,Property,roads,R,5,1.5,1217,878,58.09069061279297,41.90930938720703,3912981550,-8.090690612792969,0,0,0,0
3912981550,2005,Washington,Township,Pickaway,Property,roads,R,5,1.7,764,695,52.36463165283203,47.63536834716797,3912981550,-2.3646316528320313,0,1,1,1
3912981550,2006,Washington,Township,Pickaway,Property,roads,A,5,1.7,532,876,37.78409194946289,62.21590805053711,3912981550,12.21590805053711,1,0,0,0
3913111122,2007,Camp Creek,Township,Pike,Property,roads,A,5,3,159,209,43.206520080566406,56.793479919433594,3913111122,6.793479919433594,1,0,0,1
3913137996,1998,Jackson,Township,Pike,Property,roads,A,5,.3,209,226,48.04597854614258,51.95402145385742,3913137996,1.9540214538574219,1,1,1,1
3913162022,1999,Perry,Township,Pike,Property,roads,R,5,1.7,96,90,51.6129035949707,48.3870964050293,3913162022,-1.6129035949707031,0,1,1,1
3913181935,2002,Waverly,Village,Pike,Property,roads,R,5,1.5,1067,6091,14.90639877319336,85.093597412109375,3981935,35.093597412109375,1,0,0,0
3913181935,2008,Waverly,Village,Pike,Property,roads,R,5,1.5,945,874,51.951622009277344,48.048377990722656,3981935,-1.9516220092773438,0,1,1,1
3913181935,2013,Waverly,Village,Pike,Property,roads,R,5,1.5,1285,139,90.23876190185547,9.761238098144531,3981935,-40.23876190185547,0,0,0,0
3913181935,2014,Waverly,Village,Pike,Property,roads,R,5,1.5,1276,663,65.80711364746094,34.19288635253906,3981935,-15.807113647460938,0,0,0,0
3913181935,2018,Waverly,Village,Pike,Property,roads,R,5,1.5,569,458,55.404090881347656,44.595909118652344,3981935,-5.404090881347656,0,0,0,1
3913302862,1993,Atwater,Township,Portage,Property,roads,R,5,1.5,310,367,45.790252685546875,54.209747314453125,3913302862,4.209747314453125,1,0,1,1
3913302862,1994,Atwater,Township,Portage,Property,roads,R,-999,1.5,419,427,49.52718734741211,50.47281265258789,3913302862,0.4728126525878906,1,1,1,1
3913302862,1995,Atwater,Township,Portage,Property,roads,A,5,1.5,433,441,49.542335510253906,50.457664489746094,3913302862,0.45766448974609375,1,1,1,1
3913302862,1996,Atwater,Township,Portage,Property,roads,A,5,1.5,518,501,50.83415222167969,49.16584777832031,3913302862,-0.8341522216796875,0,1,1,1
3913302862,2000,Atwater,Township,Portage,Property,roads,R,5,1.5,610,528,53.602813720703125,46.397186279296875,3913302862,-3.602813720703125,0,0,1,1
3913302862,2005,Atwater,Township,Portage,Property,roads,R,5,1.5,452,366,55.2567253112793,44.7432746887207,3913302862,-5.256725311279297,0,0,0,1
3913302862,2010,Atwater,Township,Portage,Property,roads,R,5,1.5,513,480,51.6616325378418,48.3383674621582,3913302862,-1.6616325378417969,0,1,1,1
3913302862,2015,Atwater,Township,Portage,Property,roads,R,5,1.5,485,315,60.625,39.375,3913302862,-10.625,0,0,0,0
3913302862,2021,Atwater,Township,Portage,property,roads,R,5,1.5,399,254,61.102603912353516,38.897396087646484,3913302862,-11.102603912353516,0,0,0,0
3913303086,1992,Aurora,City,Portage,Property,roads,A,-999,.9,2589,2703,48.92290115356445,51.07709884643555,3903086,1.0770988464355469,1,1,1,1
3913303086,1993,Aurora,City,Portage,Property,roads,A,3,.9,702,380,64.879852294921875,35.120147705078125,3903086,-14.879852294921875,0,0,0,0
3913303086,1996,Aurora,City,Portage,Property,roads,R,5,.9,3108,2586,54.583770751953125,45.416229248046875,3903086,-4.583770751953125,0,0,1,1
3913303086,2000,Aurora,City,Portage,Property,roads,R,5,.9,3745,2905,56.31578826904297,43.68421173095703,3903086,-6.315788269042969,0,0,0,1
3913303086,2002,Aurora,City,Portage,Property,roads,A,5,1,1917,3138,37.922847747802734,62.077152252197266,3903086,12.077152252197266,1,0,0,0
3913303086,2005,Aurora,City,Portage,Property,roads,R,5,.9,2703,2256,54.5069580078125,45.4930419921875,3903086,-4.5069580078125,0,0,1,1
3913303086,2011,Aurora,City,Portage,Property,roads,R,5,.9,1186,509,69.97050476074219,30.029495239257813,3903086,-19.970504760742188,0,0,0,0
3913303086,2016,Aurora,City,Portage,Property,roads,R,5,.9,3627,1504,70.68797302246094,29.312026977539063,3903086,-20.687973022460938,0,0,0,0
3913303086,2021,Aurora,City,Portage,property,roads,R,5,.9,3188,1009,75.959014892578125,24.040985107421875,3903086,-25.959014892578125,0,0,0,0
3913308168,2016,Brady Lake,Village,Portage,Property,roads,A,5,2.71,129,113,53.3057861328125,46.6942138671875,3908168,-3.3057861328125,0,0,1,1
3913308840,2009,Brimfield,Township,Portage,Property,roads,A,5,.95,1374,1544,47.0870475769043,52.9129524230957,3913308840,2.912952423095703,1,1,1,1
3913308840,2010,Brimfield,Township,Portage,Property,roads,A,5,.95,850,697,54.94505310058594,45.05494689941406,3913308840,-4.9450531005859375,0,0,1,1
3913308840,2015,Brimfield,Township,Portage,Property,roads,A,5,1.9,1532,1522,50.163719177246094,49.836280822753906,3913308840,-0.16371917724609375,0,1,1,1
3913308840,2019,Brimfield,Township,Portage,property,roads,R,5,1.9,960,553,63.45009994506836,36.54990005493164,3913308840,-13.45009994506836,0,0,0,0
3913328392,1991,Franklin,Township,Portage,Property,roads,R,-999,2,1028,327,75.867156982421875,24.132843017578125,3913328392,-25.867156982421875,0,0,0,0
3913328392,1992,Franklin,Township,Portage,Property,roads,A,-999,.5,1661,1038,61.54131317138672,38.45868682861328,3913328392,-11.541313171386719,0,0,0,0
3913328392,1993,Franklin,Township,Portage,Property,roads,A,5,2,778,398,66.156463623046875,33.843536376953125,3913328392,-16.156463623046875,0,0,0,0
3913328392,1996,Franklin,Township,Portage,Property,roads,R,5,2,1903,736,72.11064910888672,27.88935089111328,3913328392,-22.11064910888672,0,0,0,0
3913328392,1997,Franklin,Township,Portage,Property,roads,R,5,.5,1214,474,71.91943359375,28.08056640625,3913328392,-21.91943359375,0,0,0,0
3913328392,1998,Franklin,Township,Portage,Property,roads,R,5,2,1391,479,74.38502502441406,25.614974975585938,3913328392,-24.385025024414063,0,0,0,0
3913328392,2001,Franklin,Township,Portage,Property,roads,R,5,2,889,237,78.95204162597656,21.047958374023438,3913328392,-28.952041625976563,0,0,0,0
3913328392,2002,Franklin,Township,Portage,Property,roads,R,5,.5,1313,477,73.3519515991211,26.648048400878906,3913328392,-23.351951599121094,0,0,0,0
3913328392,2003,Franklin,Township,Portage,Property,roads,R,5,2,965,342,73.83320617675781,26.166793823242188,3913328392,-23.833206176757813,0,0,0,0
3913328392,2006,Franklin,Township,Portage,Property,roads,R,5,2,1532,694,68.822998046875,31.177001953125,3913328392,-18.822998046875,0,0,0,0
3913328392,2007,Franklin,Township,Portage,Property,roads,R,5,.5,484,168,74.2331314086914,25.766868591308594,3913328392,-24.233131408691406,0,0,0,0
3913328392,2008,Franklin,Township,Portage,Property,roads,R,5,2,1926,928,67.4842300415039,32.515769958496094,3913328392,-17.484230041503906,0,0,0,0
3913328392,2011,Franklin,Township,Portage,Property,roads,R,5,2,1412,510,73.46514129638672,26.53485870361328,3913328392,-23.46514129638672,0,0,0,0
3913328392,2012,Franklin,Township,Portage,Property,roads,R,5,.5,2039,738,73.424560546875,26.575439453125,3913328392,-23.424560546875,0,0,0,0
3913328392,2013,Franklin,Township,Portage,Property,roads,R,5,2,725,179,80.19911193847656,19.800888061523438,3913328392,-30.199111938476563,0,0,0,0
3913328392,2016,Franklin,Township,Portage,Property,roads,R,5,2,2025,685,74.7232437133789,25.276756286621094,3913328392,-24.723243713378906,0,0,0,0
3913328392,2017,Franklin,Township,Portage,Property,roads,R,5,.5,1025,265,79.457366943359375,20.542633056640625,3913328392,-29.457366943359375,0,0,0,0
3913328392,2018,Franklin,Township,Portage,Property,roads,R,5,2,1994,563,77.98200988769531,22.017990112304688,3913328392,-27.982009887695313,0,0,0,0
3913328392,2021,Franklin,Township,Portage,property,roads,R,5,2,726,118,86.01895904541016,13.981040954589844,3913328392,-36.018959045410156,0,0,0,0
3913328742,2002,Freedom,Township,Portage,Property,roads,A,5,1,158,296,34.801761627197266,65.1982421875,3913328742,15.1982421875,1,0,0,0
3913328742,2003,Freedom,Township,Portage,Property,roads,A,5,1,95,174,35.31598663330078,64.68401336669922,3913328742,14.684013366699219,1,0,0,0
3913328742,2004,Freedom,Township,Portage,Property,roads,A,3,1,225,432,34.24657440185547,65.75342559814453,3913328742,15.753425598144531,1,0,0,0
3913329442,2006,Garrettsville,Village,Portage,Income,roads,A,1000,.25,331,613,35.063560485839844,64.93643951416016,3929442,14.936439514160156,1,0,0,0
3913329442,2007,Garrettsville,Village,Portage,Income,roads,A,1000,.25,166,262,38.7850456237793,61.2149543762207,3929442,11.214954376220703,1,0,0,0
3913335658,2018,Hiram,Village,Portage,Income,roads,A,N/A,.25,104,24,81.25,18.75,3935658,-31.25,0,0,0,0
3913335672,1991,Hiram,Township,Portage,Property,roads,R,-999,1,378,160,70.260223388671875,29.739776611328125,3913335672,-20.260223388671875,0,0,0,0
3913335672,1994,Hiram,Township,Portage,Property,roads,R,-999,1,217,154,58.49056625366211,41.50943374633789,3913335672,-8.49056625366211,0,0,0,0
3913335672,1995,Hiram,Township,Portage,Property,roads,R,5,3,316,182,63.45381546020508,36.54618453979492,3913335672,-13.453815460205078,0,0,0,0
3913335672,1996,Hiram,Township,Portage,Property,roads,R,5,2,588,445,56.92158889770508,43.07841110229492,3913335672,-6.921588897705078,0,0,0,1
3913335672,1999,Hiram,Township,Portage,Property,roads,R,5,3,304,164,64.95726776123047,35.04273223876953,3913335672,-14.957267761230469,0,0,0,0
3913335672,2000,Hiram,Township,Portage,Property,roads,R,3,2,271,176,60.626399993896484,39.373600006103516,3913335672,-10.626399993896484,0,0,0,0
3913335672,2002,Hiram,Township,Portage,Property,roads,R,5,2,473,346,57.75335693359375,42.24664306640625,3913335672,-7.75335693359375,0,0,0,0
3913335672,2003,Hiram,Township,Portage,Property,roads,R,4,1,274,240,53.30739212036133,46.69260787963867,3913335672,-3.307392120361328,0,0,1,1
3913335672,2005,Hiram,Township,Portage,Property,roads,R,5,3,521,473,52.414485931396484,47.585514068603516,3913335672,-2.4144859313964844,0,1,1,1
3913335672,2008,Hiram,Township,Portage,Property,roads,R,5,2,736,641,53.449527740478516,46.550472259521484,3913335672,-3.4495277404785156,0,0,1,1
3913335672,2009,Hiram,Township,Portage,Property,roads,R,5,3,561,467,54.571983337402344,45.428016662597656,3913335672,-4.571983337402344,0,0,1,1
3913335672,2012,Hiram,Township,Portage,Property,roads,R,5,2,796,582,57.76487731933594,42.23512268066406,3913335672,-7.7648773193359375,0,0,0,0
3913335672,2015,Hiram,Township,Portage,Property,roads,R,5,3,166,57,74.43946075439453,25.56053924560547,3913335672,-24.43946075439453,0,0,0,0
3913335672,2017,Hiram,Township,Portage,Property,roads,R,5,2,600,298,66.81514739990234,33.184852600097656,3913335672,-16.815147399902344,0,0,0,0
3913335672,2020,Hiram,Township,Portage,property,roads,R,5,3,867,618,58.38383865356445,41.61616134643555,3913335672,-8.383838653564453,0,0,0,0
3913339872,1999,Kent,City,Portage,Income,roads,A,1000,.1,1154,1635,41.37683868408203,58.62316131591797,3939872,8.623161315917969,1,0,0,0
3913347180,2004,Mantua,Village,Portage,Property,roads,R,5,3.85,249,421,37.164180755615234,62.835819244384766,3947180,12.835819244384766,1,0,0,0
3913347180,2018,Mantua,Village,Portage,Property,roads,A,5,3.85,149,101,59.599998474121094,40.400001525878906,3947180,-9.599998474121094,0,0,0,0
3913347194,1998,Mantua,Township,Portage,Property,roads,A,-999,2,517,1148,31.051050186157227,68.9489517211914,3913347194,18.948951721191406,1,0,0,0
3913347194,1999,Mantua,Township,Portage,Property,roads,R,5,1.5,663,195,77.2727279663086,22.727272033691406,3913347194,-27.272727966308594,0,0,0,0
3913347194,2003,Mantua,Township,Portage,Property,roads,R,5,1.5,1331,802,62.40037536621094,37.59962463378906,3913347194,-12.400375366210938,0,0,0,0
3913347194,2007,Mantua,Township,Portage,Property,roads,R,5,1.5,1178,1044,53.01530075073242,46.98469924926758,3913347194,-3.015300750732422,0,0,1,1
3913347194,2018,Mantua,Township,Portage,Property,roads,R,5,1.5,1093,1299,45.6939811706543,54.3060188293457,3913347194,4.306018829345703,1,0,1,1
3913347194,2020,Mantua,Township,Portage,property,roads,R,5,1.5,1725,1025,62.727272033691406,37.272727966308594,3913347194,-12.727272033691406,0,0,0,0
3913353858,1991,Nelson - #2,Township,Portage,Property,roads,R,5,2,678,570,54.32692337036133,45.67307662963867,3913353858,-4.326923370361328,0,0,1,1
3913353858,1994,Nelson,Township,Portage,Property,roads,R,-999,2,632,874,41.96547317504883,58.03452682495117,3913353858,8.034526824951172,1,0,0,0
3913353858,1995,Nelson,Township,Portage,Property,roads,R,-999,2,677,167,80.21327209472656,19.786727905273438,3913353858,-30.213272094726563,0,0,0,0
3913353858,1998,Nelson,Township,Portage,Property,roads,R,1000,2,433,258,62.66280746459961,37.33719253540039,3913353858,-12.66280746459961,0,0,0,0
3913353858,1999,Nelson,Township,Portage,Property,roads,R,1000,2,494,595,45.36271667480469,54.63728332519531,3913353858,4.6372833251953125,1,0,1,1
3913353858,2001,Nelson,Township,Portage,Property,roads,R,5,2,291,237,55.1136360168457,44.8863639831543,3913353858,-5.113636016845703,0,0,0,1
3913353858,2005,Nelson,Township,Portage,Property,roads,R,5,2,381,970,28.201332092285156,71.79866790771484,3913353858,21.798667907714844,1,0,0,0
3913353858,2006,Nelson,Township,Portage,Property,roads,R,5,2,404,244,62.345680236816406,37.654319763183594,3913353858,-12.345680236816406,0,0,0,0
3913353858,2010,Nelson,township,Portage,Property,roads,R,5,2,540,332,61.926605224609375,38.073394775390625,3913353858,-11.926605224609375,0,0,0,0
3913353858,2014,Nelson,Township,Portage,Property,roads,R,5,2,721,540,57.17684555053711,42.82315444946289,3913353858,-7.176845550537109,0,0,0,1
3913353858,2015,Nelson,Township,Portage,Property,roads,R,5,2,729,298,70.98344421386719,29.016555786132813,3913353858,-20.983444213867188,0,0,0,0
3913359822,1999,Paris,Township,Portage,Property,roads,A,-999,2,252,151,62.5310173034668,37.4689826965332,3913359822,-12.531017303466797,0,0,0,0
3913359822,2002,Paris,Township,Portage,Property,roads,R,5,2,287,136,67.84870147705078,32.15129852294922,3913359822,-17.84870147705078,0,0,0,0
3913359822,2008,Paris,Township,Portage,Property,roads,R,5,2,336,290,53.67412185668945,46.32587814331055,3913359822,-3.674121856689453,0,0,1,1
3913359822,2013,Paris,Township,Portage,Property,roads,R,5,2,580,55,91.33858489990234,8.661415100097656,3913359822,-41.338584899902344,0,0,0,0
3913359822,2016,Paris,Township,Portage,Property,roads,R,5,2,219,152,59.02964782714844,40.97035217285156,3913359822,-9.0296478271484375,0,0,0,0
3913359822,2018,Paris,Township,Portage,Property,roads,R,5,2,453,362,55.582820892333984,44.417179107666016,3913359822,-5.582820892333984,0,0,0,1
3913365452,1995,Randolph,Township,Portage,Property,roads,R,-999,2,325,388,45.58204650878906,54.41795349121094,3913365452,4.4179534912109375,1,0,1,1
3913365452,2000,Randolph,Township,Portage,Property,roads,R,5,2,1202,795,60.190284729003906,39.809715270996094,3913365452,-10.190284729003906,0,0,0,0
3913365452,2004,Randolph,Township,Portage,Property,roads,R,5,2,1369,1065,56.24486541748047,43.75513458251953,3913365452,-6.244865417480469,0,0,0,1
3913365452,2010,Randolph,Township,Portage,Property,roads,R,5,2,1064,816,56.59574508666992,43.40425491333008,3913365452,-6.595745086669922,0,0,0,1
3913365452,2011,Randolph,Township,Portage,Property,roads,R,5,2,1292,541,70.48554229736328,29.51445770263672,3913365452,-20.48554229736328,0,0,0,0
3913365452,2016,Randolph,Township,Portage,Property,roads,R,5,2,1140,387,74.65618896484375,25.34381103515625,3913365452,-24.65618896484375,0,0,0,0
3913365452,2021,Randolph,Township,Portage,property,roads,R,5,2,961,522,64.80107879638672,35.19892120361328,3913365452,-14.801078796386719,0,0,0,0
3913365592,2015,Ravenna,City,Portage,Income,roads,A,-999,.25,1368,421,76.46730041503906,23.532699584960938,3965592,-26.467300415039063,0,0,0,0
3913365592,2016,Ravenna,City,Portage,Income,roads,A,-999,.25,636,1256,33.6152229309082,66.38478088378906,3965592,16.384780883789063,1,0,0,0
3913375189,1998,Suffield,Township,Portage,Property,roads,R,-999,1,1342,1725,43.7561149597168,56.2438850402832,3913375189,6.243885040283203,1,0,0,1
3913375189,2003,Suffield,Township,Portage,Property,roads,R,5,1,745,1120,39.946380615234375,60.053619384765625,3913375189,10.053619384765625,1,0,0,0
3913375189,2008,Suffield,Township,Portage,Property,roads,R,5,1,1875,325,85.2272720336914,14.772727966308594,3913375189,-35.227272033691406,0,0,0,0
3913375189,2015,Suffield,Township,Portage,Property,roads,R,5,1,1344,824,61.992618560791016,38.007381439208984,3913375189,-11.992618560791016,0,0,0,0
3913375189,2019,Suffield,Township,Portage,property,roads,R,5,1,451,258,63.6107177734375,36.3892822265625,3913375189,-13.6107177734375,0,0,0,0
3913385946,2005,Windham,Village,Portage,Income,roads,A,1000,.5,92,420,17.96875,82.03125,3985946,32.03125,1,0,0,0
3913385946,2006,Windham,Village,Portage,Income,roads,A,1000,.5,188,182,50.81081008911133,49.18918991088867,3985946,-0.8108100891113281,0,1,1,1
3913385946,2009,Windham,Village,Portage,Income,roads,A,1000,.5,206,193,51.62907409667969,48.37092590332031,3985946,-1.6290740966796875,0,1,1,1
3913385946,2014,Windham,Village,Portage,Income,roads,A,-999,.5,16,216,6.896551609039307,93.10344696044922,3985946,43.10344696044922,1,0,0,0
3913516700,2004,College Corner,Village,Preble,Property,roads,A,1000,5.5,79,103,43.406593322753906,56.593406677246094,3916700,6.593406677246094,1,0,0,1
3913531486,2014,Gratis,Township,Preble,Property,roads,A,5,1,366,516,41.49659729003906,58.50340270996094,3913531486,8.5034027099609375,1,0,0,0
3913533992,1996,Harrison,Township,Preble,Property,roads,A,5,1,503,487,50.808082580566406,49.191917419433594,3913533992,-0.80808258056640625,0,1,1,1
3913533992,2001,Harrison,Township,Preble,Property,roads,R,5,1,307,114,72.92161560058594,27.078384399414063,3913533992,-22.921615600585938,0,0,0,0
3913533992,2004,Harrison,Township,Preble,Property,roads,A,5,1,505,582,46.4581413269043,53.5418586730957,3913533992,3.541858673095703,1,0,1,1
3913533992,2005,Harrison,Township,Preble,Property,roads,R,5,1,307,198,60.79207992553711,39.20792007446289,3913533992,-10.79207992553711,0,0,0,0
3913533992,2010,Harrison,Township,Preble,Property,roads,R,5,1,497,416,54.4359245300293,45.5640754699707,3913533992,-4.435924530029297,0,0,1,1
3913533992,2015,Harrison,Township,Preble,Property,roads,R,5,1,499,331,60.1204833984375,39.8795166015625,3913533992,-10.1204833984375,0,0,0,0
3913533992,2016,Harrison,Township,Preble,Property,roads,A,5,1,1023,1233,45.34574508666992,54.65425491333008,3913533992,4.654254913330078,1,0,1,1
3913533992,2017,Harrison,Township,Preble,Property,roads,A,5,1,516,535,49.096099853515625,50.903900146484375,3913533992,0.903900146484375,1,1,1,1
3913533992,2018,Harrison,Township,Preble,Property,roads,A,5,1,377,360,51.153324127197266,48.846675872802734,3913533992,-1.1533241271972656,0,1,1,1
3913533992,2020,Harrison,Township,Preble,property,roads,R,5,1,715,554,56.34357833862305,43.65642166137695,3913533992,-6.343578338623047,0,0,0,1
3913538010,1994,Jackson,Township,Preble,Property,roads,R,4,1,274,100,73.26203155517578,26.73796844482422,3913538010,-23.26203155517578,0,0,0,0
3913538010,1998,Jackson,Township,Preble,Property,roads,R,3,1,269,132,67.08229064941406,32.91770935058594,3913538010,-17.082290649414063,0,0,0,0
3913538010,2001,Jackson,Township,Preble,Property,roads,R,3,1,179,65,73.36065673828125,26.63934326171875,3913538010,-23.36065673828125,0,0,0,0
3913538010,2004,Jackson,Township,Preble,Property,roads,A,3,1,262,318,45.17241287231445,54.82758712768555,3913538010,4.827587127685547,1,0,1,1
3913538010,2007,Jackson,Township,Preble,Property,roads,R,5,1,266,114,70,30,3913538010,-20,0,0,0,0
3913538010,2012,Jackson,Township,Preble,property,roads,R,5,1,163,48,77.25118255615234,22.748817443847656,3913538010,-27.251182556152344,0,0,0,0
3913538010,2016,Jackson,Township,Preble,Property,roads,R,5,1,433,134,76.3668441772461,23.633155822753906,3913538010,-26.366844177246094,0,0,0,0
3913538780,2016,Jefferson,Township,Preble,Property,roads,A,5,1,721,758,48.74915313720703,51.25084686279297,3913538780,1.2508468627929688,1,1,1,1
3913538780,2017,Jefferson,Township,Preble,Property,roads,A,5,1.2,169,203,45.43010711669922,54.56989288330078,3913538780,4.569892883300781,1,0,1,1
3913542938,2015,Lewisburg,Village,Preble,Property,roads,R,5,1,196,207,48.63523483276367,51.36476516723633,3942938,1.3647651672363281,1,1,1,1
3913572964,2006,Somers,Township,Preble,Property,roads,R,5,4.5,220,245,47.31182861328125,52.68817138671875,3913572964,2.68817138671875,1,1,1,1
3913572964,2008,Somers,Township,Preble,Property,roads,R,1000,4.5,315,569,35.63348388671875,64.36651611328125,3913572964,14.36651611328125,1,0,0,0
3913577994,1996,Twin,Township,Preble,Property,roads,A,5,2,219,299,42.277992248535156,57.722007751464844,3913577994,7.722007751464844,1,0,0,0
3913577994,2007,Twin,Township,Preble,Property,roads,A,4,.5,451,300,60.053260803222656,39.946739196777344,3913577994,-10.053260803222656,0,0,0,0
3913579898,1991,Verona,Village,Preble,Property,roads,R,5,5,51,702,6.7729082107543945,93.22708892822266,3979898,43.227088928222656,1,0,0,0
3913579898,1996,Verona,Village,Preble,Property,roads,A,2,2,43,89,32.57575607299805,67.42424011230469,3979898,17.424240112304688,1,0,0,0
3913579898,1997,Verona,Village,Preble,Property,roads,A,2,5,87,16,84.46601867675781,15.533981323242188,3979898,-34.46601867675781,0,0,0,0
3913579898,1998,Verona,Village,Preble,Property,roads,A,2,5,56,83,40.28776931762695,59.71223068237305,3979898,9.712230682373047,1,0,0,0
3913579898,2000,Verona,Village,Preble,Property,roads,R,2,5,60,65,48,52,3979898,2,1,1,1,1
3913579898,2003,Verona,Village,Preble,Property,roads,R,2,5,61,33,64.89361572265625,35.10638427734375,3979898,-14.89361572265625,0,0,0,0
3913579898,2004,Verona,Village,Preble,Property,roads,R,5,5,62,100,38.2716064453125,61.7283935546875,3979898,11.7283935546875,1,0,0,0
3913579898,2014,Verona,Village,Preble,Property,roads,R,5,5,42,76,35.59321975708008,64.40678405761719,3979898,14.406784057617188,1,0,0,0
3913581564,1993,Washington,Township,Preble,Property,roads,A,5,1,410,222,64.87342071533203,35.12657928466797,3913581564,-14.873420715332031,0,0,0,0
3913581564,1994,Washington,Township,Preble,Property,roads,R,5,1,549,604,47.61491775512695,52.38508224487305,3913581564,2.385082244873047,1,1,1,1
3913581564,1995,Washington,Township,Preble,Property,roads,R,5,1,451,92,83.05709075927734,16.942909240722656,3913581564,-33.057090759277344,0,0,0,0
3913581564,1999,Washington,Township,Preble,Property,roads,R,5,2,487,654,42.68185806274414,57.31814193725586,3913581564,7.318141937255859,1,0,0,1
3913581564,2000,Washington,Township,Preble,Property,roads,R,5,1,312,333,48.372093200683594,51.627906799316406,3913581564,1.6279067993164063,1,1,1,1
3913581564,2004,Washington,Township,Preble,Property,roads,A,5,1,356,453,44.00494384765625,55.99505615234375,3913581564,5.99505615234375,1,0,0,1
3913581564,2005,Washington,Township,Preble,Property,roads,R,5,2,294,286,50.68965530395508,49.31034469604492,3913581564,-0.6896553039550781,0,1,1,1
3913581564,2010,Washington,Township,Preble,Property,roads,R,5,1,518,160,76.40117645263672,23.59882354736328,3913581564,-26.40117645263672,0,0,0,0
3913581564,2014,Washington,Township,Preble,Property,roads,R,5,2,302,342,46.8944091796875,53.1055908203125,3913581564,3.1055908203125,1,0,1,1
3913581564,2015,Washington,Township,Preble,Property,roads,R,5,1,341,353,49.13544845581055,50.86455154418945,3913581564,0.8645515441894531,1,1,1,1
3913583804,1998,West Manchester,Village,Preble,Property,roads,A,5,2,71,42,62.83185958862305,37.16814041137695,3983804,-12.831859588623047,0,0,0,0
3913583804,2001,West Manchester,Village,Preble,Property,roads,R,5,2,113,157,41.85185241699219,58.14814758300781,3983804,8.1481475830078125,1,0,0,0
3913583804,2010,West Manchester,Village,Preble,Property,roads,R,5,2,47,56,45.63106918334961,54.36893081665039,3983804,4.368930816650391,1,0,1,1
3913583804,2021,West Manchester,Village,Preble,property,roads,A,5,2,34,16,68,32,3983804,-18,0,0,0,0
3913706880,2016,Blanchard,Township,Putnam,Property,roads,A,5,2.5,306,377,44.80234146118164,55.19765853881836,3913706880,5.197658538818359,1,0,0,1
3913706880,2017,Blanchard,Township,Putnam,Property,roads,A,5,2,200,224,47.1698112487793,52.8301887512207,3913706880,2.830188751220703,1,1,1,1
3913706880,2018,Blanchard,Township,Putnam,Property,roads,A,5,2,159,105,60.227272033691406,39.772727966308594,3913706880,-10.227272033691406,0,0,0,0
3913718504,2002,Continental,Village,Warren,Property,roads,A,4,4,146,187,43.84384536743164,56.15615463256836,3918504,6.156154632568359,1,0,0,1
3913718504,2004,Continental,Village,Putnam,Property,roads,A,4,4,165,234,41.3533821105957,58.6466178894043,3918504,8.646617889404297,1,0,0,0
3913718504,2014,Continental,Village,Putnam,Property,roads,A,5,2.5,116,149,43.77358627319336,56.22641372680664,3918504,6.226413726806641,1,0,0,1
3913718504,2016,Continental,Village,Putnam,Property,roads,A,5,2,282,201,58.385093688964844,41.614906311035156,3918504,-8.385093688964844,0,0,0,0
3913718504,2019,Continental,Village,Putnam,property,roads,A,5,.5,151,79,65.65217590332031,34.34782409667969,3918504,-15.652175903320313,0,0,0,0
3913718504,2021,Continental,Village,Putnam,property,roads,R,5,2,106,35,75.17730712890625,24.82269287109375,3918504,-25.17730712890625,0,0,0,0
3913732228,1991,Greensburg,Township,Putnam,Property,roads,R,5,1,259,92,73.78917694091797,26.21082305908203,3913732228,-23.78917694091797,0,0,0,0
3913732228,1995,Greensburg,Township,Putnam,Property,roads,R,5,.7,265,129,67.258880615234375,32.741119384765625,3913732228,-17.258880615234375,0,0,0,0
3913732228,1996,Greensburg,Township,Putnam,Property,roads,R,1000,1,405,217,65.11254119873047,34.88745880126953,3913732228,-15.112541198730469,0,0,0,0
3913732228,2000,Greensburg,Township,Putnam,Property,roads,R,5,.7,470,239,66.2905502319336,33.709449768066406,3913732228,-16.290550231933594,0,0,0,0
3913732228,2001,Greensburg,Township,Putnam,Property,roads,R,5,1,238,103,69.79472351074219,30.205276489257813,3913732228,-19.794723510742188,0,0,0,0
3913732228,2005,Greensburg,Township,Putnam,Property,roads,R,5,.7,287,165,63.495574951171875,36.504425048828125,3913732228,-13.495574951171875,0,0,0,0
3913732228,2006,Greensburg,Township,Putnam,Property,roads,R,5,1,366,270,57.54716873168945,42.45283126831055,3913732228,-7.547168731689453,0,0,0,0
3913732228,2010,Greensburg,Township,Putnam,Property,roads,R,5,.7,416,186,69.10298919677734,30.897010803222656,3913732228,-19.102989196777344,0,0,0,0
3913732228,2011,Greensburg,Township,Putnam,Property,roads,R,5,1,328,190,63.320465087890625,36.679534912109375,3913732228,-13.320465087890625,0,0,0,0
3913732228,2015,Greensburg,Township,Putnam,Property,roads,R,5,.7,427,182,70.11494445800781,29.885055541992188,3913732228,-20.114944458007813,0,0,0,0
3913732228,2016,Greensburg,Township,Putnam,Property,roads,R,5,1,542,239,69.39820861816406,30.601791381835938,3913732228,-19.398208618164063,0,0,0,0
3913732228,2020,Greensburg,Township,Putnam,property,roads,R,5,.7,601,247,70.87264251708984,29.127357482910156,3913732228,-20.872642517089844,0,0,0,0
3913732228,2021,Greensburg,Township,Putnam,property,roads,R,5,1,137,40,77.40113067626953,22.59886932373047,3913732228,-27.40113067626953,0,0,0,0
3913738024,2002,Jackson,Township,Putnam,Property,roads,R,5,4,190,66,74.21875,25.78125,3913738024,-24.21875,0,0,0,0
3913738024,2010,Jackson,Township,Putnam,Property,roads,A,5,.5,85,64,57.04697799682617,42.95302200317383,3913738024,-7.046977996826172,0,0,0,1
3913738024,2014,Jackson,Township,Putnam,Property,roads,R,5,.5,255,77,76.8072280883789,23.192771911621094,3913738024,-26.807228088378906,0,0,0,0
3913738024,2019,Jackson,Township,Putnam,property,roads,R,5,.5,215,45,82.69230651855469,17.307693481445313,3913738024,-32.69230651855469,0,0,0,0
3913738976,1994,Jennings,Township,Putnam,Property,roads,R,5,2.5,468,187,71.45037841796875,28.54962158203125,3913738976,-21.45037841796875,0,0,0,0
3913738976,1999,Jennings,Township,Putnam,Property,roads,R,5,2.5,328,127,72.0879135131836,27.912086486816406,3913738976,-22.087913513183594,0,0,0,0
3913738976,2004,Jennings,Township,Putnam,Property,roads,R,5,2.5,627,467,57.31261444091797,42.68738555908203,3913738976,-7.312614440917969,0,0,0,1
3913738976,2009,Jennings,Township,Putnam,Property,roads,R,5,2.5,586,231,71.72582244873047,28.27417755126953,3913738976,-21.72582244873047,0,0,0,0
3913738976,2014,Jennings,Township,Putnam,Property,roads,R,5,2.5,577,204,73.879638671875,26.120361328125,3913738976,-23.879638671875,0,0,0,0
3913738976,2019,Jennings,Township,Putnam,property,roads,R,5,2.5,424,83,83.62918853759766,16.370811462402344,3913738976,-33.629188537597656,0,0,0,0
3913743288,1999,Liberty,Township,Putnam,Property,roads,R,5,2,529,320,62.308597564697266,37.691402435302734,3913743288,-12.308597564697266,0,0,0,0
3913743288,2017,Liberty,Township,Putnam,Property,roads,A,5,2,312,82,79.18782043457031,20.812179565429688,3913743288,-29.187820434570313,0,0,0,0
3913751562,1991,Monroe,Township,Putnam,Property,roads,A,5,1.5,407,137,74.81617736816406,25.183822631835938,3913751562,-24.816177368164063,0,0,0,0
3913751660,1998,Monterey,Township,Putnam,Property,roads,R,5,1,496,216,69.66291809082031,30.337081909179688,3913751660,-19.662918090820313,0,0,0,0
3913751660,1999,Monterey,Township,Putnam,Property,roads,R,5,1,745,535,58.203125,41.796875,3913751660,-8.203125,0,0,0,0
3913751660,2000,Monterey,Township,Putnam,Property,roads,R,5,1,550,323,63.00114440917969,36.99885559082031,3913751660,-13.001144409179688,0,0,0,0
3913751660,2008,Monterey,Township,Putnam,Property,roads,R,5,1,520,431,54.679283142089844,45.320716857910156,3913751660,-4.679283142089844,0,0,1,1
3913751660,2013,Monterey,Township,Putnam,Property,roads,R,5,1,746,125,85.648681640625,14.351318359375,3913751660,-35.648681640625,0,0,0,0
3913751660,2018,Monterey,Township,Putnam,Property,roads,R,5,1,262,268,49.433963775634766,50.566036224365234,3913751660,0.5660362243652344,1,1,1,1
3913759052,1991,Ottoville,Village,Putnam,Property,roads,R,5,1.95,342,633,35.07692337036133,64.92308044433594,3959052,14.923080444335938,1,0,0,0
3913759052,1998,Ottoville,Village,Putnam,Property,roads,R,5,1.95,253,66,79.31034851074219,20.689651489257813,3959052,-29.310348510742188,0,0,0,0
3913759052,2003,Ottoville,Village,Putnam,Property,roads,R,5,1.95,274,42,86.7088623046875,13.2911376953125,3959052,-36.7088623046875,0,0,0,0
3913759052,2007,Ottoville,Village,Putnam,Property,roads,R,5,1.95,275,29,90.46052551269531,9.5394744873046875,3959052,-40.46052551269531,0,0,0,0
3913759052,2012,Ottoville,Village,Putnam,Property,roads,R,5,1.95,414,68,85.8921127319336,14.107887268066406,3959052,-35.892112731933594,0,0,0,0
3913759052,2017,Ottoville,Village,Putnam,Property,roads,R,5,1.95,143,33,81.25,18.75,3959052,-31.25,0,0,0,0
3913759612,1991,Palmer,Township,Putnam,Property,roads,A,5,1,333,278,54.50082015991211,45.49917984008789,3913759612,-4.500820159912109,0,0,1,1
3913759612,2000,Palmer,Township,Putnam,Property,roads,R,5,2,292,313,48.264461517333984,51.735538482666016,3913759612,1.7355384826660156,1,1,1,1
3913759612,2001,Palmer,Township,Putnam,Property,roads,R,5,2,281,133,67.87439727783203,32.12560272216797,3913759612,-17.87439727783203,0,0,0,0
3913759612,2004,Palmer,Township,Putnam,Property,roads,A,5,2,183,282,39.35483932495117,60.64516067504883,3913759612,10.645160675048828,1,0,0,0
3913759612,2005,Palmer,Township,Putnam,Property,roads,R,5,2,347,155,69.123504638671875,30.876495361328125,3913759612,-19.123504638671875,0,0,0,0
3913759612,2006,Palmer,Township,Putnam,Property,roads,R,5,2,312,151,67.38661193847656,32.61338806152344,3913759612,-17.386611938476563,0,0,0,0
3913759612,2010,Palmer,Township,Putnam,Property,roads,R,5,2,290,136,68.07511901855469,31.924880981445313,3913759612,-18.075119018554688,0,0,0,0
3913759612,2011,Palmer,Township,Putnam,Property,roads,A,5,2,284,141,66.82353210449219,33.17646789550781,3913759612,-16.823532104492188,0,0,0,0
3913759612,2015,Palmer,Township,Putnam,Property,roads,R,5,2,248,74,77.01863098144531,22.981369018554688,3913759612,-27.018630981445313,0,0,0,0
3913759612,2016,Palmer,Township,Putnam,Property,roads,R,5,2,248,166,59.90338134765625,40.09661865234375,3913759612,-9.90338134765625,0,0,0,0
3913759612,2019,Palmer,Township,Putnam,property,roads,R,5,2,134,39,77.45664978027344,22.543350219726563,3913759612,-27.456649780273438,0,0,0,0
3913759612,2020,Palmer,Township,Putnam,property,roads,R,5,2,478,183,72.3146743774414,27.685325622558594,3913759612,-22.314674377441406,0,0,0,0
3913759612,2021,Palmer,Township,Putnam,property,roads,R,5,1,227,64,78.00687408447266,21.993125915527344,3913759612,-28.006874084472656,0,0,0,0
3913762036,1991,Perry,Township,Putnam,Property,roads,A,5,3,255,83,75.44378662109375,24.55621337890625,3913762036,-25.44378662109375,0,0,0,0
3913762036,1998,Perry,Township,Putnam,Property,roads,R,5,1.5,233,108,68.32844543457031,31.671554565429688,3913762036,-18.328445434570313,0,0,0,0
3913762036,2003,Perry,Township,Putnam,Property,roads,R,5,1.5,300,43,87.46355438232422,12.536445617675781,3913762036,-37.46355438232422,0,0,0,0
3913762036,2010,Perry,Township,Putnam,Property,roads,R,5,1.5,226,180,55.66502380371094,44.33497619628906,3913762036,-5.6650238037109375,0,0,0,1
3913762036,2011,Perry,Township,Putnam,Property,roads,A,5,.5,190,102,65.06849670410156,34.93150329589844,3913762036,-15.068496704101563,0,0,0,0
3913762036,2016,Perry,Township,Putnam,Property,roads,R,5,2,255,161,61.29807662963867,38.70192337036133,3913762036,-11.298076629638672,0,0,0,0
3913762036,2020,Perry,Township,Putnam,property,roads,R,5,2,378,155,70.91932678222656,29.080673217773438,3913762036,-20.919326782226563,0,0,0,0
3913767174,2007,Riley,Township,Putnam,Property,roads,R,5,3,673,65,91.192413330078125,8.807586669921875,3913767174,-41.192413330078125,0,0,0,0
3913767174,2018,Riley,Township,Putnam,Property,roads,A,5,3,440,282,60.941829681396484,39.058170318603516,3913767174,-10.941829681396484,0,0,0,0
3913775206,1991,Sugar Creek,Township,Putnam,Property,roads,R,5,1,348,431,44.67265701293945,55.32734298706055,3913775206,5.327342987060547,1,0,0,1
3913775206,1992,Sugar Creek,Township,Putnam,Property,roads,R,5,1,273,624,30.434782028198242,69.565216064453125,3913775206,19.565216064453125,1,0,0,0
3913775206,2001,Sugar Creek,Township,Putnam,Property,roads,R,5,1,359,145,71.23015594482422,28.76984405517578,3913775206,-21.23015594482422,0,0,0,0
3913775206,2002,Sugar Creek,Township,Putnam,Property,roads,R,5,1,324,152,68.067230224609375,31.932769775390625,3913775206,-18.067230224609375,0,0,0,0
3913775206,2006,Sugar Creek,Township,Putnam,Property,roads,R,5,1,302,220,57.85440444946289,42.14559555053711,3913775206,-7.854404449462891,0,0,0,0
3913775206,2012,Sugar Creek,Township,Putnam,Property,roads,R,5,1,229,261,46.73469543457031,53.26530456542969,3913775206,3.2653045654296875,1,0,1,1
3913905284,1992,Bellville,Village,Richland,Property,roads,A,5,8.5,301,455,39.814815521240234,60.185184478759766,3905284,10.185184478759766,1,0,0,0
3913905284,1996,Bellville,Village,Richland,Property,roads,A,5,4,411,365,52.96391677856445,47.03608322143555,3905284,-2.963916778564453,0,1,1,1
3913905284,2000,Bellville,Village,Richland,Property,roads,R,5,4,466,391,54.375728607177734,45.624271392822266,3905284,-4.375728607177734,0,0,1,1
3913905284,2006,Bellville,Village,Richland,Property,roads,R,5,4,295,158,65.12141418457031,34.87858581542969,3905284,-15.121414184570313,0,0,0,0
3913905284,2010,Bellville,Village,Richland,Property,roads,R,5,4,665,205,76.43678283691406,23.563217163085938,3905284,-26.436782836914063,0,0,0,0
3913905284,2015,Bellville,Village,Richland,Property,roads,R,5,4,456,229,66.56934356689453,33.43065643310547,3905284,-16.56934356689453,0,0,0,0
3913905284,2021,Bellville,Village,Richland,property,roads,R,5,4,269,179,60.04464340209961,39.95535659790039,3905284,-10.04464340209961,0,0,0,0
3913907230,1996,Blooming Grove,township,Richland,Property,roads,A,5,2,123,212,36.7164192199707,63.2835807800293,3913907230,13.283580780029297,1,0,0,0
3913910632,2005,Butler,Village,Richland,Property,roads,A,5,4,93,206,31.103679656982422,68.89631652832031,3910632,18.896316528320313,1,0,0,0
3913910632,2009,Butler,Village,Richland,Property,roads,A,5,2,163,139,53.9735107421875,46.0264892578125,3910632,-3.9735107421875,0,0,1,1
3913910632,2014,Butler,Village,Richland,Property,roads,R,5,2,215,52,80.52434539794922,19.47565460205078,3910632,-30.52434539794922,0,0,0,0
3913910632,2018,Butler,Village,Richland,Property,roads,R,5,2,270,73,78.71720123291016,21.282798767089844,3910632,-28.717201232910156,0,0,0,0
3913912420,1995,Cass,Township,Richland,Property,roads,R,5,2,96,55,63.5761604309082,36.4238395690918,3913912420,-13.576160430908203,0,0,0,0
3913912420,2000,Cass,Township,Richland,Property,roads,R,5,2,129,133,49.23664093017578,50.76335906982422,3913912420,0.76335906982421875,1,1,1,1
3913912420,2001,Cass,Township,Richland,Property,roads,A,5,2,34,27,55.73770523071289,44.26229476928711,3913912420,-5.737705230712891,0,0,0,1
3913912420,2006,Cass,Township,Richland,Property,roads,R,5,2,153,105,59.30232620239258,40.69767379760742,3913912420,-9.302326202392578,0,0,0,0
3913912420,2010,Cass,Township,Richland,Property,roads,R,5,2,195,138,58.55855941772461,41.44144058227539,3913912420,-8.55855941772461,0,0,0,0
3913912420,2015,Cass,Township,Richland,Property,roads,A,5,2,66,87,43.13725662231445,56.86274337768555,3913912420,6.862743377685547,1,0,0,1
3913912420,2016,Cass,Township,Richland,Property,roads,A,5,1.5,128,130,49.612403869628906,50.387596130371094,3913912420,0.38759613037109375,1,1,1,1
3913938794,1993,Jefferson,Township,Richland,Property,roads,R,4,2,495,271,64.62140655517578,35.37859344482422,3913938794,-14.621406555175781,0,0,0,0
3913938794,1996,Jefferson,Township,Richland,Property,roads,R,1000,2,716,522,57.8352165222168,42.1647834777832,3913938794,-7.835216522216797,0,0,0,0
3913938794,2002,Jefferson,Township,Richland,Property,roads,R,5,2,496,382,56.492027282714844,43.507972717285156,3913938794,-6.492027282714844,0,0,0,1
3913938794,2006,Jefferson,Township,Richland,Property,roads,R,5,2,727,507,58.914100646972656,41.085899353027344,3913938794,-8.914100646972656,0,0,0,0
3913938794,2011,Jefferson,Township,Richland,Property,roads,R,5,2,661,450,59.495948791503906,40.504051208496094,3913938794,-9.495948791503906,0,0,0,0
3913938794,2016,Jefferson,Township,Richland,Property,roads,R,5,2,914,612,59.89514923095703,40.10485076904297,3913938794,-9.895149230957031,0,0,0,0
3913938794,2021,Jefferson,Township,Richland,property,roads,R,5,2,344,159,68.38966369628906,31.610336303710938,3913938794,-18.389663696289063,0,0,0,0
3913942994,2006,Lexington,Village,Richland,Property,roads,A,5,2,747,478,60.979591369628906,39.020408630371094,3942994,-10.979591369628906,0,0,0,0
3913942994,2016,Lexington,Village,Richland,Property,roads,A,1000,2,717,743,49.109588623046875,50.890411376953125,3942994,0.890411376953125,1,1,1,1
3913945276,2016,Lucas,Village,Richland,Income,roads,A,1000,.5,74,71961,0.10272783786058426,99.89727020263672,3945276,49.89727020263672,1,0,0,0
3913946578,1997,Madison,Township,Richland,Property,roads,R,5,2,1887,2027,48.2115478515625,51.7884521484375,3913946578,1.7884521484375,1,1,1,1
3913946578,1998,Madison,Township,Richland,Property,roads,R,5,2,1640,1581,50.915863037109375,49.084136962890625,3913946578,-0.915863037109375,0,1,1,1
3913946578,2000,Madison,Township,Richland,Property,roads,A,5,1.5,639,1905,25.117923736572266,74.882080078125,3913946578,24.882080078125,1,0,0,0
3913946578,2004,Madison,Township,Richland,Property,roads,A,5,1.5,949,3304,22.313661575317383,77.68634033203125,3913946578,27.68634033203125,1,0,0,0
3913946578,2006,Madison,Township,Richland,Property,roads,A,5,1,2172,1950,52.692867279052734,47.307132720947266,3913946578,-2.6928672790527344,0,1,1,1
3913946578,2011,Madison,Township,Richland,Property,roads,A,5,1,1592,195,89.087860107421875,10.912139892578125,3913946578,-39.087860107421875,0,0,0,0
3913946578,2015,Madison,Township,Richland,property,roads,A,1000,2,1158,1008,53.46260452270508,46.53739547729492,3913946578,-3.462604522705078,0,0,1,1
3913947138,1997,Mansfield,City,Richland,Income,roads,A,-999,.25,8041,1711,82.45487976074219,17.545120239257813,3947138,-32.45487976074219,0,0,0,0
3913947138,1999,Mansfield,City,Richland,Income,roads,A,4,.25,2869,2120,57.50651550292969,42.49348449707031,3947138,-7.5065155029296875,0,0,0,0
3913947138,2007,Mansfield,City,Richland,Income,roads,A,4,.25,3779,2686,58.453208923339844,41.546791076660156,3947138,-8.453208923339844,0,0,0,0
3913950092,1999,Mifflin,Township,Richland,Property,roads,R,5,1.6,1038,726,58.843536376953125,41.156463623046875,3913950092,-8.843536376953125,0,0,0,0
3913950092,2005,Mifflin,Township,Richland,Property,roads,R,1000,1.6,1670,892,65.1834487915039,34.816551208496094,3913950092,-15.183448791503906,0,0,0,0
3913950092,2016,Mifflin,Township,Richland,Property,roads,A,1000,1.75,958,205,82.37317657470703,17.62682342529297,3913950092,-32.37317657470703,0,0,0,0
3913951576,1995,Monroe,Township,Richland,Property,roads,R,5,.75,612,127,82.81461334228516,17.185386657714844,3913951576,-32.814613342285156,0,0,0,0
3913951576,1997,Monroe,Township,Richland,Property,roads,R,5,2,321,285,52.970298767089844,47.029701232910156,3913951576,-2.9702987670898438,0,1,1,1
3913951576,2000,Monroe,Township,Richland,Property,roads,R,5,.75,479,388,55.247982025146484,44.752017974853516,3913951576,-5.247982025146484,0,0,0,1
3913951576,2001,Monroe,Township,Richland,Property,roads,R,5,2,624,119,83.98384857177734,16.016151428222656,3913951576,-33.983848571777344,0,0,0,0
3913951576,2005,Monroe,Township,Richland,Property,roads,R,5,.75,496,429,53.621620178222656,46.378379821777344,3913951576,-3.6216201782226563,0,0,1,1
3913951576,2006,Monroe,Township,Richland,Property,roads,R,5,2,524,376,58.22222137451172,41.77777862548828,3913951576,-8.222221374511719,0,0,0,0
3913951576,2010,Monroe,Township,Richland,Property,roads,R,5,.75,424,534,44.258872985839844,55.741127014160156,3913951576,5.741127014160156,1,0,0,1
3913951576,2011,Monroe,Township,Richland,Property,roads,R,5,2,549,71,88.54838562011719,11.451614379882813,3913951576,-38.54838562011719,0,0,0,0
3913951576,2015,Monroe,Township,Richland,Property,roads,R,5,.75,757,282,72.8585205078125,27.1414794921875,3913951576,-22.8585205078125,0,0,0,0
3913951576,2016,Monroe,Township,Richland,Property,roads,R,5,.75,423,3255,11.500815391540527,88.49918365478516,3913951576,38.499183654785156,1,0,0,0
3913951576,2019,Monroe,Township,Richland,property,roads,R,5,2,303,105,74.26470947265625,25.73529052734375,3913951576,-24.26470947265625,0,0,0,0
3913951576,2021,Monroe,Township,Richland,property,roads,R,5,.75,284,104,73.19587707519531,26.804122924804688,3913951576,-23.195877075195313,0,0,0,0
3913958520,1997,Ontario,City,Richland,Income,roads,A,N/A,.25,983,981,50.0509147644043,49.9490852355957,3958520,-0.050914764404296875,0,1,1,1
3913962050,1991,Perry,Township,Richland,Property,roads,R,5,1.8,251,64,79.68254089355469,20.317459106445313,3913962050,-29.682540893554688,0,0,0,0
3913962050,1995,Perry,Township,Richland,Property,roads,A,5,1.8,168,101,62.45353317260742,37.54646682739258,3913962050,-12.453533172607422,0,0,0,0
3913962050,1997,Perry,Township,Richland,Property,roads,R,5,1.8,242,60,80.13245391845703,19.86754608154297,3913962050,-30.13245391845703,0,0,0,0
3913962050,2002,Perry,Township,Richland,Property,roads,R,5,1.8,294,200,59.5141716003418,40.4858283996582,3913962050,-9.514171600341797,0,0,0,0
3913962050,2010,Perry,Township,Richland,Property,roads,R,5,1.8,248,175,58.628841400146484,41.371158599853516,3913962050,-8.628841400146484,0,0,0,0
3913962050,2014,Perry,Township,Richland,Property,roads,R,5,1.8,329,128,71.99124908447266,28.008750915527344,3913962050,-21.991249084472656,0,0,0,0
3913962050,2019,Perry,Township,Richland,property,roads,R,5,1.8,131,48,73.184356689453125,26.815643310546875,3913962050,-23.184356689453125,0,0,0,0
3913963814,1991,Plymouth,Township,Richland,Property,roads,R,5,2,158,214,42.47311782836914,57.52688217163086,3913963814,7.526882171630859,1,0,0,0
3913963814,1994,Plymouth,Township,Richland,Property,roads,R,5,2,104,126,45.21739196777344,54.78260803222656,3913963814,4.7826080322265625,1,0,1,1
3913963814,1999,Plymouth,Township,Richland,Property,roads,R,5,2,231,20,92.03187561035156,7.9681243896484375,3913963814,-42.03187561035156,0,0,0,0
3913963814,2004,Plymouth,Township,Richland,Property,roads,R,5,2,58,219,20.938627243041992,79.061370849609375,3913963814,29.061370849609375,1,0,0,0
3913963814,2009,Plymouth,Township,Richland,Property,roads,R,5,2,137,11,92.56756591796875,7.43243408203125,3913963814,-42.56756591796875,0,0,0,0
3913963814,2014,Plymouth,Township,Richland,Property,roads,R,5,2,36,13,73.469390869140625,26.530609130859375,3913963814,-23.469390869140625,0,0,0,0
3913963814,2020,Plymouth,Township,Richland,property,roads,R,5,2,361,189,65.63636016845703,34.36363983154297,3913963814,-15.636360168457031,0,0,0,0
3913970394,1992,Sandusky,Township,Richland,Property,roads,A,5,1.5,261,584,30.8875732421875,69.1124267578125,3913970394,19.1124267578125,1,0,0,0
3913970394,1993,Sandusky,Township,Richland,Property,roads,A,5,1.5,45,210,17.647058486938477,82.35294342041016,3913970394,32.352943420410156,1,0,0,0
3913970394,2021,Sandusky,Township,Richland,property,roads,R,5,1.5,62,18,77.5,22.5,3913970394,-27.5,0,0,0,0
3913972102,1991,Shelby,City,Richland,Income,roads,A,5,.2,1304,1735,42.908851623535156,57.091148376464844,3972102,7.091148376464844,1,0,0,1
3913972102,1999,Shelby,City,Richland,Income,roads,A,5,.5,1749,1033,62.868438720703125,37.131561279296875,3972102,-12.868438720703125,0,0,0,0
3913972102,2005,Shelby,City,Richland,Income,roads,A,5,.5,2098,1334,61.13053512573242,38.86946487426758,3972102,-11.130535125732422,0,0,0,0
3913972102,2007,Shelby,City,RIchland,Income,roads,A,5,.25,1022,781,56.68330383300781,43.31669616699219,3972102,-6.6833038330078125,0,0,0,1
3913972102,2012,Shelby,City,Richland,Income,roads,R,5,.25,1534,629,70.9200210571289,29.079978942871094,3972102,-20.920021057128906,0,0,0,0
3913972102,2014,Shelby,City,Richland,Income,roads,A,5,.2,1084,1477,42.32721710205078,57.67278289794922,3972102,7.672782897949219,1,0,0,0
3913977616,2002,Troy,Township,Richland,Property,roads,A,4,1,205,321,38.973384857177734,61.026615142822266,3913977616,11.026615142822266,1,0,0,0
3913981578,1995,Washington,Township,Richland,Property,roads,A,5,2,1455,158,90.20458984375,9.79541015625,3913981578,-40.20458984375,0,0,0,0
3913981578,2020,Washington,Township,Richland,property,roads,R,5,2,2724,1094,71.34625244140625,28.65374755859375,3913981578,-21.34625244140625,0,0,0,0
3913986618,1995,Worthington,Township,Richland,Property,roads,R,3,1.5,237,135,63.709678649902344,36.290321350097656,3913986618,-13.709678649902344,0,0,0,0
3913986618,1998,Worthington,Township,Richland,Property,roads,A,3,.5,69,214,24.38162612915039,75.618377685546875,3913986618,25.618377685546875,1,0,0,0
3913986618,2000,Worthington,Township,Richland,Property,roads,R,3,1.5,69,456,13.142857551574707,86.85713958740234,3913986618,36.857139587402344,1,0,0,0
3913986618,2003,Worthington,Township,Richland,Property,roads,R,3,2,157,61,72.01834869384766,27.981651306152344,3913986618,-22.018348693847656,0,0,0,0
3913986618,2005,Worthington,Township,Richland,Property,roads,R,3,2,104,493,17.420434951782227,82.5795669555664,3913986618,32.579566955566406,1,0,0,0
3913986618,2009,Worthington,Township,Richland,Property,roads,R,3,2,534,23,95.87073516845703,4.129264831542969,3913986618,-45.87073516845703,0,0,0,0
3913986618,2010,Worthington,Township,Richland,Property,roads,R,5,2,35,253,12.152777671813965,87.84722137451172,3913986618,37.84722137451172,1,0,0,0
3913986618,2015,Worthington,Township,Richland,Property,roads,R,5,2,408,255,61.53845977783203,38.46154022216797,3913986618,-11.538459777832031,0,0,0,0
3913986618,2018,Worthington,Township,Richland,Property,roads,R,5,2,513,11666,4.2121686935424805,95.78783416748047,3913986618,45.78783416748047,1,0,0,0
3914114184,2014,Chillicothe,City,Ross,Income,roads,A,10,.4,2497,2877,46.46445846557617,53.53554153442383,3914184,3.535541534423828,1,0,1,1
3914114184,2015,Chillicothe,City,Ross,Income,roads,A,10,.2,1785,940,65.50458526611328,34.49541473388672,3914184,-15.504585266113281,0,0,0,0
3914178540,1994,Union,Township,Ross,Property,roads,A,5,1.5,768,207,78.76923370361328,21.23076629638672,3914178540,-28.76923370361328,0,0,0,0
3914303730,1995,Ballville,Township,Sandusky,Property,roads,A,4,1,1310,599,68.622314453125,31.377685546875,3914303730,-18.622314453125,0,0,0,0
3914303730,2000,Ballville,Township,Sandusky,Property,roads,R,5,1,2126,1275,62.511024475097656,37.488975524902344,3914303730,-12.511024475097656,0,0,0,0
3914303730,2005,Ballville,Township,Sandusky,Property,roads,R,5,1,1448,865,62.60268020629883,37.39731979370117,3914303730,-12.602680206298828,0,0,0,0
3914303730,2010,Ballville,Township,Sandusky,Property,roads,R,5,1,1740,1094,61.39731979370117,38.60268020629883,3914303730,-11.397319793701172,0,0,0,0
3914303730,2015,Ballville,Township,Sandusky,Property,roads,R,5,1.25,189,104,64.50511932373047,35.49488067626953,3914303730,-14.505119323730469,0,0,0,0
3914303730,2019,Ballville,Township,Sandusky,property,roads,R,5,1.25,1393,698,66.61884307861328,33.38115692138672,3914303730,-16.61884307861328,0,0,0,0
3914328826,2021,Fremont,City,Sandusky,income,roads,A,5,.5,851,1032,45.19384002685547,54.80615997314453,3928826,4.806159973144531,1,0,1,1
3914338052,2009,Jackson,Township,Sandusky,Property,roads,A,5,2,253,380,39.96840286254883,60.03159713745117,3914338052,10.031597137451172,1,0,0,0
3914370408,1998,Sandusky,Township,Sandusky,Property,roads,R,5,.5,698,618,53.039512634277344,46.960487365722656,3914370408,-3.0395126342773438,0,0,1,1
3914370408,2003,Sandusky,Township,Sandusky,Property,roads,R,5,.5,951,310,75.41633605957031,24.583663940429688,3914370408,-25.416336059570313,0,0,0,0
3914370408,2009,Sandusky,Township,Sandusky,Property,roads,R,5,.5,732,815,47.317386627197266,52.682613372802734,3914370408,2.6826133728027344,1,1,1,1
3914370408,2012,Sandusky,Township,Sandusky,Property,roads,R,5,.5,482,711,40.402347564697266,59.597652435302734,3914370408,9.597652435302734,1,0,0,0
3914370408,2014,Sandusky,Township,Sandusky,Property,roads,R,5,.5,858,397,68.36653137207031,31.633468627929688,3914370408,-18.366531372070313,0,0,0,0
3914370408,2016,Sandusky,Township,Sandusky,Property,roads,R,5,.5,1143,4195,21.412513732910156,78.58748626708984,3914370408,28.587486267089844,1,0,0,0
3914370408,2018,Sandusky,Township,Sandusky,Property,roads,R,5,.5,828,548,60.17441940307617,39.82558059692383,3914370408,-10.174419403076172,0,0,0,0
3914377162,1992,Townsend,Township,Sandusky,Property,roads,R,5,1.5,513,46,91.7710189819336,8.228981018066406,3914377162,-41.771018981933594,0,0,0,0
3914377162,1995,Townsend,Township,Sandusky,Property,roads,R,5,1.5,181,92,66.30036926269531,33.69963073730469,3914377162,-16.300369262695313,0,0,0,0
3914377162,2000,Townsend,Township,Sandusky,Property,roads,R,5,1.5,339,155,68.62348175048828,31.37651824951172,3914377162,-18.62348175048828,0,0,0,0
3914377162,2005,Townsend,Township,Sandusky,Property,roads,R,5,1.5,296,119,71.32530212402344,28.674697875976563,3914377162,-21.325302124023438,0,0,0,0
3914377162,2009,Townsend,Township,Sandusky,Property,roads,R,5,1.5,242,214,53.07017517089844,46.92982482910156,3914377162,-3.0701751708984375,0,0,1,1
3914377162,2012,Townsend,Township,Sandusky,Property,roads,A,5,2,281,330,45.99018096923828,54.00981903076172,3914377162,4.009819030761719,1,0,1,1
3914377162,2015,Townsend,Township,Sandusky,Property,roads,R,5,1.5,430,153,73.75643157958984,26.243568420410156,3914377162,-23.756431579589844,0,0,0,0
3914387080,2001,York,Township,Sandusky,Property,roads,A,5,2,229,120,65.61604309082031,34.38395690917969,3914387080,-15.616043090820313,0,0,0,0
3914387080,2002,York,Township,Sandusky,Property,roads,A,5,2,434,447,49.262203216552734,50.737796783447266,3914387080,0.7377967834472656,1,1,1,1
3914387080,2006,York,Township,Sandusky,Property,roads,R,5,2,425,462,47.9143180847168,52.0856819152832,3914387080,2.085681915283203,1,1,1,1
3914387080,2013,York,Township,Sandusky,Property,roads,R,5,2,778,124,86.25276947021484,13.747230529785156,3914387080,-36.252769470214844,0,0,0,0
3914387080,2017,York,Township,Sandusky,Property,roads,R,5,2,188,174,51.93370056152344,48.06629943847656,3914387080,-1.9337005615234375,0,1,1,1
3914506992,2006,Bloom,Township,Scioto,Property,roads,A,5,2,172,251,40.66193771362305,59.33806228637695,3914506992,9.338062286376953,1,0,0,0
3914506992,2018,Bloom,Township,Scioto,Property,roads,A,5,2,501,413,54.814002990722656,45.185997009277344,3914506992,-4.814002990722656,0,0,1,1
3914515560,1994,Clay,Township,Scioto,Property,roads,R,-999,2.5,918,495,64.96815490722656,35.03184509277344,3914515560,-14.968154907226563,0,0,0,0
3914515560,1997,Clay,Township,Scioto,Property,roads,A,5,1.5,765,592,56.37435531616211,43.62564468383789,3914515560,-6.374355316162109,0,0,0,1
3914515560,1999,Clay,Township,Scioto,Property,roads,R,5,2.5,724,235,75.49530792236328,24.50469207763672,3914515560,-25.49530792236328,0,0,0,0
3914515560,2001,Clay,Township,Scioto,Property,roads,R,5,1.5,857,233,78.62385559082031,21.376144409179688,3914515560,-28.623855590820313,0,0,0,0
3914515560,2004,Clay,Township,Scioto,Property,roads,R,5,2.5,1096,811,57.472469329833984,42.527530670166016,3914515560,-7.472469329833984,0,0,0,1
3914515560,2007,Clay,Township,Scioto,Property,roads,R,5,1.5,468,284,62.23404312133789,37.76595687866211,3914515560,-12.23404312133789,0,0,0,0
3914515560,2010,Clay,Township,Scioto,Property,roads,R,5,2.5,752,541,58.15932083129883,41.84067916870117,3914515560,-8.159320831298828,0,0,0,0
3914515560,2012,Clay,Township,Scioto,Property,roads,R,5,1.5,902,687,56.765262603759766,43.234737396240234,3914515560,-6.765262603759766,0,0,0,1
3914515560,2015,Clay,Township,Scioto,Property,roads,R,5,2.5,603,355,62.943634033203125,37.056365966796875,3914515560,-12.943634033203125,0,0,0,0
3914515560,2017,Clay,Township,Scioto,Property,roads,R,5,1.5,628,373,62.73726272583008,37.26273727416992,3914515560,-12.737262725830078,0,0,0,0
3914515560,2020,Clay,Township,Scioto,property,roads,R,5,2.5,1099,688,61.49972152709961,38.50027847290039,3914515560,-11.49972152709961,0,0,0,0
3914531836,1994,Green,Township,Scioto,Property,roads,A,5,2,405,718,36.06411361694336,63.93588638305664,3914531836,13.93588638305664,1,0,0,0
3914531836,1996,Green,Township,Scioto,Property,roads,A,5,2,670,934,41.770572662353516,58.229427337646484,3914531836,8.229427337646484,1,0,0,0
3914534020,1993,Harrison,Township,Scioto,Property,roads,R,5,2,657,357,64.79290008544922,35.20709991455078,3914534020,-14.792900085449219,0,0,0,0
3914534020,1994,Harrison,Township,Scioto,Property,roads,A,-999,1,658,567,53.71428680419922,46.28571319580078,3914534020,-3.7142868041992188,0,0,1,1
3914534020,1998,Harrison,Township,Scioto,Property,roads,R,5,2,274,264,50.92936706542969,49.07063293457031,3914534020,-0.9293670654296875,0,1,1,1
3914534020,2003,Harrison,Township,Scioto,Property,roads,R,5,2,451,367,55.13447570800781,44.86552429199219,3914534020,-5.1344757080078125,0,0,0,1
3914534020,2008,Harrison,Township,Scioto,Property,roads,R,5,2,1014,765,56.998313903808594,43.001686096191406,3914534020,-6.998313903808594,0,0,0,1
3914534020,2012,Harrison,Township,Scioto,Property,roads,R,5,2,854,734,53.77833938598633,46.22166061401367,3914534020,-3.778339385986328,0,0,1,1
3914534020,2013,Harrison,Township,Scioto,Property,roads,R,5,1,382,164,69.96337127685547,30.03662872314453,3914534020,-19.96337127685547,0,0,0,0
3914534020,2018,Harrison,Township,Scioto,Property,roads,R,5,2,272,156,63.5514030456543,36.4485969543457,3914534020,-13.551403045654297,0,0,0,0
3914538815,1992,Jefferson,Township,Scioto,Property,roads,R,-999,2,511,382,57.222843170166016,42.777156829833984,3914538815,-7.222843170166016,0,0,0,1
3914538815,1994,Jefferson,Township,Scioto,Property,roads,R,-999,2,509,252,66.88567352294922,33.11432647705078,3914538815,-16.88567352294922,0,0,0,0
3914538815,1998,Jefferson,Township,Scioto,Property,roads,R,5,2,475,300,61.290321350097656,38.709678649902344,3914538815,-11.290321350097656,0,0,0,0
3914538815,2000,Jefferson,Township,Scioto,Property,roads,R,5,2,619,379,62.0240478515625,37.9759521484375,3914538815,-12.0240478515625,0,0,0,0
3914538815,2003,Jefferson,Township,Scioto,Property,roads,R,5,2,493,275,64.19271087646484,35.807289123535156,3914538815,-14.192710876464844,0,0,0,0
3914538815,2005,Jefferson,Township,Scioto,Property,roads,R,5,2,487,269,64.4179916381836,35.582008361816406,3914538815,-14.417991638183594,0,0,0,0
3914538815,2008,Jefferson,Township,Scioto,Property,roads,R,5,2,701,451,60.85069274902344,39.14930725097656,3914538815,-10.850692749023438,0,0,0,0
3914538815,2010,Jefferson,Township,Scioto,Property,roads,A,5,2,195,187,51.047119140625,48.952880859375,3914538815,-1.047119140625,0,1,1,1
3914538815,2013,Jefferson,Township,Scioto,Property,roads,R,5,2,322,137,70.15250396728516,29.847496032714844,3914538815,-20.152503967285156,0,0,0,0
3914538815,2015,Jefferson,Township,Scioto,Property,roads,R,5,2,336,290,53.67412185668945,46.32587814331055,3914538815,-3.674121856689453,0,0,1,1
3914538815,2018,Jefferson,Township,Scioto,Property,roads,R,5,2,604,298,66.9623031616211,33.037696838378906,3914538815,-16.962303161621094,0,0,0,0
3914538815,2019,Jefferson,Township,Scioto,property,roads,R,5,2,202,110,64.74359130859375,35.25640869140625,3914538815,-14.74359130859375,0,0,0,0
3914538815,2020,Jefferson,Township,Scioto,property,roads,R,5,2,283,148,65.6612548828125,34.3387451171875,3914538815,-15.6612548828125,0,0,0,0
3914546606,1996,Madison,Township,Scioto,Property,roads,R,5,4,687,871,44.094993591308594,55.905006408691406,3914546606,5.905006408691406,1,0,0,1
3914546606,1999,Madison,Township,Scioto,Property,roads,A,5,2,533,339,61.12385177612305,38.87614822387695,3914546606,-11.123851776123047,0,0,0,0
3914546606,2000,Madison,Township,Scioto,Property,roads,R,5,4,437,216,66.9218978881836,33.078102111816406,3914546606,-16.921897888183594,0,0,0,0
3914546606,2004,Madison,Township,Scioto,Property,roads,A,5,2,229,747,23.463115692138672,76.53688049316406,3914546606,26.536880493164063,1,0,0,0
3914546606,2009,Madison,Township,Scioto,Property,roads,R,5,4,911,388,70.13086700439453,29.86913299560547,3914546606,-20.13086700439453,0,0,0,0
3914546606,2014,Madison,Township,Scioto,Property,roads,R,5,4,643,426,60.14967346191406,39.85032653808594,3914546606,-10.149673461914063,0,0,0,0
3914546606,2018,Madison,Township,Scioto,Property,roads,R,5,4,587,401,59.41295623779297,40.58704376220703,3914546606,-9.412956237792969,0,0,0,0
3914546606,2019,Madison,Township,Scioto,property,roads,R,5,4,288,215,57.25646209716797,42.74353790283203,3914546606,-7.256462097167969,0,0,0,1
3914564206,1991,Porter,Township,Scioto,Property,roads,R,5,1,2535,1036,70.98851776123047,29.01148223876953,3914564206,-20.98851776123047,0,0,0,0
3914564206,1995,Porter,Township,Scioto,Property,roads,R,5,1,1503,983,60.45856857299805,39.54143142700195,3914564206,-10.458568572998047,0,0,0,0
3914564206,1998,Porter,Township,Scioto,Property,roads,R,5,2,1376,620,68.93787384033203,31.06212615966797,3914564206,-18.93787384033203,0,0,0,0
3914564206,1999,Porter,Township,Scioto,Property,roads,R,5,1,2328,336,87.38739013671875,12.61260986328125,3914564206,-37.38739013671875,0,0,0,0
3914564206,2003,Porter,Township,Scioto,Property,roads,R,5,2,1710,501,77.34056854248047,22.65943145751953,3914564206,-27.34056854248047,0,0,0,0
3914564206,2005,Porter,Township,Scioto,Property,roads,R,5,1,1536,130,92.1968765258789,7.803123474121094,3914564206,-42.196876525878906,0,0,0,0
3914564206,2008,Porter,Township,Scioto,Property,roads,R,5,2,429,1439,22.96573829650879,77.03426361083984,3914564206,27.034263610839844,1,0,0,0
3914564206,2009,Porter,Township,Scioto,Property,roads,R,5,1,2771,535,83.81729888916016,16.182701110839844,3914564206,-33.817298889160156,0,0,0,0
3914564206,2013,Porter,Township,Scioto,Property,roads,R,5,2,1901,278,87.241851806640625,12.758148193359375,3914564206,-37.241851806640625,0,0,0,0
3914564206,2014,Porter,Township,Scioto,Property,roads,R,5,1,1266,650,66.07515716552734,33.924842834472656,3914564206,-16.075157165527344,0,0,0,0
3914564206,2018,Porter,Township,Scioto,Property,roads,R,5,2,2069,885,70.0406265258789,29.959373474121094,3914564206,-20.040626525878906,0,0,0,0
3914564206,2019,Porter,Township,Scioto,property,roads,R,5,2,876,201,81.33704376220703,18.66295623779297,3914564206,-31.33704376220703,0,0,0,0
3914565522,1993,Rarden,Township,Scioto,Property,roads,R,5,5.5,184,18,91.089111328125,8.910888671875,3914565522,-41.089111328125,0,0,0,0
3914565522,2011,Rarden,Township,Scioto,Property,roads,A,5,4,130,141,47.97047805786133,52.02952194213867,3914565522,2.029521942138672,1,1,1,1
3914565522,2014,Rarden,Township,Scioto,Property,roads,R,5,5.5,98,71,57.98816680908203,42.01183319091797,3914565522,-7.988166809082031,0,0,0,0
3914569092,1999,Rush,Township,Scioto,Property,roads,R,5,2.9,710,255,73.57512664794922,26.42487335205078,3914569092,-23.57512664794922,0,0,0,0
3914569092,2001,Rush,Township,Scioto,Property,roads,R,5,2.9,788,9,98.87076568603516,1.1292343139648438,3914569092,-48.870765686035156,0,0,0,0
3914569092,2006,Rush,Township,Scioto,Property,roads,R,5,2.9,562,178,75.9459457397461,24.054054260253906,3914569092,-25.945945739746094,0,0,0,0
3914569092,2007,Rush,Township,Scioto,Property,roads,R,5,2.9,303,379,44.42815399169922,55.57184600830078,3914569092,5.571846008300781,1,0,0,1
3914569092,2010,Rush,Township,Scioto,Property,roads,A,5,1.5,316,203,60.88631820678711,39.11368179321289,3914569092,-10.88631820678711,0,0,0,0
3914569092,2011,Rush,Township,Scioto,Property,roads,A,5,3,197,446,30.637636184692383,69.36236572265625,3914569092,19.36236572265625,1,0,0,0
3914569092,2012,Rush,Township,Scioto,Property,roads,A,5,3,551,725,43.181819915771484,56.818180084228516,3914569092,6.818180084228516,1,0,0,1
3914569092,2021,Rush,Township,Scioto,property,roads,R,5,2.9,373,194,65.78483581542969,34.21516418457031,3914569092,-15.784835815429688,0,0,0,0
3914579170,1995,Valley,Township,Scioto,Property,roads,R,5,.4,574,229,71.48194122314453,28.51805877685547,3914579170,-21.48194122314453,0,0,0,0
3914579170,1997,Valley,Township,Scioto,Property,roads,R,5,4,463,555,45.4813346862793,54.5186653137207,3914579170,4.518665313720703,1,0,1,1
3914579170,1998,Valley,Township,Scioto,Property,roads,A,5,4,355,240,59.66386413574219,40.33613586425781,3914579170,-9.6638641357421875,0,0,0,0
3914579170,2000,Valley,Township,Scioto,Property,roads,R,5,.4,440,379,53.72405242919922,46.27594757080078,3914579170,-3.7240524291992188,0,0,1,1
3914579170,2001,Valley,Township,Scioto,Property,roads,R,5,4,638,368,63.41948318481445,36.58051681518555,3914579170,-13.419483184814453,0,0,0,0
3914579170,2005,Valley,Township,Scioto,Property,roads,R,5,.4,661,340,66.033966064453125,33.966033935546875,3914579170,-16.033966064453125,0,0,0,0
3914579170,2006,Valley,Township,Scioto,Property,roads,R,5,4,546,625,46.62681579589844,53.37318420410156,3914579170,3.3731842041015625,1,0,1,1
3914579170,2011,Valley,Township,Scioto,Property,roads,R,5,.4,561,248,69.3448715209961,30.655128479003906,3914579170,-19.344871520996094,0,0,0,0
3914579170,2012,Valley,Township,Scioto,Property,roads,R,5,4,158,418,27.43055534362793,72.56944274902344,3914579170,22.569442749023438,1,0,0,0
3914579170,2014,Valley,Township,Scioto,Property,roads,R,5,.4,379,318,54.37589645385742,45.62410354614258,3914579170,-4.375896453857422,0,0,1,1
3914579170,2017,Valley,Township,Scioto,Property,roads,R,5,4,416,332,55.61497497558594,44.38502502441406,3914579170,-5.6149749755859375,0,0,0,1
3914579170,2019,Valley,Township,Scioto,property,roads,R,5,4,281,296,48.700172424316406,51.299827575683594,3914579170,1.2998275756835938,1,1,1,1
3914579170,2020,Valley,Township,Scioto,property,roads,R,5,4,343,127,72.97872161865234,27.021278381347656,3914579170,-22.978721618652344,0,0,0,0
3914579828,2002,Vernon,Township,Scioto,Property,roads,A,5,4,62,166,27.192981719970703,72.80702209472656,3914579828,22.807022094726563,1,0,0,0
3914579828,2021,Vernon,Township,Scioto,property,roads,A,5,1,102,70,59.30232620239258,40.69767379760742,3914579828,-9.302326202392578,0,0,0,0
3914581606,1993,Washington,Township,Scioto,Property,roads,R,5,2,604,266,69.42528533935547,30.57471466064453,3914581606,-19.42528533935547,0,0,0,0
3914581606,1994,Washington,Township,Scioto,Property,roads,R,-999,4,424,789,34.95465850830078,65.04534149169922,3914581606,15.045341491699219,1,0,0,0
3914581606,1996,Washington,Township,Scioto,Property,roads,R,5,2,1104,1133,49.351810455322266,50.648189544677734,3914581606,0.6481895446777344,1,1,1,1
3914581606,1998,Washington,Township,Scioto,Property,roads,R,5,4,1351,641,67.82128143310547,32.17871856689453,3914581606,-17.82128143310547,0,0,0,0
3914581606,1999,Washington,Township,Scioto,Property,roads,A,5,2,294,399,42.42424392700195,57.57575607299805,3914581606,7.575756072998047,1,0,0,0
3914581606,2001,Washington,Township,Scioto,Property,roads,R,5,2,671,738,47.62242889404297,52.37757110595703,3914581606,2.3775711059570313,1,1,1,1
3914581606,2004,Washington,Township,Scioto,Property,roads,R,5,2,597,1028,36.738460540771484,63.261539459228516,3914581606,13.261539459228516,1,0,0,0
3914581606,2005,Washington,Township,Scioto,Property,roads,R,3,4,1235,406,75.25898742675781,24.741012573242188,3914581606,-25.258987426757813,0,0,0,0
3914581606,2006,Washington,Township,Scioto,Property,roads,R,5,2,1354,301,81.81269073486328,18.18730926513672,3914581606,-31.81269073486328,0,0,0,0
3914581606,2008,Washington,Township,Scioto,Property,roads,R,5,4,428,1143,27.243793487548828,72.75621032714844,3914581606,22.756210327148438,1,0,0,0
3914581606,2010,Washington,Township,Scioto,Property,roads,R,5,2,770,656,53.997196197509766,46.002803802490234,3914581606,-3.9971961975097656,0,0,1,1
3914581606,2011,Washington,Township,Scioto,Property,roads,R,5,2,919,579,61.34846496582031,38.65153503417969,3914581606,-11.348464965820313,0,0,0,0
3914581606,2013,Washington,Township,Scioto,Property,roads,R,5,4,783,472,62.390438079833984,37.609561920166016,3914581606,-12.390438079833984,0,0,0,0
3914581606,2014,Washington,Township,Scioto,Property,roads,R,5,2,1076,563,65.64978790283203,34.35021209716797,3914581606,-15.649787902832031,0,0,0,0
3914581606,2016,Washington,Township,Scioto,Property,roads,R,5,2,779,819,48.748435974121094,51.251564025878906,3914581606,1.2515640258789063,1,1,1,1
3914581606,2017,Washington,Township,Scioto,Property,roads,R,4,4,667,433,60.6363639831543,39.3636360168457,3914581606,-10.636363983154297,0,0,0,0
3914581606,2019,Washington,Township,Scioto,property,roads,R,5,4,390,371,51.248355865478516,48.751644134521484,3914581606,-1.2483558654785156,0,1,1,1
3914776632,2010,Thompson,Township,Seneca,Property,roads,A,1000,2,155,195,44.28571319580078,55.71428680419922,3914776632,5.714286804199219,1,0,0,1
3914776778,1992,Tiffin,City,Seneca,Income,roads,A,cpt,.25,1511,4445,25.369375228881836,74.63062286376953,3976778,24.63062286376953,1,0,0,0
3914776778,1994,Tiffin,City,Seneca,Income,roads,A,5,.25,1425,5143,21.696102142333984,78.30389404296875,3976778,28.30389404296875,1,0,0,0
3914922050,2019,Dinsmore,Township,Shelby,property,roads,A,5,1,200,144,58.13953399658203,41.86046600341797,3914922050,-8.139533996582031,0,0,0,0
3914944352,2009,Lockington,Village,Shelby,Property,roads,R,5,2,351,337,51.01744079589844,48.98255920410156,3944352,-1.0174407958984375,0,1,1,1
3914944884,2017,Loramie,Township,Shelby,Property,roads,A,5,2,143,53,72.95918273925781,27.040817260742188,3914944884,-22.959182739257813,0,0,0,0
3914944884,2018,Loramie,Township,Shelby,Property,roads,R,5,2,541,595,47.62323760986328,52.37676239013672,3914944884,2.3767623901367188,1,1,1,1
3914969960,1992,Salem,Township,Shelby,Property,roads,A,5,2,579,706,45.05836486816406,54.94163513183594,3914969960,4.9416351318359375,1,0,1,1
3914969960,2016,Salem,Township,Shelby,Property,roads,A,5,2,302,524,36.561744689941406,63.438255310058594,3914969960,13.438255310058594,1,0,0,0
3914969960,2018,Salem,Township,Shelby,Property,roads,A,5,2,308,376,45.029239654541016,54.970760345458984,3914969960,4.970760345458984,1,0,1,1
3914972424,1991,Sidney,City,Shelby,Income,roads,A,5,.25,2591,2259,53.42267990112305,46.57732009887695,3972424,-3.422679901123047,0,0,1,1
3914972424,1992,Sidney,City,Shelby,Income,roads,A,5,.25,2814,1957,58.981346130371094,41.018653869628906,3972424,-8.981346130371094,0,0,0,0
3914972424,2019,Sidney,City,Shelby,income,roads,A,5,1.65,1882,1802,51.085777282714844,48.914222717285156,3972424,-1.0857772827148438,0,1,1,1
3914979464,1991,Van Buren,Township,Shelby,Property,roads,R,5,3,842,26,97.004608154296875,2.995391845703125,3914979464,-47.004608154296875,0,0,0,0
3914979464,2002,Van Buren,Township,Shelby,Property,roads,R,5,3,616,167,78.6717758178711,21.328224182128906,3914979464,-28.671775817871094,0,0,0,0
3914979464,2006,Van Buren,Township,Shelby,Property,roads,R,5,2,570,402,58.64197540283203,41.35802459716797,3914979464,-8.641975402832031,0,0,0,0
3914979464,2007,Van Buren,Township,Shelby,Property,roads,A,5,1,531,105,83.49056243896484,16.509437561035156,3914979464,-33.490562438964844,0,0,0,0
3914979464,2012,Van Buren,Township,Shelby,Property,roads,R,5,3,527,57,90.2397232055664,9.760276794433594,3914979464,-40.239723205566406,0,0,0,0
3914979464,2021,Van Buren,Township,Shelby,property,roads,R,5,3,275,81,77.2471923828125,22.7528076171875,3914979464,-27.2471923828125,0,0,0,0
3914981620,1994,Washington,Township,Shelby,Property,roads,A,5,2,190,164,53.67231750488281,46.32768249511719,3914981620,-3.6723175048828125,0,0,1,1
3914981620,2000,Washington,Township,Shelby,Property,roads,R,5,1,197,679,22.488584518432617,77.51141357421875,3914981620,27.51141357421875,1,0,0,0
3914981620,2014,Washington,Township,Shelby,Property,roads,R,5,2,446,300,59.7855224609375,40.2144775390625,3914981620,-9.7855224609375,0,0,0,0
3914981620,2018,Washington,Township,Shelby,Property,roads,R,5,2,242,361,40.13267135620117,59.86732864379883,3914981620,9.867328643798828,1,0,0,0
3915101420,2016,Alliance,City,Stark,Income,roads,A,5,.25,3210,4207,43.278953552246094,56.721046447753906,3901420,6.721046447753906,1,0,0,1
3915104458,1993,Beach City,Village,Stark,Property,roads,R,5,3,248,176,58.49056625366211,41.50943374633789,3904458,-8.49056625366211,0,0,0,0
3915104458,1998,Beach City,Village,Stark,Property,roads,A,5,2,143,197,42.05882263183594,57.94117736816406,3904458,7.9411773681640625,1,0,0,0
3915104458,2004,Beach City,Village,Stark,Property,roads,R,5,3,233,266,46.69338607788086,53.30661392211914,3904458,3.3066139221191406,1,0,1,1
3915104458,2005,Beach City,Village,Stark,Property,roads,A,5,3,126,152,45.3237419128418,54.6762580871582,3904458,4.676258087158203,1,0,1,1
3915104458,2006,Beach City,Village,Stark,Property,roads,A,5,3,161,196,45.09803771972656,54.90196228027344,3904458,4.9019622802734375,1,0,1,1
3915104458,2007,Beach City,Village,Stark,Property,roads,A,5,3,104,134,43.697479248046875,56.302520751953125,3904458,6.302520751953125,1,0,0,1
3915106180,1995,Bethlehem,Township,Stark,Property,roads,R,5,1.5,808,559,59.10753631591797,40.89246368408203,3915106180,-9.107536315917969,0,0,0,0
3915106180,2000,Bethlehem,Township,Stark,Property,roads,R,5,1.5,1190,678,63.704498291015625,36.295501708984375,3915106180,-13.704498291015625,0,0,0,0
3915106180,2005,Bethlehem,Township,Stark,Property,roads,R,5,1.5,635,451,58.47145462036133,41.52854537963867,3915106180,-8.471454620361328,0,0,0,0
3915106180,2010,Bethlehem,Township,Stark,Property,roads,R,5,1.5,912,544,62.63736343383789,37.36263656616211,3915106180,-12.63736343383789,0,0,0,0
3915106180,2015,Bethlehem,Township,Stark,Property,roads,R,5,1.5,927,363,71.86046600341797,28.13953399658203,3915106180,-21.86046600341797,0,0,0,0
3915106180,2020,Bethlehem,Township,Stark,property,roads,R,5,1.5,1330,740,64.25120544433594,35.74879455566406,3915106180,-14.251205444335938,0,0,0,0
3915108504,2000,Brewster,Village,Stark,Income,roads,A,5,.33,291,236,55.21821594238281,44.78178405761719,3908504,-5.2182159423828125,0,0,0,1
3915108504,2005,Brewster,Village,Stark,Income,roads,R,1000,.33,126,55,69.6132583618164,30.386741638183594,3908504,-19.613258361816406,0,0,0,0
3915108504,2010,Brewster,Village,Stark,Income,roads,R,5,.33,368,394,48.29396438598633,51.70603561401367,3908504,1.7060356140136719,1,1,1,1
3915108504,2013,Brewster,Village,Stark,Income,roads,A,5,.33,252,322,43.90243911743164,56.09756088256836,3908504,6.097560882568359,1,0,0,1
3915108504,2014,Brewster,Village,Stark,Income,roads,A,5,.33,285,377,43.051361083984375,56.948638916015625,3908504,6.948638916015625,1,0,0,1
3915108504,2016,Brewster,Village,Stark,Income,roads,A,5,.5,552,465,54.277286529541016,45.722713470458984,3908504,-4.277286529541016,0,0,1,1
3915111304,2012,Canal Fulton,City,Stark,Property,roads,A,3,1,1050,1424,42.44139099121094,57.55860900878906,3911304,7.5586090087890625,1,0,0,0
3915112000,2019,Canton,Township,Stark,property,roads,R,5,2.9,1348,982,57.85407638549805,42.14592361450195,3915112000,-7.854076385498047,0,0,0,0
3915112014,2014,Canton,Township,Stark,Property,roads,A,5,3.3,1453,1986,42.25065612792969,57.74934387207031,3915112014,7.7493438720703125,1,0,0,0
3915112014,2015,Canton,Township,Stark,Property,roads,A,5,2.9,786,706,52.680965423583984,47.319034576416016,3915112014,-2.6809654235839844,0,1,1,1
3915124052,1993,East Sparta,Village,Stark,Property,roads,R,5,5,198,61,76.4478759765625,23.5521240234375,3924052,-26.4478759765625,0,0,0,0
3915124052,1998,East Sparta,Village,Stark,Property,roads,R,5,5,189,116,61.96721267700195,38.03278732299805,3924052,-11.967212677001953,0,0,0,0
3915124052,2003,East Sparta,Village,Stark,Property,roads,R,5,5,150,55,73.17073059082031,26.829269409179688,3924052,-23.170730590820313,0,0,0,0
3915124052,2008,East Sparta,Village,Stark,Property,roads,R,5,5,289,108,72.79596710205078,27.20403289794922,3924052,-22.79596710205078,0,0,0,0
3915124052,2013,East Sparta,Village,Stark,Property,roads,R,5,5,115,50,69.69696807861328,30.30303192138672,3924052,-19.69696807861328,0,0,0,0
3915124052,2018,East Sparta,Village,Stark,Property,roads,R,5,5,173,117,59.655174255371094,40.344825744628906,3924052,-9.655174255371094,0,0,0,0
3915134328,2021,Hartville,Village,Stark,income,roads,A,5,.5,137,190,41.89602279663086,58.10397720336914,3934328,8.10397720336914,1,0,0,0
3915135532,2012,Hills and Dales,Village,Stark,Property,roads,A,5,5,105,73,58.988765716552734,41.011234283447266,3935532,-8.988765716552734,0,0,0,0
3915135532,2017,Hills and Dales,Village,Stark,Property,roads,R,5,5,100,9,91.74311828613281,8.2568817138671875,3935532,-41.74311828613281,0,0,0,0
3915138094,1993,Jackson,Township,Stark,Property,roads,R,5,3,4819,2543,65.45775604248047,34.54224395751953,3915138094,-15.457756042480469,0,0,0,0
3915138094,1998,Jackson,Township,Stark,Property,roads,R,5,3,4303,3265,56.85782241821289,43.14217758178711,3915138094,-6.857822418212891,0,0,0,1
3915138094,2003,Jackson,Township,Stark,Property,roads,R,5,3,3992,1787,69.07769775390625,30.92230224609375,3915138094,-19.07769775390625,0,0,0,0
3915138094,2007,Jackson,Township,Stark,Property,roads,R,5,3,6156,3317,64.98469543457031,35.01530456542969,3915138094,-14.984695434570313,0,0,0,0
3915138094,2013,Jackson,Township,Stark,Property,roads,R,5,3,5321,2005,72.63172149658203,27.36827850341797,3915138094,-22.63172149658203,0,0,0,0
3915138094,2018,Jackson,Township,Stark,Property,roads,R,5,4,4527,2753,62.18406677246094,37.81593322753906,3915138094,-12.184066772460938,0,0,0,0
3915141314,1993,Lake,Township,Stark,Property,roads,A,5,1.5,2111,1393,60.24543380737305,39.75456619262695,3915141314,-10.245433807373047,0,0,0,0
3915141314,1994,Lake,Township,Stark,Property,roads,A,5,1.5,4072,1899,68.19628143310547,31.80371856689453,3915141314,-18.19628143310547,0,0,0,0
3915141314,1995,Lake,Township,Stark,Property,roads,R,5,1.5,4666,1255,78.80425262451172,21.19574737548828,3915141314,-28.80425262451172,0,0,0,0
3915141314,1998,Lake Township Road District,Road District,Stark,Property,roads,R,5,1.25,7451,7,99.90614318847656,0.0938568115234375,NA,-49.90614318847656,0,0,0,0
3915141314,1999,Lake,Township,Stark,Property,roads,R,5,1.25,4823,1592,75.18316650390625,24.81683349609375,3915141314,-25.18316650390625,0,0,0,0
3915141314,2002,Lake,Township,Stark,Property,roads,R,5,1.5,3898,1854,67.767730712890625,32.232269287109375,3915141314,-17.767730712890625,0,0,0,0
3915141314,2004,Lake,Township,Stark,Property,roads,R,5,1.25,3293,5172,38.90135955810547,61.09864044189453,3915141314,11.098640441894531,1,0,0,0
3915141314,2005,Lake,Township,Stark,Property,roads,R,5,1.5,8076,6315,56.118408203125,43.881591796875,3915141314,-6.118408203125,0,0,0,1
3915141314,2010,Lake,Township,Stark,Property,roads,R,5,1.25,7182,3869,64.989593505859375,35.010406494140625,3915141314,-14.989593505859375,0,0,0,0
3915141314,2011,Lake,Township,Stark,Property,roads,R,5,1.5,6411,1415,81.91924285888672,18.08075714111328,3915141314,-31.91924285888672,0,0,0,0
3915141314,2014,Lake,Township,Stark,Property,roads,R,5,1.25,3077,2927,51.249168395996094,48.750831604003906,3915141314,-1.2491683959960938,0,1,1,1
3915141314,2015,Lake,Township,Stark,Property,roads,R,5,1.5,4967,2304,68.3124771118164,31.687522888183594,3915141314,-18.312477111816406,0,0,0,0
3915141314,2020,Lake,Township,Stark,property,roads,R,5,1.5,10473,5099,67.25533294677734,32.744667053222656,3915141314,-17.255332946777344,0,0,0,0
3915142168,1993,Lawrence,Township,Stark,Property,roads,R,5,1.4,1186,997,54.32890701293945,45.67109298706055,3915142168,-4.328907012939453,0,0,1,1
3915142168,1995,Lawrence,Township,Stark,Property,roads,R,5,1,1298,596,68.5322036743164,31.467796325683594,3915142168,-18.532203674316406,0,0,0,0
3915142168,1997,Lawrence Township Road District,Road District,Stark,Property,roads,R,5,1,1985,48,97.63895416259766,2.3610458374023438,NA,-47.638954162597656,0,0,0,0
3915142168,1998,Lawrence,Township,Stark,Property,roads,R,5,1.4,1970,1175,62.63911056518555,37.36088943481445,3915142168,-12.639110565185547,0,0,0,0
3915142168,2000,Lawrence,Township,Stark,Property,roads,R,5,1,1761,1522,53.63996505737305,46.36003494262695,3915142168,-3.639965057373047,0,0,1,1
3915142168,2002,Lawrence,Township,Stark,Property,roads,R,5,1.4,1673,1285,56.55848693847656,43.44151306152344,3915142168,-6.5584869384765625,0,0,0,1
3915142168,2005,Lawrence,Township,Stark,Property,roads,R,5,1,1254,969,56.410255432128906,43.589744567871094,3915142168,-6.410255432128906,0,0,0,1
3915142168,2008,Lawrence,Township,Stark,Property,roads,R,5,1.4,1899,2032,48.308319091796875,51.691680908203125,3915142168,1.691680908203125,1,1,1,1
3915142168,2010,Lawrence,Township,Stark,Property,roads,R,5,1,2451,1420,63.31697082519531,36.68302917480469,3915142168,-13.316970825195313,0,0,0,0
3915142168,2012,Lawrence,Township,Stark,Property,roads,R,5,1.4,1658,2161,43.41450500488281,56.58549499511719,3915142168,6.5854949951171875,1,0,0,1
3915142168,2014,Lawrence,Township,Stark,Property,roads,R,5,1,686,1369,33.381996154785156,66.61800384521484,3915142168,16.618003845214844,1,0,0,0
3915142168,2017,Lawrence Township Road District,Road District,Stark,Property,roads,R,5,1.4,2487,429,85.2880630493164,14.711936950683594,NA,-35.288063049316406,0,0,0,0
3915143022,2003,Lexington,Township,Stark,Property,roads,R,5,1.7,1207,408,74.7368392944336,25.263160705566406,3915143022,-24.736839294433594,0,0,0,0
3915143022,2008,Lexington,Township,Stark,Property,roads,R,5,1.7,1031,776,57.05589294433594,42.94410705566406,3915143022,-7.0558929443359375,0,0,0,1
3915143022,2012,Lexington,Township,Stark,Property,roads,R,5,1.7,1241,720,63.28403854370117,36.71596145629883,3915143022,-13.284038543701172,0,0,0,0
3915143022,2017,Lexington,Township,Stark,Property,roads,R,5,1.7,986,586,62.7226448059082,37.2773551940918,3915143022,-12.722644805908203,0,0,0,0
3915143022,2020,Lexington,Township,Stark,property,roads,R,5,1.7,1732,787,68.7574462890625,31.2425537109375,3915143022,-18.7574462890625,0,0,0,0
3915145094,2015,Louisville,City,Stark,Property,roads,A,5,2.7,877,544,61.71710205078125,38.28289794921875,3945094,-11.71710205078125,0,0,0,0
3915147936,1993,Marlboro,Township,Stark,Property,roads,R,5,2,1620,1292,55.631866455078125,44.368133544921875,3915147936,-5.631866455078125,0,0,0,1
3915147936,1997,Marlboro,Township,Stark,Property,roads,R,5,2,1214,655,64.95452117919922,35.04547882080078,3915147936,-14.954521179199219,0,0,0,0
3915147936,2000,Marlboro,Township,Stark,Property,roads,A,5,2,372,996,27.192981719970703,72.80702209472656,3915147936,22.807022094726563,1,0,0,0
3915147936,2005,Marlboro,Township,Stark,Property,roads,R,5,2,720,410,63.71681594848633,36.28318405151367,3915147936,-13.716815948486328,0,0,0,0
3915147936,2010,Marlboro,Township,Stark,Property,roads,R,5,2,1056,495,68.0851058959961,31.914894104003906,3915147936,-18.085105895996094,0,0,0,0
3915147936,2014,Marlboro,Township,Stark,Property,roads,R,5,2,1155,205,84.92646789550781,15.073532104492188,3915147936,-34.92646789550781,0,0,0,0
3915147936,2021,Marlboro,Township,Stark,property,roads,R,5,2,868,366,70.3403549194336,29.659645080566406,3915147936,-20.340354919433594,0,0,0,0
3915148244,1992,Massillon,City,Stark,Income,roads,A,N/A,.2,3857,6662,36.66698455810547,63.33301544189453,3948244,13.333015441894531,1,0,0,0
3915148244,2017,Massillon,City,Stark,Income,roads,A,5,.2,2048,2745,42.728981018066406,57.271018981933594,3948244,7.271018981933594,1,0,0,1
3915148244,2021,Massillon,City,Stark,income,roads,R,5,.2,1071,522,67.23163604736328,32.76836395263672,3948244,-17.23163604736328,0,0,0,0
3915149294,1991,Meyers Lake,Village,Stark,Property,roads,R,5,5,265,7757,3.303415536880493,96.69658660888672,3949294,46.69658660888672,1,0,0,0
3915153690,2021,Navarre,Village,Stark,income,roads,A,N/A,.25,97,187,34.154930114746094,65.8450698852539,3953690,15.845069885253906,1,0,0,0
3915155944,1991,Nimishillen,Township,Stark,Property,roads,R,5,1,2416,2608,48.08917236328125,51.91082763671875,3915155944,1.91082763671875,1,1,1,1
3915155944,1992,Nimishillen,Township,Stark,Property,roads,A,5,1.5,1146,2833,28.801206588745117,71.19879150390625,3915155944,21.19879150390625,1,0,0,0
3915155944,1993,Nimishillen,Township,Stark,Property,roads,A,-999,1.75,1861,1352,57.92094802856445,42.07905197143555,3915155944,-7.920948028564453,0,0,0,0
3915155944,1994,Nimishillen,Township,Stark,Property,roads,A,5,1.75,649,851,43.266666412353516,56.733333587646484,3915155944,6.733333587646484,1,0,0,1
3915155944,1995,Nimishillen,Township,Stark,Property,roads,A,5,1,1504,1328,53.10734558105469,46.89265441894531,3915155944,-3.1073455810546875,0,0,1,1
3915155944,1996,Nimishillen,Township,Stark,Property,roads,R,-999,1,1451,1943,42.751914978027344,57.248085021972656,3915155944,7.248085021972656,1,0,0,1
3915155944,1997,Nimishillen,Township,Stark,Property,roads,A,5,.75,1760,1206,59.339176177978516,40.660823822021484,3915155944,-9.339176177978516,0,0,0,0
3915155944,1998,Nimishillen,Township,Stark,Property,roads,A,5,.75,820,1903,30.113845825195313,69.88615417480469,3915155944,19.886154174804688,1,0,0,0
3915155944,1999,Nimishillen,Township,Stark,Property,roads,R,5,1,1667,737,69.34276580810547,30.65723419189453,3915155944,-19.34276580810547,0,0,0,0
3915155944,2000,Nimishillen,Township,Stark,Property,roads,A,5,1,904,2072,30.376344680786133,69.6236572265625,3915155944,19.6236572265625,1,0,0,0
3915155944,2003,Nimishillen,Township,Stark,Property,roads,R,5,1,2346,1450,61.80189514160156,38.19810485839844,3915155944,-11.801895141601563,0,0,0,0
3915155944,2005,Nimishillen,Township,Stark,Property,roads,R,5,1,11554,1889,85.94807434082031,14.051925659179688,3915155944,-35.94807434082031,0,0,0,0
3915155944,2006,Nimishillen,Township,Stark,Property,roads,R,5,1,1821,2553,41.63237380981445,58.36762619018555,3915155944,8.367626190185547,1,0,0,0
3915155944,2010,Nimishillen,Township,Stark,Property,roads,R,5,1,1073,2379,31.08342933654785,68.91657257080078,3915155944,18.91657257080078,1,0,0,0
3915155944,2011,Nimishillen,Township,Stark,Property,roads,A,5,1,1493,703,67.98725128173828,32.01274871826172,3915155944,-17.98725128173828,0,0,0,0
3915155944,2014,Nimishillen,Township,Stark,Property,roads,R,5,1,773,1084,41.626277923583984,58.373722076416016,3915155944,8.373722076416016,1,0,0,0
3915155944,2016,Nimishillen,Township,Stark,Property,roads,R,5,1,1954,2618,42.738407135009766,57.261592864990234,3915155944,7.261592864990234,1,0,0,1
3915155944,2017,Nimishillen,Township,Stark,Property,roads,R,5,2,2132,552,79.43367767333984,20.566322326660156,3915155944,-29.433677673339844,0,0,0,0
3915155944,2020,Nimishillen,Township,Stark,property,roads,R,5,2,3280,2288,58.90804672241211,41.09195327758789,3915155944,-8.90804672241211,0,0,0,0
3915156294,1999,North Canton,City,Stark,Property,roads,R,5,1,3955,1443,73.26787567138672,26.73212432861328,3956294,-23.26787567138672,0,0,0,0
3915156294,2004,North Canton,City,Stark,Property,roads,R,5,1,3711,4245,46.64404296875,53.35595703125,3956294,3.35595703125,1,0,1,1
3915156294,2009,North Canton,City,Stark,Property,roads,A,5,1,2837,2325,54.95931625366211,45.04068374633789,3956294,-4.959316253662109,0,0,1,1
3915156294,2010,North Canton,City,Stark,Property,roads,R,5,1,2837,1180,70.624847412109375,29.375152587890625,3956294,-20.624847412109375,0,0,0,0
3915156294,2012,North Canton,City,Stark,Property,roads,R,5,1,2731,2427,52.94688034057617,47.05311965942383,3956294,-2.946880340576172,0,1,1,1
3915156294,2017,North Canton,City,Stark,Property,roads,R,5,1,4039,176,95.8244400024414,4.175559997558594,3956294,-45.824440002441406,0,0,0,0
3915156294,2019,North Canton,City,Stark,property,roads,R,5,1,3211,1358,70.27796173095703,29.72203826904297,3956294,-20.27796173095703,0,0,0,0
3915158926,1996,Osnaburg,Township,Stark,Property,roads,R,5,3,1139,1204,48.61288833618164,51.38711166381836,3915158926,1.3871116638183594,1,1,1,1
3915158926,2002,Osnaburg,Township,Stark,Property,roads,R,5,3,434,462,48.4375,51.5625,3915158926,1.5625,1,1,1,1
3915158926,2004,Osnaburg,Township,Stark,Property,roads,R,5,3,751,1594,32.02558517456055,67.97441101074219,3915158926,17.974411010742188,1,0,0,0
3915158926,2005,Osnaburg,Township,Stark,Property,roads,A,1000,3,538,795,40.36008834838867,59.63991165161133,3915158926,9.639911651611328,1,0,0,0
3915159850,1993,Paris Township Road District #1,Road District,Stark,Property,roads,A,10,4,351,209,62.67856979370117,37.32143020629883,NA,-12.678569793701172,0,0,0,0
3915159850,1994,Paris,Township,Stark,Property,roads,R,5,2,680,826,45.1527214050293,54.8472785949707,3915159850,4.847278594970703,1,0,1,1
3915159850,1996,Paris,Township,Stark,Property,roads,A,5,4,478,787,37.78656005859375,62.21343994140625,3915159850,12.21343994140625,1,0,0,0
3915159850,1997,Paris,Township,Stark,Property,roads,A,5,3,729,357,67.1270751953125,32.8729248046875,3915159850,-17.1270751953125,0,0,0,0
3915159850,2001,Paris,Township,Stark,Property,roads,A,5,3,314,571,35.480224609375,64.519775390625,3915159850,14.519775390625,1,0,0,0
3915159850,2002,Paris,Township,Stark,Property,roads,R,5,2,749,635,54.11849594116211,45.88150405883789,3915159850,-4.118495941162109,0,0,1,1
3915159850,2006,Paris,Township,Stark,Property,roads,R,5,2,547,728,42.90196228027344,57.09803771972656,3915159850,7.0980377197265625,1,0,0,1
3915159850,2014,Paris,Township,Stark,Property,roads,R,5,2,279,339,45.1456298828125,54.8543701171875,3915159850,4.8543701171875,1,0,1,1
3915159850,2018,Paris,Township,Stark,Property,roads,R,5,2,725,1839,28.27613067626953,71.72386932373047,3915159850,21.72386932373047,1,0,0,0
3915159850,2020,Paris,Township,Stark,property,roads,A,5,2,958,944,50.36803436279297,49.63196563720703,3915159850,-0.36803436279296875,0,1,1,1
3915162078,1992,Perry,Township,Stark,Property,roads,R,5,2,5837,706,89.2098388671875,10.7901611328125,3915162078,-39.2098388671875,0,0,0,0
3915162078,1999,Perry,Township,Stark,Property,roads,R,5,2,6101,2252,73.03962707519531,26.960372924804688,3915162078,-23.039627075195313,0,0,0,0
3915162078,2001,Perry,Township,Stark,Property,roads,R,5,2,5866,2709,68.40816497802734,31.591835021972656,3915162078,-18.408164978027344,0,0,0,0
3915162078,2004,Perry,Township,Stark,Property,roads,R,5,2,4912,5161,48.76402282714844,51.23597717285156,3915162078,1.2359771728515625,1,1,1,1
3915162078,2009,Perry,Township,Stark,Property,roads,R,5,2,7360,1163,86.35456848144531,13.645431518554688,3915162078,-36.35456848144531,0,0,0,0
3915162078,2013,Perry,Township,Stark,Property,roads,R,5,2,3140,1626,65.88333892822266,34.116661071777344,3915162078,-15.883338928222656,0,0,0,0
3915162078,2015,Perry,Township,Stark,Property,roads,A,5,1,2101,1041,66.86824035644531,33.13175964355469,3915162078,-16.868240356445313,0,0,0,0
3915162078,2019,Perry,Township,Stark,property,roads,R,5,1,4299,1874,69.6419906616211,30.358009338378906,3915162078,-19.641990661621094,0,0,0,0
3915162078,2021,Perry,Township,Stark,property,roads,R,5,2,1181,437,72.99134826660156,27.008651733398438,3915162078,-22.991348266601563,0,0,0,0
3915162694,1991,Pike Township Road District,Road District,Stark,Property,roads,R,5,1,506,274,64.871795654296875,35.128204345703125,NA,-14.871795654296875,0,0,0,0
3915162694,1996,Pike,Township,Stark,Property,roads,R,5,1,922,380,70.81413269042969,29.185867309570313,3915162694,-20.814132690429688,0,0,0,0
3915162694,2001,Pike,Township,Stark,Property,roads,R,5,1,754,213,77.973114013671875,22.026885986328125,3915162694,-27.973114013671875,0,0,0,0
3915162694,2006,Pike,Township,Stark,Property,roads,R,5,1,678,368,64.818359375,35.181640625,3915162694,-14.818359375,0,0,0,0
3915162694,2011,Pike,Township,Stark,Property,roads,R,5,1,1052,855,55.16518020629883,44.83481979370117,3915162694,-5.165180206298828,0,0,0,1
3915162694,2013,Pike,Township,Stark,property,roads,A,5,1.5,372,118,75.918365478515625,24.081634521484375,3915162694,-25.918365478515625,0,0,0,0
3915162988,1992,Plain,Township,Stark,Property,roads,R,5,1.5,5570,7951,41.1951789855957,58.8048210144043,3915162988,8.804821014404297,1,0,0,0
3915162988,1996,Plain,Township,Stark,Property,roads,R,3,.5,5629,5567,50.276885986328125,49.723114013671875,3915162988,-0.276885986328125,0,1,1,1
3915162988,1997,Plain,Township,Stark,Property,roads,R,5,1.5,9784,3964,71.166717529296875,28.833282470703125,3915162988,-21.166717529296875,0,0,0,0
3915162988,1999,Plain,Township,Stark,Property,roads,R,3,.5,10919,4207,72.18696594238281,27.813034057617188,3915162988,-22.186965942382813,0,0,0,0
3915162988,2000,Plain,Township,Stark,Property,roads,R,3,.5,7294,8370,46.565372467041016,53.434627532958984,3915162988,3.4346275329589844,1,0,1,1
3915162988,2006,Plain,Township,Stark,Property,roads,R,5,1.5,7308,4656,61.083248138427734,38.916751861572266,3915162988,-11.083248138427734,0,0,0,0
3915162988,2007,Plain,Township,Stark,Property,roads,A,5,.5,7367,2914,71.65645599365234,28.343544006347656,3915162988,-21.656455993652344,0,0,0,0
3915162988,2011,Plain,Township,Stark,Property,roads,R,5,1.5,2193,4726,31.695331573486328,68.30467224121094,3915162988,18.304672241210938,1,0,0,0
3915162988,2015,Plain,Township,Stark,property,roads,R,5,1.5,4479,4808,48.22870635986328,51.77129364013672,3915162988,1.7712936401367188,1,1,1,1
3915162988,2016,Plain,Township,Stark,Property,roads,A,5,1.5,6070,8080,42.897525787353516,57.102474212646484,3915162988,7.102474212646484,1,0,0,1
3915162988,2019,Plain Township Road District,Township,Stark,property,roads,R,5,1.5,4682,2286,67.19287872314453,32.80712127685547,3915162988,-17.19287872314453,0,0,0,0
3915162988,2021,Plain,Township,Stark,property,roads,R,5,1.5,3325,1369,70.8351058959961,29.164894104003906,3915162988,-20.835105895996094,0,0,0,0
3915175208,1992,Sugar Creek,Township,Stark,Property,roads,R,5,2.3,386,689,35.906978607177734,64.093017578125,3915175208,14.093017578125,1,0,0,0
3915175208,1999,Sugar Creek,Township,Stark,Property,roads,R,5,3.3,560,373,60.02143478393555,39.97856521606445,3915175208,-10.021434783935547,0,0,0,0
3915175208,2002,Sugar Creek,Township,Stark,Property,roads,R,5,3.3,474,232,67.13880920410156,32.86119079589844,3915175208,-17.138809204101563,0,0,0,0
3915175208,2007,Sugar Creek,Township,Stark,Property,roads,R,5,3.3,687,196,77.802947998046875,22.197052001953125,3915175208,-27.802947998046875,0,0,0,0
3915175208,2012,Sugar Creek,Township,Stark,Property,roads,R,5,2.3,536,463,53.65365219116211,46.34634780883789,3915175208,-3.6536521911621094,0,0,1,1
3915175208,2020,Sugarcreek,Township,Stark,property,roads,R,10,2.3,293,125,70.09569549560547,29.90430450439453,3915175208,-20.09569549560547,0,0,0,0
3915177910,1999,Tuscarawas,Township,Stark,Property,roads,R,5,1.5,1422,669,68.0057373046875,31.9942626953125,3915177910,-18.0057373046875,0,0,0,0
3915177910,2004,Tuscarawas,Township,Stark,Property,roads,R,5,1.5,1569,1128,58.175750732421875,41.824249267578125,3915177910,-8.175750732421875,0,0,0,0
3915177910,2007,Tuscarawas,Township,Stark,Property,roads,R,5,1.5,1939,398,82.96961975097656,17.030380249023438,3915177910,-32.96961975097656,0,0,0,0
3915177910,2012,Tuscarawas,Township,Stark,Property,roads,R,5,1.5,1534,876,63.651451110839844,36.348548889160156,3915177910,-13.651451110839844,0,0,0,0
3915177910,2018,Tuscarawas,Township,Stark,Property,roads,R,5,1.5,1336,381,77.81013488769531,22.189865112304688,3915177910,-27.810134887695313,0,0,0,0
3915177910,2020,Tuscarawas,Township,Stark,property,roads,R,5,1.5,631,297,67.99568939208984,32.004310607910156,3915177910,-17.995689392089844,0,0,0,0
3915181634,1995,Washington,Township,Stark,Property,roads,R,5,1.25,1112,398,73.64238739013672,26.35761260986328,3915181634,-23.64238739013672,0,0,0,0
3915181634,1996,Washington,Township,Stark,Property,roads,R,5,1.5,1069,937,53.290130615234375,46.709869384765625,3915181634,-3.290130615234375,0,0,1,1
3915181634,2004,Washington,Township,Stark,Property,roads,R,5,1.5,690,708,49.356224060058594,50.643775939941406,3915181634,0.64377593994140625,1,1,1,1
3915181634,2009,Washington,Township,Stark,Property,roads,R,5,2,351,491,41.68646240234375,58.31353759765625,3915181634,8.31353759765625,1,0,0,0
3915181634,2010,Washington,Township,Stark,Property,roads,R,5,1.25,994,2504,28.41623878479004,71.5837631225586,3915181634,21.583763122558594,1,0,0,0
3915181634,2016,Washington,Township,Stark,Property,roads,R,5,1.25,1631,712,69.61161041259766,30.388389587402344,3915181634,-19.611610412597656,0,0,0,0
3915182376,1995,Waynesburg,Village,Stark,Property,roads,A,-999,2,105,124,45.85152816772461,54.14847183227539,3982376,4.148471832275391,1,0,1,1
3915182376,1996,Waynesburg,Village,Stark,Property,roads,A,5,2,178,224,44.27860641479492,55.72139358520508,3982376,5.721393585205078,1,0,0,1
3915182376,2001,Waynesburg,Village,Stark,Property,roads,A,5,2,112,84,57.14285659790039,42.85714340209961,3982376,-7.142856597900391,0,0,0,1
3915182376,2007,Waynesburg,Village,Stark,Property,roads,R,5,2,156,142,52.34899139404297,47.65100860595703,3982376,-2.3489913940429688,0,1,1,1
3915182376,2010,Waynesburg,Village,Stark,Property,roads,R,1000,2,170,136,55.55555725097656,44.44444274902344,3982376,-5.5555572509765625,0,0,0,1
3915182376,2015,Waynesburg,Village,Stark,Property,roads,R,5,2,155,476,24.564184188842773,75.4358139038086,3982376,25.435813903808594,1,0,0,0
3915303828,2013,Barberton,City,Summit,Income,roads,A,-999,.25,2100,1780,54.12371063232422,45.87628936767578,3903828,-4.123710632324219,0,0,1,1
3915304248,1991,Bath,Township,Summit,Property,roads,R,5,2,2624,1013,72.14737701416016,27.852622985839844,3915304248,-22.147377014160156,0,0,0,0
3915304248,1992,Bath,Township,Summit,Property,roads,R,5,1.5,3936,1626,70.76591491699219,29.234085083007813,3915304248,-20.765914916992188,0,0,0,0
3915304248,1996,Bath,Township,Summit,Property,roads,R,5,2,3841,1549,71.2615966796875,28.7384033203125,3915304248,-21.2615966796875,0,0,0,0
3915304248,1997,Bath,Township,Summit,Property,roads,A,5,.5,304,320,48.71794891357422,51.28205108642578,3915304248,1.2820510864257813,1,1,1,1
3915304248,2001,Bath,Township,Summit,Property,roads,R,1000,2,1651,1165,58.6292610168457,41.3707389831543,3915304248,-8.629261016845703,0,0,0,0
3915304248,2002,Bath,Township,Summit,Property,roads,R,5,1.5,2764,1324,67.6125259399414,32.387474060058594,3915304248,-17.612525939941406,0,0,0,0
3915304248,2006,Bath,Township,Summit,Property,roads,R,5,1.45,3724,1174,76.031036376953125,23.968963623046875,3915304248,-26.031036376953125,0,0,0,0
3915304248,2011,Bath,Township,Summit,Property,roads,R,5,1.4,2920,1160,71.5686264038086,28.431373596191406,3915304248,-21.568626403808594,0,0,0,0
3915304248,2016,Bath,Township,Summit,Property,roads,R,5,1.4,4575,1586,74.2574234008789,25.742576599121094,3915304248,-24.257423400878906,0,0,0,0
3915304248,2021,Bath,Township,Summit,property,roads,A,5,2,1322,944,58.3406867980957,41.6593132019043,3915304248,-8.340686798095703,0,0,0,0
3915307790,1992,Boston Heights,Village,Summit,Property,roads,A,5,3.5,84,49,63.157894134521484,36.842105865478516,3907790,-13.157894134521484,0,0,0,0
3915307790,1996,Boston Heights,Village,Summit,Property,roads,R,5,3.5,261,185,58.520179748535156,41.479820251464844,3907790,-8.520179748535156,0,0,0,0
3915307790,2001,Boston Heights,Village,Summit,Property,roads,R,5,3,182,102,64.08451080322266,35.915489196777344,3907790,-14.084510803222656,0,0,0,0
3915307790,2006,Boston Heights,Village,Summit,Property,roads,R,5,2.75,359,226,61.367523193359375,38.632476806640625,3907790,-11.367523193359375,0,0,0,0
3915307790,2011,Boston Heights,Village,Summit,Property,roads,R,5,2.75,423,203,67.57188415527344,32.42811584472656,3907790,-17.571884155273438,0,0,0,0
3915307790,2013,Boston Heights,Village,Summit,Property,roads,A,1000,2.75,127,234,35.1800537109375,64.8199462890625,3907790,14.8199462890625,1,0,0,0
3915307790,2016,Boston Heights,Village,Summit,Property,roads,R,5,2.75,552,259,68.064117431640625,31.935882568359375,3907790,-18.064117431640625,0,0,0,0
3915307790,2021,Boston Heights,Village,Summit,property,roads,R,5,2.75,203,83,70.97901916503906,29.020980834960938,3907790,-20.979019165039063,0,0,0,0
3915316182,2006,Clinton,Village,Summit,Property,roads,A,1000,4,199,309,39.1732292175293,60.8267707824707,3916182,10.826770782470703,1,0,0,0
3915318658,1993,Copley,Township,Summit,Property,roads,R,3,3.3,1552,910,63.03818130493164,36.96181869506836,3915318658,-13.03818130493164,0,0,0,0
3915318658,1996,Copley,Township,Summit,Property,roads,R,3,3.3,3123,2219,58.46125030517578,41.53874969482422,3915318658,-8.461250305175781,0,0,0,0
3915318658,1999,Copley,Township,Summit,Property,roads,R,3,3.3,1446,435,76.8740005493164,23.125999450683594,3915318658,-26.874000549316406,0,0,0,0
3915318658,2002,Copley,Township,Summit,Property,roads,R,3,3.3,2768,2016,57.85953140258789,42.14046859741211,3915318658,-7.859531402587891,0,0,0,0
3915318658,2005,Copley,Township,Summit,Property,roads,R,3,2.5,2954,1166,71.69902801513672,28.30097198486328,3915318658,-21.69902801513672,0,0,0,0
3915318658,2008,Copley,Township,Summit,Property,roads,R,3,2.5,5594,2919,65.71126556396484,34.288734436035156,3915318658,-15.711265563964844,0,0,0,0
3915318658,2011,Copley,Township,Summit,Property,roads,R,3,2.5,3987,1568,71.77317810058594,28.226821899414063,3915318658,-21.773178100585938,0,0,0,0
3915318658,2014,Copley,Township,Summit,Property,roads,R,3,2.5,3375,1501,69.21656799316406,30.783432006835938,3915318658,-19.216567993164063,0,0,0,0
3915318658,2017,Copley,Township,Summit,Property,roads,R,3,2.5,3047,958,76.07990264892578,23.92009735107422,3915318658,-26.07990264892578,0,0,0,0
3915318658,2020,Copley,Township,Summit,property,roads,R,cpt,2.5,7177,2940,70.94000244140625,29.05999755859375,3915318658,-20.94000244140625,0,0,0,0
3915319036,1992,Coventry,Township,Summit,Property,roads,A,5,1,2691,2650,50.38382339477539,49.61617660522461,3915319036,-0.3838233947753906,0,1,1,1
3915319036,1997,Coventry,Township,Summit,Property,roads,R,5,1,877,529,62.37553405761719,37.62446594238281,3915319036,-12.375534057617188,0,0,0,0
3915319036,2001,Coventry,Township,Summit,Property,roads,R,5,1,1272,950,57.245723724365234,42.754276275634766,3915319036,-7.245723724365234,0,0,0,1
3915319036,2006,Coventry,Township,Summit,Property,roads,R,5,1,2228,1890,54.10393524169922,45.89606475830078,3915319036,-4.103935241699219,0,0,1,1
3915319036,2011,Coventry,Township,Summit,Property,roads,R,5,1,1559,1736,47.31411361694336,52.68588638305664,3915319036,2.6858863830566406,1,1,1,1
3915319036,2012,Coventry,Township,Summit,property,roads,R,5,1,885,639,58.070865631103516,41.929134368896484,3915319036,-8.070865631103516,0,0,0,0
3915319036,2016,Coventry,Township,Summit,Property,roads,A,5,2.5,2652,2390,52.598175048828125,47.401824951171875,3915319036,-2.598175048828125,0,1,1,1
3915319036,2021,Coventry,Township,Summit,property,roads,R,5,2.5,852,727,53.95820236206055,46.04179763793945,3915319036,-3.958202362060547,0,0,1,1
3915328448,1992,Franklin,Township,Summit,Property,roads,A,5,2,3480,4249,45.025230407714844,54.974769592285156,3915328448,4.974769592285156,1,0,1,1
3915328448,1993,Franklin,Township,Summit,Property,roads,A,5,2,1964,2263,46.46321105957031,53.53678894042969,3915328448,3.5367889404296875,1,0,1,1
3915328448,1994,Franklin,Township,Summit,Property,roads,R,5,1,3001,3242,48.06983947753906,51.93016052246094,3915328448,1.9301605224609375,1,1,1,1
3915328448,1995,Franklin,Township,Summit,Property,roads,A,5,1,2129,2896,42.368160247802734,57.631839752197266,3915328448,7.631839752197266,1,0,0,0
3915328448,1996,Franklin,Township,Summit,Property,roads,A,5,1.5,2834,4359,39.399417877197266,60.600582122802734,3915328448,10.600582122802734,1,0,0,0
3915328448,1997,Franklin,Township,Summit,Property,roads,A,5,1,2602,2779,48.355323791503906,51.644676208496094,3915328448,1.6446762084960938,1,1,1,1
3915336651,1991,Hudson,Township,Summit,Property,roads,A,5,.51,1173,1770,39.8572883605957,60.1427116394043,3915336651,10.142711639404297,1,0,0,0
3915336651,1992,Hudson,City,Summit,Property,roads,R,5,2,3968,2835,58.32720947265625,41.67279052734375,3936651,-8.32720947265625,0,0,0,0
3915341454,1993,Lakemore,Village,Summit,Income,roads,A,N/A,.25,345,1147,23.12332534790039,76.876678466796875,3941454,26.876678466796875,1,0,0,0
3915345976,2017,Macedonia,City,Summit,Income,roads,A,10,.25,2816,933,75.11336517333984,24.886634826660156,3945976,-25.113365173339844,0,0,0,0
3915345976,2018,Macedonia,City,Summit,Income,roads,A,5,.5,499,1396,26.332454681396484,73.66754150390625,3945976,23.66754150390625,1,0,0,0
3915353312,2017,Munroe Falls,City,Summit,Property,roads,A,10,2,1510,330,82.065216064453125,17.934783935546875,3953312,-32.065216064453125,0,0,0,0
3915356448,1996,Northfield,Village,Summit,Income,roads,A,-999,.5,252,671,27.302274703979492,72.697723388671875,3956448,22.697723388671875,1,0,0,0
3915356490,1993,Northfield Center,Township,Summit,Property,roads,R,5,2.78,1842,5987,23.527908325195313,76.47209167480469,3915356490,26.472091674804688,1,0,0,0
3915356490,1995,Northfield Center,Township,Summit,Property,roads,R,5,2.42,967,460,67.76454162597656,32.23545837402344,3915356490,-17.764541625976563,0,0,0,0
3915356490,2000,Northfield Center,Township,Summit,Property,roads,R,5,1.89,966,929,50.976253509521484,49.023746490478516,3915356490,-0.9762535095214844,0,1,1,1
3915356490,2003,Northfield Center,Township,Summit,Property,roads,R,5,2.42,1148,591,66.01495361328125,33.98504638671875,3915356490,-16.01495361328125,0,0,0,0
3915356490,2005,Northfield Center,Township,Summit,Property,roads,R,5,1.4,1515,605,71.46226501464844,28.537734985351563,3915356490,-21.462265014648438,0,0,0,0
3915356490,2007,Northfield Center,Township,Summit,Property,roads,R,5,2.42,994,645,60.64673614501953,39.35326385498047,3915356490,-10.646736145019531,0,0,0,0
3915356490,2012,Northfield Center,Township,Summit,Property,roads,R,5,2.42,2022,975,67.46746826171875,32.53253173828125,3915356490,-17.46746826171875,0,0,0,0
3915356490,2013,Northfield Center,Township,Summit,Property,roads,R,5,1.4,1708,285,85.699951171875,14.300048828125,3915356490,-35.699951171875,0,0,0,0
3915356490,2015,Northfield Center,Township,Summit,Property,roads,R,5,2.42,1040,551,65.36769104003906,34.63230895996094,3915356490,-15.367691040039063,0,0,0,0
3915356490,2018,Northfield Center,Township,Summit,Property,roads,R,5,1.4,1226,1013,54.756587982177734,45.243412017822266,3915356490,-4.756587982177734,0,0,1,1
3915356490,2020,Northfield Center,Township,Summit,property,roads,R,5,1.4,2307,1104,67.634124755859375,32.365875244140625,3915356490,-17.634124755859375,0,0,0,0
3915357260,1995,Norton,City,Summit,Income,roads,A,5,.5,1214,775,61.03569793701172,38.96430206298828,3957260,-11.035697937011719,0,0,0,0
3915357260,2011,Norton,City,Summit,Property,roads,A,7,4.5,1610,2514,39.03976821899414,60.96023178100586,3957260,10.96023178100586,1,0,0,0
3915361574,1996,Peninsula,Village,Summit,Property,roads,R,5,3,173,372,31.743120193481445,68.25688171386719,3961574,18.256881713867188,1,0,0,0
3915361574,1997,Peninsula,Village,Summit,Property,roads,R,3,3,223,111,66.76646423339844,33.23353576660156,3961574,-16.766464233398438,0,0,0,0
3915361574,2001,Peninsula,Village,Summit,Property,roads,R,3,3,142,140,50.354610443115234,49.645389556884766,3961574,-0.3546104431152344,0,1,1,1
3915361574,2005,Peninsula,Village,Summit,Property,roads,R,5,3,129,85,60.280372619628906,39.719627380371094,3961574,-10.280372619628906,0,0,0,0
3915361574,2007,Peninsula,Village,Summit,Property,roads,R,5,3,129,141,47.77777862548828,52.22222137451172,3961574,2.2222213745117188,1,1,1,1
3915361574,2012,Peninsula,Village,Summit,Property,roads,R,5,3,177,166,51.60350036621094,48.39649963378906,3961574,-1.6035003662109375,0,1,1,1
3915361574,2020,Peninsula,Village,Summit,property,roads,R,5,3,256,106,70.718231201171875,29.281768798828125,3961574,-20.718231201171875,0,0,0,0
3915366152,1993,Reminderville,Village,Summit,Property,roads,A,5,4.5,429,306,58.367347717285156,41.632652282714844,3966152,-8.367347717285156,0,0,0,0
3915366152,1998,Reminderville,Village,Summit,Property,roads,A,5,3,347,319,52.10210037231445,47.89789962768555,3966152,-2.102100372314453,0,1,1,1
3915366152,2004,Reminderville,Village,Summit,Property,roads,R,5,3,36,290,11.04294490814209,88.9570541381836,3966152,38.957054138183594,1,0,0,0
3915366152,2007,Reminderville,Village,Summit,Property,roads,R,5,3,484,401,54.689266204833984,45.310733795166016,3966152,-4.689266204833984,0,0,1,1
3915366152,2009,Reminderville,Village,Summit,Property,roads,R,5,3,360,131,73.31975555419922,26.68024444580078,3966152,-23.31975555419922,0,0,0,0
3915366152,2018,Reminderville,Village,Summit,Property,roads,R,5,3,309,314,49.598716735839844,50.401283264160156,3966152,0.40128326416015625,1,1,1,1
3915366544,1991,Richfield,Township,Summit,Property,roads,R,5,3.3,873,794,52.36952590942383,47.63047409057617,3915366544,-2.369525909423828,0,1,1,1
3915366544,1994,Richfield,Township,Summit,Property,roads,R,5,.83,345,272,55.91572189331055,44.08427810668945,3915366544,-5.915721893310547,0,0,0,1
3915366544,1997,Richfield,Township,Summit,Property,roads,R,5,.83,457,141,76.42140197753906,23.578598022460938,3915366544,-26.421401977539063,0,0,0,0
3915366544,2000,Richfield,Township,Summit,Property,roads,R,5,.83,149,327,31.302520751953125,68.697479248046875,3915366544,18.697479248046875,1,0,0,0
3915366544,2003,Richfield,Township,Summit,Property,roads,A,5,.67,423,96,81.50289154052734,18.497108459472656,3915366544,-31.502891540527344,0,0,0,0
3915366544,2009,Richfield,Township,Summit,Property,roads,R,5,1.3,244,30,89.05109405517578,10.948905944824219,3915366544,-39.05109405517578,0,0,0,0
3915366544,2012,Richfield,Township,Summit,Property,roads,A,5,1,792,747,51.46198654174805,48.53801345825195,3915366544,-1.4619865417480469,0,1,1,1
3915366544,2014,Richfield,Township,Summit,Property,roads,R,5,1.3,792,1240,38.97637939453125,61.02362060546875,3915366544,11.02362060546875,1,0,0,0
3915369428,1994,Sagamore Hills,Township,Summit,Property,roads,A,cpt,1,3558,2226,61.514522552490234,38.485477447509766,3915369428,-11.514522552490234,0,0,0,0
3915369428,1995,Sagamore Hills,Township,Summit,Property,roads,R,5,1.67,2427,399,85.881103515625,14.118896484375,3915369428,-35.881103515625,0,0,0,0
3915369428,1996,Sagamore Hills,Township,Summit,Property,roads,R,3,3,1067,1375,43.693695068359375,56.306304931640625,3915369428,6.306304931640625,1,0,0,1
3915369428,1999,Sagamore Hills,Township,Summit,Property,roads,R,5,1.67,2390,583,80.39017486572266,19.609825134277344,3915369428,-30.390174865722656,0,0,0,0
3915369428,2006,Sagamore Hills,Township,Summit,Property,roads,R,1000,2.33,1413,2104,40.17628479003906,59.82371520996094,3915369428,9.8237152099609375,1,0,0,0
3915374130,1994,Springfield,Township,Summit,Property,roads,R,5,1,1648,2559,39.17280578613281,60.82719421386719,3915374130,10.827194213867188,1,0,0,0
3915374130,1997,Springfield,Township,Summit,Property,roads,A,5,1,1180,1915,38.12601089477539,61.87398910522461,3915374130,11.87398910522461,1,0,0,0
3915374130,1999,Springfield,Township,Summit,Property,roads,R,5,1,2424,1260,65.79804229736328,34.20195770263672,3915374130,-15.798042297363281,0,0,0,0
3915374130,2004,Springfield,Township,Summit,Property,roads,R,5,1,1663,2818,37.11225128173828,62.88774871826172,3915374130,12.887748718261719,1,0,0,0
3915374130,2010,Springfield,Township,Summit,Property,roads,R,5,1,3875,996,79.55245208740234,20.447547912597656,3915374130,-29.552452087402344,0,0,0,0
3915374130,2014,Springfield,Township,Summit,Property,roads,R,5,1,1432,1088,56.82539749145508,43.17460250854492,3915374130,-6.825397491455078,0,0,0,1
3915374130,2016,Springfield,Township,Summit,Property,roads,A,5,2.5,1231,1967,38.4928092956543,61.5071907043457,3915374130,11.507190704345703,1,0,0,0
3915378064,2017,Twinsburg,Township,Summit,Property,roads,A,cpt,2.76,895,1661,35.015647888183594,64.9843521118164,3915378064,14.984352111816406,1,0,0,0
3915504444,2000,Bazetta,Township,Trumbull,Property,roads,R,5,.6,2053,1077,65.59105682373047,34.40894317626953,3915504444,-15.591056823730469,0,0,0,0
3915504444,2005,Bazetta,Township,Trumbull,Property,roads,R,5,.6,1404,873,61.66007995605469,38.33992004394531,3915504444,-11.660079956054688,0,0,0,0
3915504444,2010,Bazetta,Township,Trumbull,Property,roads,R,5,.6,1281,1303,49.574302673339844,50.425697326660156,3915504444,0.42569732666015625,1,1,1,1
3915504444,2011,Bazetta,Township,Trumbull,Property,roads,R,5,.6,535,500,51.69082260131836,48.30917739868164,3915504444,-1.6908226013183594,0,1,1,1
3915504444,2015,Bazetta,Township,Trumbull,Property,roads,R,5,.6,1441,808,64.07292175292969,35.92707824707031,3915504444,-14.072921752929688,0,0,0,0
3915504444,2018,Bazetta,Township,Trumbull,Property,roads,A,5,3,1326,1562,45.914127349853516,54.085872650146484,3915504444,4.085872650146484,1,0,1,1
3915504444,2020,Bazetta,Township,Trumbull,property,roads,R,5,.6,2455,1055,69.943023681640625,30.056976318359375,3915504444,-19.943023681640625,0,0,0,0
3915508056,1991,Braceville,Township,Trumbull,Property,roads,R,5,1,459,429,51.68918991088867,48.31081008911133,3915508056,-1.6891899108886719,0,1,1,1
3915508056,1996,Braceville,Township,Trumbull,Property,roads,R,5,1,728,432,62.75862121582031,37.24137878417969,3915508056,-12.758621215820313,0,0,0,0
3915508056,2001,Braceville,Township,Trumbull,Property,roads,R,5,1,614,295,67.5467529296875,32.4532470703125,3915508056,-17.5467529296875,0,0,0,0
3915508056,2006,Braceville,Township,Trumbull,Property,roads,R,5,1,693,363,65.625,34.375,3915508056,-15.625,0,0,0,0
3915508056,2011,Braceville,Township,Trumbull,Property,roads,R,5,1,631,297,67.99568939208984,32.004310607910156,3915508056,-17.995689392089844,0,0,0,0
3915508056,2016,Braceville,Township,Trumbull,Property,roads,R,5,1,951,352,72.98542022705078,27.01457977294922,3915508056,-22.98542022705078,0,0,0,0
3915508056,2021,Braceville,Township,Trumbull,property,roads,R,5,1,200,109,64.72492218017578,35.27507781982422,3915508056,-14.724922180175781,0,0,0,0
3915508938,1995,Bristol,Township,Trumbull,Property,roads,R,5,1.1,593,244,70.8482666015625,29.1517333984375,3915508938,-20.8482666015625,0,0,0,0
3915508938,2000,Bristol,Township,Trumbull,Property,roads,R,5,1.1,851,475,64.177978515625,35.822021484375,3915508938,-14.177978515625,0,0,0,0
3915508938,2005,Bristol,Township,Trumbull,Property,roads,R,5,1.1,654,421,60.83720779418945,39.16279220581055,3915508938,-10.837207794189453,0,0,0,0
3915508938,2010,Bristol,Township,Trumbull,Property,roads,R,5,1.1,643,437,59.53703689575195,40.46296310424805,3915508938,-9.537036895751953,0,0,0,0
3915508938,2015,Bristol,Township,Trumbull,Property,roads,R,5,1.1,715,304,70.16683197021484,29.833168029785156,3915508938,-20.166831970214844,0,0,0,0
3915508938,2020,Bristol,Township,Trumbull,property,roads,R,5,1.1,994,446,69.02777862548828,30.97222137451172,3915508938,-19.02777862548828,0,0,0,0
3915509190,1993,Brookfield,Township,Trumbull,Property,roads,A,5,2.5,963,2498,27.82432746887207,72.17567443847656,3915509190,22.175674438476563,1,0,0,0
3915509190,1998,Brookfield,Township,Trumbull,Property,roads,A,1000,1,1147,1843,38.361202239990234,61.638797760009766,3915509190,11.638797760009766,1,0,0,0
3915509190,2010,Brookfield,Township,Trumbull,Property,roads,A,1000,2,1378,1668,45.23965835571289,54.76034164428711,3915509190,4.760341644287109,1,0,1,1
3915509190,2012,Brookfield,Township,Trumbull,property,roads,A,5,2,678,847,44.459014892578125,55.540985107421875,3915509190,5.540985107421875,1,0,0,1
3915513470,1992,Champion,Township,Trumbull,Property,roads,A,-999,1,1956,2668,42.3010368347168,57.6989631652832,3915513470,7.698963165283203,1,0,0,0
3915513470,2016,Champion,Township,Trumbull,Property,roads,A,5,1.5,2578,2416,51.6219482421875,48.3780517578125,3915513470,-1.6219482421875,0,1,1,1
3915513470,2020,Champion,Township,Trumbull,property,roads,R,5,1.5,3797,1288,74.67060089111328,25.32939910888672,3915513470,-24.67060089111328,0,0,0,0
3915526684,1992,Farmington,Township,Trumbull,Property,roads,A,-999,1.8,205,323,38.82575607299805,61.17424392700195,3915526684,11.174243927001953,1,0,0,0
3915526684,2007,Farmington,Township,Trumbull,Property,roads,A,3,3,97,130,42.73127746582031,57.26872253417969,3915526684,7.2687225341796875,1,0,0,1
3915526684,2017,Farmington,Township,Trumbull,Property,roads,A,cpt,2.5,133,226,37.04735565185547,62.95264434814453,3915526684,12.952644348144531,1,0,0,0
3915526684,2018,Farmington,Township,Trumbull,Property,roads,A,cpt,2.5,226,280,44.664031982421875,55.335968017578125,3915526684,5.335968017578125,1,0,0,1
3915526684,2021,Farmington,Township,Trumbull,property,roads,A,5,2.5,173,172,50.144927978515625,49.855072021484375,3915526684,-0.144927978515625,0,1,1,1
3915532046,2020,Greene,Township,Trumbull,property,roads,R,5,2,941,495,65.52925109863281,34.47074890136719,3915532046,-15.529251098632813,0,0,0,0
3915532732,1992,Gustavus,Township,Trumbull,Property,roads,R,5,2,246,85,74.32024383544922,25.67975616455078,3915532732,-24.32024383544922,0,0,0,0
3915532732,1996,Gustavus,Township,Trumbull,Property,roads,R,5,2,325,97,77.01422119140625,22.98577880859375,3915532732,-27.01422119140625,0,0,0,0
3915532732,2001,Gustavus,Township,Trumbull,Property,roads,R,5,2,238,113,67.80626678466797,32.19373321533203,3915532732,-17.80626678466797,0,0,0,0
3915532732,2007,Gustavus,Township,Trumbull,Property,roads,R,5,2,197,60,76.65369415283203,23.34630584716797,3915532732,-26.65369415283203,0,0,0,0
3915532732,2012,Gustavus,Township,Trumbull,Property,roads,R,5,2,326,141,69.807281494140625,30.192718505859375,3915532732,-19.807281494140625,0,0,0,0
3915532732,2017,Gustavus,Township,Trumbull,Property,roads,R,5,2,183,46,79.91266632080078,20.08733367919922,3915532732,-29.91266632080078,0,0,0,0
3915534230,1997,Hartford,Township,Trumbull,Property,roads,A,3,1,196,392,33.33333206176758,66.66667175292969,3915534230,16.666671752929688,1,0,0,0
3915536554,2016,Howland,Township,Trumbull,Property,roads,A,5,1.5,3718,2821,56.858848571777344,43.141151428222656,3915536554,-6.858848571777344,0,0,0,1
3915536554,2020,Howland,Township,Trumbull,property,roads,R,5,1.5,6793,3242,67.69307708740234,32.306922912597656,3915536554,-17.693077087402344,0,0,0,0
3915536596,2011,Hubbard,Township,Trumbull,Property,roads,A,5,1,611,545,52.854671478271484,47.145328521728516,3915536596,-2.8546714782714844,0,1,1,1
3915536596,2016,Hubbard,Township,Trumbull,Property,roads,R,5,1,1866,954,66.17021179199219,33.82978820800781,3915536596,-16.170211791992188,0,0,0,0
3915540502,1991,Kinsman,Township,Trumbull,Property,roads,R,5,1.5,401,261,60.57401657104492,39.42598342895508,3915540502,-10.574016571044922,0,0,0,0
3915540502,1994,Kinsman,Township,Trumbull,Property,roads,R,5,2,541,285,65.496368408203125,34.503631591796875,3915540502,-15.496368408203125,0,0,0,0
3915540502,1996,Kinsman,Township,Trumbull,Property,roads,R,5,1.5,663,279,70.38216400146484,29.617835998535156,3915540502,-20.382164001464844,0,0,0,0
3915540502,1999,Kinsman,Township,Trumbull,Property,roads,R,5,2,460,155,74.79674530029297,25.20325469970703,3915540502,-24.79674530029297,0,0,0,0
3915540502,2001,Kinsman,Township,Trumbull,Property,roads,R,5,1.5,387,152,71.79962921142578,28.20037078857422,3915540502,-21.79962921142578,0,0,0,0
3915540502,2005,Kinsman,Township,Trumbull,Property,roads,R,5,2,425,215,66.40625,33.59375,3915540502,-16.40625,0,0,0,0
3915540502,2006,Kinsman,Township,Trumbull,Property,roads,R,5,1.5,377,406,48.14814758300781,51.85185241699219,3915540502,1.8518524169921875,1,1,1,1
3915540502,2007,Kinsman,Township,Trumbull,Property,roads,R,5,1.5,115,112,50.66079330444336,49.33920669555664,3915540502,-0.6607933044433594,0,1,1,1
3915540502,2009,Kinsman,Township,Trumbull,Property,roads,R,5,2,446,245,64.54413604736328,35.45586395263672,3915540502,-14.544136047363281,0,0,0,0
3915540502,2011,Kinsman,Township,Trumbull,Property,roads,R,5,1.5,495,219,69.327728271484375,30.672271728515625,3915540502,-19.327728271484375,0,0,0,0
3915540502,2014,Kinsman,Township,Trumbull,Property,roads,R,5,2,467,132,77.96327209472656,22.036727905273438,3915540502,-27.963272094726563,0,0,0,0
3915540502,2016,Kinsman,Township,Trumbull,Property,roads,R,5,1.5,656,259,71.6939926147461,28.306007385253906,3915540502,-21.693992614746094,0,0,0,0
3915540502,2019,Kinsman,Township,Trumbull,property,roads,R,5,2,355,179,66.479400634765625,33.520599365234375,3915540502,-16.479400634765625,0,0,0,0
3915543344,1991,Liberty,Township,Trumbull,Property,roads,R,12,2.5,2668,73,97.33673858642578,2.6632614135742188,3915543344,-47.33673858642578,0,0,0,0
3915543344,2013,Liberty,Township,Trumbull,Property,roads,A,5,1.25,2934,1259,69.97376251220703,30.02623748779297,3915543344,-19.97376251220703,0,0,0,0
3915543344,2014,Liberty,Township,Trumbull,Property,roads,A,5,1.25,987,946,51.06052780151367,48.93947219848633,3915543344,-1.0605278015136719,0,1,1,1
3915543344,2016,Liberty,Township,Trumbull,Property,roads,A,5,1.25,1230,1945,38.74015808105469,61.25984191894531,3915543344,11.259841918945313,1,0,0,0
3915549210,1992,Mesopotamia,Township,Trumbull,Property,roads,R,5,3,34,109,23.77622413635254,76.2237777709961,3915549210,26.223777770996094,1,0,0,0
3915549210,2002,Mesopotamia,Township,Trumbull,Property,roads,R,5,3,174,118,59.58904266357422,40.41095733642578,3915549210,-9.589042663574219,0,0,0,0
3915549210,2006,Mesopotamia,Township,Trumbull,Property,roads,R,2,3,177,135,56.730770111083984,43.269229888916016,3915549210,-6.730770111083984,0,0,0,1
3915549210,2009,Mesopotamia,Township,Trumbull,Property,roads,R,2,3,145,113,56.2015495300293,43.7984504699707,3915549210,-6.201549530029297,0,0,0,1
3915549210,2011,Mesopotamia,Township,Trumbull,Property,roads,R,2,3,182,135,57.41324996948242,42.58675003051758,3915549210,-7.413249969482422,0,0,0,1
3915549210,2016,Mesopotamia,Township,Trumbull,Property,roads,R,2,3,108,118,47.7876091003418,52.2123908996582,3915549210,2.212390899658203,1,1,1,1
3915549210,2021,Mesopotamia,Township,Trumbull,property,roads,R,5,3,76,23,76.7676773071289,23.232322692871094,3915549210,-26.767677307128906,0,0,0,0
3915555636,1994,Newton,Township,Trumbull,Property,roads,A,5,1,396,733,35.075286865234375,64.924713134765625,3915555636,14.924713134765625,1,0,0,0
3915555636,1995,Newton,Township,Trumbull,Property,roads,A,5,1,463,549,45.7509880065918,54.2490119934082,3915555636,4.249011993408203,1,0,1,1
3915555636,1998,Newton,township,Trumbull,Property,roads,A,1000,3,904,609,59.748844146728516,40.251155853271484,3915555636,-9.748844146728516,0,0,0,0
3915555636,1999,Newton,Township,Trumbull,Property,roads,A,5,3,591,362,62.01469039916992,37.98530960083008,3915555636,-12.014690399169922,0,0,0,0
3915555636,2000,Newton,Township,Trumbull,Property,roads,A,5,3,421,1316,24.23719024658203,75.76280975341797,3915555636,25.76280975341797,1,0,0,0
3915555650,1991,Newton Falls,City,Trumbull,Property,roads,A,cpt,2,673,1064,38.74496078491211,61.25503921508789,3955650,11.25503921508789,1,0,0,0
3915555650,2016,Bradford,Village,Miami,Property,roads,R,5,7,506,267,65.4592514038086,34.540748596191406,3955650,-15.459251403808594,0,0,0,0
3915555650,2018,Newton Falls,City,Trumbull,Property,roads,A,cpt,2,399,378,51.35135269165039,48.64864730834961,3955650,-1.3513526916503906,0,1,1,1
3915558674,1995,Orangeville,Village,Trumbull,Property,roads,R,cpt,3,68,1620,4.028436183929443,95.97156524658203,3958674,45.97156524658203,1,0,0,0
3915558674,1996,Orangeville,Village,Trumbull,Property,roads,A,5,2,80,20,80,20,3958674,-30,0,0,0,0
3915558674,1998,Orangeville,Village,Trumbull,Property,roads,A,5,1,75,19,79.7872314453125,20.2127685546875,3958674,-29.7872314453125,0,0,0,0
3915558674,2001,Orangeville,Village,Trumbull,Property,roads,R,5,2,75,3,96.15384674072266,3.8461532592773438,3958674,-46.153846740722656,0,0,0,0
3915558674,2004,Orangeville,Village,Trumbull,Property,roads,R,5,3,47,18,72.30769348144531,27.692306518554688,3958674,-22.307693481445313,0,0,0,0
3915558674,2011,Orangeville,Village,Trumbull,Property,roads,R,5,3,59,15,79.72972869873047,20.27027130126953,3958674,-29.72972869873047,0,0,0,0
3915558674,2016,Orangeville,Village,Trumbull,Property,roads,R,5,3,44,21,67.69230651855469,32.30769348144531,3958674,-17.692306518554688,0,0,0,0
3915579856,1992,Vernon,Township,Trumbull,Property,roads,A,5,2,159,258,38.12949752807617,61.87050247192383,3915579856,11.870502471923828,1,0,0,0
3915579856,1997,Vernon,Township,Trumbull,Property,roads,A,5,2,193,241,44.47004699707031,55.52995300292969,3915579856,5.5299530029296875,1,0,0,1
3915579856,2001,Vernon,Township,Trumbull,Property,roads,A,5,2,235,177,57.03883361816406,42.96116638183594,3915579856,-7.0388336181640625,0,0,0,1
3915579856,2007,Vernon,Township,Trumbull,Property,roads,A,5,1.5,173,158,52.26586151123047,47.73413848876953,3915579856,-2.2658615112304688,0,1,1,1
3915580052,1998,Vienna,Township,Trumbull,Property,roads,R,5,1.2,1165,681,63.10942459106445,36.89057540893555,3915580052,-13.109424591064453,0,0,0,0
3915580052,2003,Vienna,Township,Trumbull,Property,roads,R,5,1.2,661,480,57.931640625,42.068359375,3915580052,-7.931640625,0,0,0,0
3915580052,2006,Vienna,Township,Trumbull,Property,roads,R,5,1,448,331,57.50962829589844,42.49037170410156,3915580052,-7.5096282958984375,0,0,0,0
3915580052,2011,Vienna,Township,Trumbull,Property,roads,R,5,1,660,471,58.355438232421875,41.644561767578125,3915580052,-8.355438232421875,0,0,0,0
3915580052,2015,Vienna,Township,Trumbull,Property,roads,R,5,1,1000,794,55.74135971069336,44.25864028930664,3915580052,-5.741359710693359,0,0,0,1
3915580052,2019,Vienna,Township,Trumbull,property,roads,R,5,1,687,329,67.61811065673828,32.38188934326172,3915580052,-17.61811065673828,0,0,0,0
3915580892,2001,Warren,City,Trumbull,Income,roads,A,3,.5,3322,3532,48.468048095703125,51.531951904296875,3980892,1.531951904296875,1,1,1,1
3915580906,2000,Warren,Township,Trumbull,Property,roads,R,5,1,1150,434,72.60101318359375,27.39898681640625,3915580906,-22.60101318359375,0,0,0,0
3915580906,2004,Warren,Township,Trumbull,Property,roads,R,5,1,723,1103,39.59474182128906,60.40525817871094,3915580906,10.405258178710938,1,0,0,0
3915580906,2009,Warren,Township,Trumbull,Property,roads,R,5,1,1752,460,79.20433807373047,20.79566192626953,3915580906,-29.20433807373047,0,0,0,0
3915580906,2012,Warren,Township,Trumbull,Property,roads,R,5,1,1084,1042,50.987770080566406,49.012229919433594,3915580906,-0.98777008056640625,0,1,1,1
3915580906,2017,Warren,Township,Trumbull,Property,roads,R,5,1,144,265,35.20782470703125,64.79217529296875,3915580906,14.79217529296875,1,0,0,0
3915580906,2019,Warren,Township,Trumbull,property,roads,R,5,1,477,171,73.611114501953125,26.388885498046875,3915580906,-23.611114501953125,0,0,0,0
3915580906,2021,Warren,Township,Trumbull,property,roads,A,10,2.75,377,280,57.38203811645508,42.61796188354492,3915580906,-7.382038116455078,0,0,0,1
3915583384,1993,West Farmington,Village,Trumbull,Property,roads,A,1000,2.5,67,49,57.75862121582031,42.24137878417969,3983384,-7.7586212158203125,0,0,0,0
3915702918,1996,Auburn,township,Tuscarawas,Property,roads,A,5,2,151,125,54.71014404296875,45.28985595703125,3915702918,-4.71014404296875,0,0,1,1
3915702918,2001,Auburn,Township,Tuscarawas,Property,roads,R,5,2,132,31,80.981597900390625,19.018402099609375,3915702918,-30.981597900390625,0,0,0,0
3915702918,2006,Auburn,Township,Tuscarawas,Property,roads,R,5,2,166,94,63.846153259277344,36.153846740722656,3915702918,-13.846153259277344,0,0,0,0
3915702918,2010,Auburn,Township,Tuscarawas,Property,roads,R,5,2,205,60,77.358489990234375,22.641510009765625,3915702918,-27.358489990234375,0,0,0,0
3915702918,2015,Auburn,Township,Tuscarawas,Property,roads,R,5,2,177,58,75.31914520263672,24.68085479736328,3915702918,-25.31914520263672,0,0,0,0
3915702918,2020,Auburn,Township,Tuscarawas,property,roads,A,5,3,254,131,65.974029541015625,34.025970458984375,3915702918,-15.974029541015625,0,0,0,0
3915703744,2006,Baltic,Village,Tuscarawas,Income,roads,A,1000,.5,97,136,41.63090133666992,58.36909866333008,3903744,8.369098663330078,1,0,0,0
3915703744,2007,Baltic,Village,Tuscarawas,Income,roads,A,1000,.5,60,79,43.16546630859375,56.83453369140625,3903744,6.83453369140625,1,0,0,1
3915703744,2008,Baltic,Village,Tuscarawas,Income,roads,A,1000,.5,120,149,44.60966491699219,55.39033508300781,3903744,5.3903350830078125,1,0,0,1
3915707594,1992,Bolivar,Village,Tuscarawas,Property,roads,R,5,2.9,272,177,60.579063415527344,39.420936584472656,3907594,-10.579063415527344,0,0,0,0
3915707594,1996,Bolivar,Village,Tuscarawas,Property,roads,R,5,2.9,247,165,59.95145797729492,40.04854202270508,3907594,-9.951457977294922,0,0,0,0
3915707594,2002,Bolivar,Village,Tuscarawas,Property,roads,R,5,2.9,125,70,64.1025619506836,35.897438049316406,3907594,-14.102561950683594,0,0,0,0
3915707594,2007,Bolivar,Village,Tuscarawas,Property,roads,R,5,2.9,183,98,65.12455749511719,34.87544250488281,3907594,-15.124557495117188,0,0,0,0
3915707594,2012,Bolivar,Village,Tuscarawas,Property,roads,R,5,2.9,303,183,62.345680236816406,37.654319763183594,3907594,-12.345680236816406,0,0,0,0
3915707594,2016,Bolivar,Village,Tuscarawas,Property,roads,R,5,2.9,262,217,54.69728469848633,45.30271530151367,3907594,-4.697284698486328,0,0,1,1
3915707594,2021,Bolivar,Village,Tuscarawas,property,roads,R,5,2.9,107,50,68.152862548828125,31.847137451171875,3907594,-18.152862548828125,0,0,0,0
3915709988,2003,Bucks,Township,Tuscarawas,Property,roads,A,1000,3,138,164,45.69536590576172,54.30463409423828,3915709988,4.304634094238281,1,0,1,1
3915709988,2004,Bucks,Township,Tuscarawas,Property,roads,A,5,3,270,399,40.35874557495117,59.64125442504883,3915709988,9.641254425048828,1,0,0,0
3915709988,2008,Bucks,Township,Tuscarawas,Property,roads,A,5,2,179,200,47.22955322265625,52.77044677734375,3915709988,2.77044677734375,1,1,1,1
3915709988,2020,Bucks,Township,Tuscarawas,property,roads,A,5,2,45,54,45.45454406738281,54.54545593261719,3915709988,4.5454559326171875,1,0,1,1
3915721714,1996,Dennison,Village,Tuscarawas,Property,roads,R,5,1.5,542,400,57.53715515136719,42.46284484863281,3921714,-7.5371551513671875,0,0,0,0
3915721714,2016,Dennison,Village,Tuscarawas,Property,roads,A,5,2,472,440,51.75438690185547,48.24561309814453,3921714,-1.7543869018554688,0,1,1,1
3915721714,2020,Dennison,Village,Tuscarawas,property,roads,R,5,2,738,267,73.4328384399414,26.567161560058594,3921714,-23.432838439941406,0,0,0,0
3915728462,2010,Franklin,Township,Tuscarawas,Property,roads,A,5,1,294,360,44.95412826538086,55.04587173461914,3915728462,5.045871734619141,1,0,0,1
3915728462,2012,Franklin,Township,Tuscarawas,Property,roads,A,5,1,424,580,42.231075286865234,57.768924713134766,3915728462,7.768924713134766,1,0,0,0
3915728462,2013,Franklin,Township,Tuscarawas,Property,roads,A,5,1,82,88,48.235294342041016,51.764705657958984,3915728462,1.7647056579589844,1,1,1,1
3915728462,2014,Franklin,Township,Tuscarawas,Property,roads,A,5,1,89,77,53.61445617675781,46.38554382324219,3915728462,-3.6144561767578125,0,0,1,1
3915728462,2018,Franklin,Township,Tuscarawas,Property,roads,R,5,1,519,287,64.392059326171875,35.607940673828125,3915728462,-14.392059326171875,0,0,0,0
3915731066,1992,Goshen,Township,Tuscarawas,Property,roads,A,5,1,426,471,47.49163818359375,52.50836181640625,3915731066,2.50836181640625,1,1,1,1
3915742182,1997,Lawrence,Township,Tuscarawas,Property,roads,A,5,2,888,469,65.43846893310547,34.56153106689453,3915742182,-15.438468933105469,0,0,0,0
3915742182,2000,Lawrence,Township,Tuscarawas,Property,roads,R,5,2,762,1348,36.11374282836914,63.88625717163086,3915742182,13.88625717163086,1,0,0,0
3915742182,2004,Lawrence,Township,Tuscarawas,Property,roads,R,5,2,167,1513,9.940476417541504,90.05952453613281,3915742182,40.05952453613281,1,0,0,0
3915742182,2010,Lawrence,township,Tuscarawas,Property,roads,R,5,2,805,730,52.442996978759766,47.557003021240234,3915742182,-2.4429969787597656,0,1,1,1
3915742182,2015,Lawrence,Township,Tuscarawas,Property,roads,R,5,2,200,1241,13.879250526428223,86.1207504272461,3915742182,36.120750427246094,1,0,0,0
3915749966,1991,Midvale,Village,Tuscarawas,Property,roads,R,5,5,129,2701,4.5583038330078125,95.44169616699219,3949966,45.44169616699219,1,0,0,0
3915749966,2003,Midvale,Village,Tuscarawas,Property,roads,A,5,5,84,40,67.74193572998047,32.25806427001953,3949966,-17.74193572998047,0,0,0,0
3915749966,2008,Midvale,Village,Tuscarawas,Property,roads,A,5,5,54,77,41.22137451171875,58.77862548828125,3949966,8.77862548828125,1,0,0,0
3915749966,2012,Midway,Village,Madison,Property,roads,A,5,2.1,65,1403,4.427793025970459,95.57220458984375,3949966,45.57220458984375,1,0,0,0
3915749966,2013,Midvale,Village,Tuscarawas,Property,roads,R,5,5,129,19,87.16216278076172,12.837837219238281,3949966,-37.16216278076172,0,0,0,0
3915749966,2015,Midvale,Village,Tuscarawas,Property,roads,R,5,5,197,92,68.16609191894531,31.833908081054688,3949966,-18.166091918945313,0,0,0,0
3915749966,2016,Midvale,Village,Tuscarawas,Property,roads,R,5,5,60,145,29.268293380737305,70.73170471191406,3949966,20.731704711914063,1,0,0,0
3915750764,1991,Mineral City,Village,Tuscarawas,Property,roads,A,5,2,70,1180,5.599999904632568,94.4000015258789,3950764,44.400001525878906,1,0,0,0
3915750764,2017,Mineral City,Village,Tuscarawas,Property,roads,A,5,2,19,39,32.75862121582031,67.24137878417969,3950764,17.241378784179688,1,0,0,0
3915754432,2001,Newcomerstown,Village,Tuscarawas,Income,roads,R,10,.5,212,460,31.547618865966797,68.45237731933594,3954432,18.452377319335938,1,0,0,0
3915759304,1995,Oxford,Township,Tuscarawas,Property,roads,A,5,1,188,69,73.15174865722656,26.848251342773438,3915759304,-23.151748657226563,0,0,0,0
3915764346,2019,Port Washington,Village,Tuscarawas,income,roads,A,N/A,.5,35,49,41.66666793823242,58.33333206176758,3964346,8.333332061767578,1,0,0,0
3915764346,2021,Port Washington,Village,Tuscarawas,income,roads,A,N/A,.5,35,38,47.94520568847656,52.05479431152344,3964346,2.0547943115234375,1,1,1,1
3915770443,1996,Sandy,Township,Tuscarawas,Property,roads,R,5,2,286,319,47.272727966308594,52.727272033691406,3915770443,2.7272720336914063,1,1,1,1
3915770443,2003,Sandy,Township,Tuscarawas,Property,roads,R,5,2,422,75,84.909454345703125,15.090545654296875,3915770443,-34.909454345703125,0,0,0,0
3915770443,2008,Sandy,Township,Tuscarawas,Property,roads,R,5,2,567,185,75.39893341064453,24.60106658935547,3915770443,-25.39893341064453,0,0,0,0
3915770443,2013,Sandy,Township,Tuscarawas,Property,roads,R,5,2,518,65,88.85076904296875,11.14923095703125,3915770443,-38.85076904296875,0,0,0,0
3915770443,2016,Sandy,Township,Tuscarawas,Property,roads,R,5,2,298,1388,17.674970626831055,82.32502746582031,3915770443,32.32502746582031,1,0,0,0
3915770443,2017,Sandy,Township,Tuscarawas,Property,roads,R,5,2,241,119,66.94444274902344,33.05555725097656,3915770443,-16.944442749023438,0,0,0,0
3915774958,2004,Strasburg,Village,Tuscarawas,Income,roads,A,5,.5,292,394,42.56559753417969,57.43440246582031,3974958,7.4344024658203125,1,0,0,1
3915774958,2008,Strasburg,Village,Tuscarawas,Income,roads,A,1000,.5,209,466,30.962963104248047,69.03703308105469,3974958,19.037033081054688,1,0,0,0
3915775217,1991,Sugarcreek,Township,Tuscarawas,Property,roads,A,5,3,141,34,80.57142639160156,19.428573608398438,3915775217,-30.571426391601563,0,0,0,0
3915775217,1994,Sugarcreek,Township,Tuscarawas,Property,roads,R,5,1,280,342,45.01607894897461,54.98392105102539,3915775217,4.983921051025391,1,0,1,1
3915775217,1995,Sugar Creek,Township,Tuscarawas,Property,roads,R,5,1,153,37,80.52631378173828,19.47368621826172,3915775217,-30.52631378173828,0,0,0,0
3915775217,1996,Sugar Creek,Township,Tuscarawas,Property,roads,A,5,3,137,693,16.506023406982422,83.49397277832031,3915775217,33.49397277832031,1,0,0,0
3915775217,2004,Sugar Creek,Township,Tuscarawas,Property,roads,R,5,1,133,413,24.35897445678711,75.641021728515625,3915775217,25.641021728515625,1,0,0,0
3915775217,2008,Sugar Creek,Township,Tuscarawas,Property,roads,R,5,1,222,585,27.509294509887695,72.49070739746094,3915775217,22.490707397460938,1,0,0,0
3915775217,2009,Sugar Creek,Township,Tuscarawas,Property,roads,R,5,1,788,342,69.73451232910156,30.265487670898438,3915775217,-19.734512329101563,0,0,0,0
3915775217,2014,Sugar Creek,Township,Tuscarawas,Property,roads,R,5,1,195,110,63.934425354003906,36.065574645996094,3915775217,-13.934425354003906,0,0,0,0
3915775217,2018,Sugarcreek,Township,Tuscarawas,Property,roads,A,5,3,245,165,59.75609588623047,40.24390411376953,3915775217,-9.756095886230469,0,0,0,0
3915777924,1995,Tuscarawas,Village,Tuscarawas,Property,roads,R,5,2,249,119,67.66304016113281,32.33695983886719,3977924,-17.663040161132813,0,0,0,0
3915777924,1999,Tuscarawas,Village,Tuscarawas,Property,roads,R,5,2,199,121,62.1875,37.8125,3977924,-12.1875,0,0,0,0
3915777924,2006,Tuscarawas,Village,Tuscarawas,Property,roads,R,5,2,224,168,57.14285659790039,42.85714340209961,3977924,-7.142856597900391,0,0,0,1
3915777924,2010,Tuscarawas,Village,Tuscarawas,Property,roads,R,5,2,200,292,40.65040588378906,59.34959411621094,3977924,9.3495941162109375,1,0,0,0
3915777924,2016,Tuscarawas,Village,Tuscarawas,Property,roads,R,5,2,300,133,69.28406524658203,30.71593475341797,3977924,-19.28406524658203,0,0,0,0
3915777924,2017,Tuscarawas,Village,Tuscarawas,Property,roads,R,5,2,138,1046,11.655405044555664,88.34459686279297,3977924,38.34459686279297,1,0,0,0
3915778176,1994,Uhrichsville,City,Tuscarawas,Income,roads,A,N/A,.25,196,456,30.061349868774414,69.93865203857422,3978176,19.93865203857422,1,0,0,0
3915778176,2001,Uhrichsville,City,Tuscarawas,Property,roads,A,3,2,562,351,61.55531311035156,38.44468688964844,3978176,-11.555313110351563,0,0,0,0
3915782292,1991,Wayne,Township,Tuscarawas,Property,roads,R,5,2,175,106,62.27758026123047,37.72241973876953,3915782292,-12.277580261230469,0,0,0,0
3915782292,1993,Wayne,Township,Tuscarawas,Property,roads,R,5,3,194,120,61.78343963623047,38.21656036376953,3915782292,-11.783439636230469,0,0,0,0
3915782292,1997,Wayne,Township,Tuscarawas,Property,roads,R,5,3,116,69,62.702701568603516,37.297298431396484,3915782292,-12.702701568603516,0,0,0,0
3915782292,1998,Wayne,Township,Tuscarawas,Property,roads,R,5,2,144,76,65.45454406738281,34.54545593261719,3915782292,-15.454544067382813,0,0,0,0
3915782292,2000,Wayne,Township,Tuscarawas,Property,roads,R,5,3,159,203,43.92265319824219,56.07734680175781,3915782292,6.0773468017578125,1,0,0,1
3915782292,2001,Wayne,Township,Tuscarawas,Property,roads,R,5,2,88,142,38.260868072509766,61.739131927490234,3915782292,11.739131927490234,1,0,0,0
3915782292,2002,Wayne,Township,Tuscarawas,Property,roads,R,5,.8,284,144,66.35514068603516,33.644859313964844,3915782292,-16.355140686035156,0,0,0,0
3915782292,2005,Wayne,Township,Tuscarawas,Property,roads,R,5,3,188,169,52.66106414794922,47.33893585205078,3915782292,-2.6610641479492188,0,1,1,1
3915782292,2006,Wayne,Township,Tuscarawas,Property,roads,R,5,2,215,202,51.558753967285156,48.441246032714844,3915782292,-1.5587539672851563,0,1,1,1
3915782292,2007,Wayne,Township,Tuscarawas,Property,roads,R,5,.8,211,160,56.873313903808594,43.126686096191406,3915782292,-6.873313903808594,0,0,0,1
3915782292,2010,Wayne,Township,Tuscarawas,Property,roads,R,5,3,207,196,51.36476516723633,48.63523483276367,3915782292,-1.3647651672363281,0,1,1,1
3915782292,2011,Wayne,Township,Tuscarawas,Property,roads,R,5,2,211,199,51.46341323852539,48.53658676147461,3915782292,-1.4634132385253906,0,1,1,1
3915782292,2012,Wayne,Township,Tuscarawas,Property,roads,R,5,.8,302,2315,11.539931297302246,88.46006774902344,3915782292,38.46006774902344,1,0,0,0
3915782292,2015,Wayne,Township,Tuscarawas,Property,roads,R,5,3,340,175,66.01941680908203,33.98058319091797,3915782292,-16.01941680908203,0,0,0,0
3915782292,2016,Wayne,Township,Tuscarawas,Property,roads,R,5,2,376,316,54.33525848388672,45.66474151611328,3915782292,-4.335258483886719,0,0,1,1
3915782292,2017,Wayne,Township,Tuscarawas,Property,roads,R,5,.8,234,99,70.27027130126953,29.72972869873047,3915782292,-20.27027130126953,0,0,0,0
3915782292,2020,Wayne,Township,Tuscarawas,property,roads,R,5,.8,396,248,61.490684509277344,38.509315490722656,3915782292,-11.490684509277344,0,0,0,0
3915950218,1994,Milford Center,Village,Union,Property,roads,R,3,2,136,155,46.73539352416992,53.26460647583008,3950218,3.264606475830078,1,0,1,1
3915966936,2007,Richwood,Village,Union,Property,roads,A,5,2,175,35,83.33333587646484,16.666664123535156,3966936,-33.333335876464844,0,0,0,0
3916149728,2010,Middle Point,Village,Van Wert,Property,roads,A,5,1,66,57,53.65853500366211,46.34146499633789,3949728,-3.6585350036621094,0,0,1,1
3916179562,1999,Van Wert,City,Van Wert,Income,roads,A,1000,.5,695,1391,33.317352294921875,66.682647705078125,3979562,16.682647705078125,1,0,0,0
3916323100,2016,Eagle,Township,Vinton,Property,roads,A,5,2,115,111,50.88495635986328,49.11504364013672,3916323100,-0.88495635986328125,0,1,1,1
3916324892,2013,Elk,Township,Vinton,Property,roads,A,5,1,128,97,56.88888931274414,43.11111068725586,3916324892,-6.888889312744141,0,0,0,1
3916324892,2018,Elk,Township,Vinton,Property,roads,R,5,1,317,122,72.209564208984375,27.790435791015625,3916324892,-22.209564208984375,0,0,0,0
3916334048,2015,Harrison,Township,Vinton,Property,roads,A,4,2,173,161,51.79640579223633,48.20359420776367,3916334048,-1.7964057922363281,0,1,1,1
3916334048,2020,Harrison,Township,Vinton,property,roads,R,4,2,336,150,69.13580322265625,30.86419677734375,3916334048,-19.13580322265625,0,0,0,0
3916338136,2004,Jackson,Township,Vinton,Property,roads,A,3,2,155,207,42.81768035888672,57.18231964111328,3916338136,7.182319641113281,1,0,0,1
3916340880,1991,Knox,Township,Vinton,Property,roads,R,5,2,119,61,66.111114501953125,33.888885498046875,3916340880,-16.111114501953125,0,0,0,0
3916340880,1996,Knox,Township,Vinton,Property,roads,R,5,2,139,65,68.13725280761719,31.862747192382813,3916340880,-18.137252807617188,0,0,0,0
3916340880,2001,Knox,Township,Vinton,Property,roads,R,5,2,86,45,65.64885711669922,34.35114288330078,3916340880,-15.648857116699219,0,0,0,0
3916340880,2006,Knox,Township,Vinton,Property,roads,R,5,2,136,61,69.03553009033203,30.96446990966797,3916340880,-19.03553009033203,0,0,0,0
3916340880,2011,Knox,Township,Vinton,Property,roads,R,5,2,145,38,79.23497009277344,20.765029907226563,3916340880,-29.234970092773438,0,0,0,0
3916340880,2015,Knox,Township,Vinton,Property,roads,R,5,2,106,25,80.91603088378906,19.083969116210938,3916340880,-30.916030883789063,0,0,0,0
3916340880,2021,Knox,Township,Vinton,property,roads,R,5,2,124,35,77.98741912841797,22.01258087158203,3916340880,-27.98741912841797,0,0,0,0
3916345696,1997,McArthur,Village,Vinton,Property,roads,R,5,2.5,476,216,68.78612518310547,31.21387481689453,3945696,-18.78612518310547,0,0,0,0
3916345696,2006,McArthur,Village,Vinton,Property,roads,R,5,2.5,381,301,55.8651008605957,44.1348991394043,3945696,-5.865100860595703,0,0,0,1
3916345696,2010,McArthur,Village,Vinton,Property,roads,R,5,2.5,357,143,71.4000015258789,28.599998474121094,3945696,-21.400001525878906,0,0,0,0
3916345696,2017,McArthur,Village,Vinton,Property,roads,R,5,2.5,381,100,79.20997619628906,20.790023803710938,3945696,-29.209976196289063,0,0,0,0
3916345696,2020,McArthur,Village,Vinton,property,roads,R,5,2.5,545,204,72.76368713378906,27.236312866210938,3945696,-22.763687133789063,0,0,0,0
3916366768,2013,Richland,Township,Vinton,Property,roads,A,1000,2,328,71,82.20551300048828,17.79448699951172,3916366768,-32.20551300048828,0,0,0,0
3916366768,2017,Richland,Township,Vinton,Property,roads,A,1000,2,144,78,64.8648681640625,35.1351318359375,3916366768,-14.8648681640625,0,0,0,0
3916375854,1992,Swan,Township,Vinton,Property,roads,A,5,1,141,892,13.649564743041992,86.350433349609375,3916375854,36.350433349609375,1,0,0,0
3916375854,2019,Swan,Township,Vinton,property,roads,R,5,1,151,57,72.59615325927734,27.403846740722656,3916375854,-22.596153259277344,0,0,0,0
3916380192,2003,Vinton,Township,Vinton,Property,roads,A,4,.5,86,37,69.918701171875,30.081298828125,3916380192,-19.918701171875,0,0,0,0
3916380192,2018,Vinton,Township,Vinton,Property,roads,R,5,1,96,49,66.20689392089844,33.79310607910156,3916380192,-16.206893920898438,0,0,0,0
3916380192,2021,Vinton,Township,Vinton,property,roads,R,5,1,84,23,78.504669189453125,21.495330810546875,3916380192,-28.504669189453125,0,0,0,0
3916388028,1999,Zaleski,Village,Vinton,Property,roads,R,5,4,110,23,82.7067642211914,17.293235778808594,3988028,-32.706764221191406,0,0,0,0
3916388028,2004,Zaleski,Village,Vinton,Property,roads,R,5,4,105,23,82.03125,17.96875,3988028,-32.03125,0,0,0,0
3916388028,2009,Zaleski,Village,Vinton,Property,roads,R,5,4,124,7,94.65648651123047,5.343513488769531,3988028,-44.65648651123047,0,0,0,0
3916388028,2014,Zaleski,Village,Vinton,Property,roads,R,5,4,73,6,92.405059814453125,7.594940185546875,3988028,-42.405059814453125,0,0,0,0
3916388028,2018,Zaleski,Village,Vinton,Property,roads,R,5,4,58,51,53.21100997924805,46.78899002075195,3988028,-3.211009979248047,0,0,1,1
3916388028,2020,Zaleski,Village,Vinton,property,roads,R,5,4,101,32,75.939849853515625,24.060150146484375,3988028,-25.939849853515625,0,0,0,0
3916533068,2018,Hamilton,Township,Warren,Property,roads,A,cpt,1.25,6864,4827,58.711830139160156,41.288169860839844,3916533068,-8.711830139160156,0,0,0,0
3916533068,2019,Hamilton,Township,Franklin,property,roads,A,5,1,409,276,59.708030700683594,40.291969299316406,3916533068,-9.708030700683594,0,0,0,0
3916533474,1994,Harlan,Township,Warren,Property,roads,R,-999,1,606,494,55.09090805053711,44.90909194946289,3916533474,-5.090908050537109,0,0,0,1
3916533474,1998,Harlan,Township,Warren,Property,roads,A,2,1,504,647,43.78800964355469,56.21199035644531,3916533474,6.2119903564453125,1,0,0,1
3916533474,1999,Harlan,Township,Warren,Property,roads,A,5,1,42,87,32.55813980102539,67.441864013671875,3916533474,17.441864013671875,1,0,0,0
3916534384,2004,Harveysburg,Village,Warren,Property,roads,A,5,2.5,156,96,61.904762268066406,38.095237731933594,3934384,-11.904762268066406,0,0,0,0
3916534384,2009,Harveysburg,Village,Warren,Property,roads,R,5,2.5,137,61,69.1919174194336,30.808082580566406,3934384,-19.191917419433594,0,0,0,0
3916534384,2014,Harveysburg,Village,Warren,Property,roads,R,5,2.5,124,76,62,38,3934384,-12,0,0,0,0
3916534384,2020,Harveysburg,Village,Warren,property,roads,A,5,2.5,42,40,51.219512939453125,48.780487060546875,3934384,-1.219512939453125,0,1,1,1
3916542364,2010,Lebanon,City,Warren,Property,roads,A,5,1.5,3783,1461,72.13958740234375,27.86041259765625,3942364,-22.13958740234375,0,0,0,0
3916542364,2013,Lebanon,City,Warren,Property,roads,A,5,2,1076,1428,42.97124481201172,57.02875518798828,3942364,7.028755187988281,1,0,0,1
3916542364,2018,Lebanon,City,Warren,Income,roads,A,5,.25,2158,3304,39.50933837890625,60.49066162109375,3942364,10.49066162109375,1,0,0,0
3916581690,2020,Washington,Township,Clinton,property,roads,R,5,1.5,685,424,61.767356872558594,38.232643127441406,3916581690,-11.767356872558594,0,0,0,0
3916582418,1994,Waynesville,Village,Warren,Property,roads,R,5,3,361,1034,25.878135681152344,74.12186431884766,3982418,24.121864318847656,1,0,0,0
3916582418,1995,Waynesville,Village,Warren,Property,roads,R,5,1,295,588,33.40883255004883,66.59117126464844,3982418,16.591171264648438,1,0,0,0
3916582418,1998,Waynesville,Village,Warren,Property,roads,R,-999,2.5,459,466,49.621620178222656,50.378379821777344,3982418,0.37837982177734375,1,1,1,1
3916582418,1999,Waynesville,Village,Warren,Property,roads,R,5,2.5,305,201,60.27667999267578,39.72332000732422,3982418,-10.276679992675781,0,0,0,0
3916582418,2005,Waynesville,Village,Warren,Property,roads,R,5,2.5,369,624,37.16012191772461,62.83987808227539,3982418,12.83987808227539,1,0,0,0
3916582418,2009,Waynesville,Village,Warren,Property,roads,R,5,2.5,277,700,28.35209846496582,71.64790344238281,3982418,21.647903442382813,1,0,0,0
3916582418,2010,Waynesville,Village,Warren,Property,roads,R,5,2.5,882,312,73.86934661865234,26.130653381347656,3982418,-23.869346618652344,0,0,0,0
3916582418,2014,Waynesville,Village,Warren,Property,roads,R,5,1,200,456,30.487804412841797,69.51219177246094,3982418,19.512191772460938,1,0,0,0
3916726810,1992,Fearing,Township,Washington,Property,roads,R,-999,1,189,153,55.26315689086914,44.73684310913086,3916726810,-5.263156890869141,0,0,0,1
3916726810,1997,Fearing,Township,Washington,Property,roads,R,5,1,215,118,64.56456756591797,35.43543243408203,3916726810,-14.564567565917969,0,0,0,0
3916726810,2001,Fearing,Township,Washington,Property,roads,R,5,1,211,79,72.75862121582031,27.241378784179688,3916726810,-22.758621215820313,0,0,0,0
3916726810,2007,Fearing,Township,Washington,Property,roads,R,5,1,200,98,67.11409759521484,32.885902404785156,3916726810,-17.114097595214844,0,0,0,0
3916726810,2012,Fearing,Township,Washington,Property,roads,R,5,1,325,146,69.00212097167969,30.997879028320313,3916726810,-19.002120971679688,0,0,0,0
3916726810,2017,Fearing,Township,Washington,Property,roads,R,5,1,222,51,81.31867980957031,18.681320190429688,3916726810,-31.318679809570313,0,0,0,0
3916781844,2021,Watertown,Township,Washington,property,roads,A,5,4,131,136,49.06367111206055,50.93632888793945,3916781844,0.9363288879394531,1,1,1,1
3916904276,1994,Baughman,Township,Wayne,Property,roads,R,5,2,423,259,62.023460388183594,37.976539611816406,3916904276,-12.023460388183594,0,0,0,0
3916904276,1999,Baughman,Township,Wayne,Property,roads,R,5,2,210,170,55.26315689086914,44.73684310913086,3916904276,-5.263156890869141,0,0,0,1
3916904276,2009,Baughman,Township,Wayne,Property,roads,R,5,2,495,321,60.661766052246094,39.338233947753906,3916904276,-10.661766052246094,0,0,0,0
3916904276,2015,Baughman,Township,Wayne,Property,roads,R,5,2,485,485,50,50,3916904276,0,0,1,1,1
3916904276,2017,Baughman Township Road District,Road District,Wayne,Property,roads,A,5,2,231,190,54.86935806274414,45.13064193725586,NA,-4.869358062744141,0,0,1,1
3916914044,1995,Chester,Township,Wayne,Property,roads,R,5,1.9,658,276,70.449676513671875,29.550323486328125,3916914044,-20.449676513671875,0,0,0,0
3916914044,2000,Chester,Township,Wayne,Property,roads,R,5,1.9,913,358,71.83319854736328,28.16680145263672,3916914044,-21.83319854736328,0,0,0,0
3916914044,2005,Chester,Township,Wayne,Property,roads,R,5,1.9,702,231,75.24115753173828,24.75884246826172,3916914044,-25.24115753173828,0,0,0,0
3916914044,2010,Chester,Township,Wayne,Property,roads,R,5,1.9,744,302,71.12810516357422,28.87189483642578,3916914044,-21.12810516357422,0,0,0,0
3916914044,2016,Chester,Township,Wayne,Property,roads,R,5,1.9,1102,359,75.42778778076172,24.57221221923828,3916914044,-25.42778778076172,0,0,0,0
3916914044,2020,Chester,Township,Wayne,property,roads,R,5,1.9,1157,446,72.17716979980469,27.822830200195313,3916914044,-22.177169799804688,0,0,0,0
3916918322,1991,Congress,Township,Wayne,Property,roads,R,5,2.5,368,236,60.92715072631836,39.07284927368164,3916918322,-10.92715072631836,0,0,0,0
3916918322,1996,Congress,Township,Wayne,Property,roads,R,5,2.5,651,466,58.28110885620117,41.71889114379883,3916918322,-8.281108856201172,0,0,0,0
3916918322,2001,Congress,Township,Wayne,Property,roads,R,5,2.5,398,212,65.24590301513672,34.75409698486328,3916918322,-15.245903015136719,0,0,0,0
3916918322,2007,Congress,Township,Wayne,Property,roads,R,1000,2.5,325,191,62.9844970703125,37.0155029296875,3916918322,-12.9844970703125,0,0,0,0
3916924136,1993,East Union,Township,Wayne,Property,roads,R,5,1.5,662,467,58.63595962524414,41.36404037475586,3916924136,-8.63595962524414,0,0,0,0
3916924136,1998,East Union,Township,Wayne,Property,roads,R,5,1.5,742,633,53.9636344909668,46.0363655090332,3916924136,-3.963634490966797,0,0,1,1
3916924136,2003,East Union,Township,Wayne,Property,roads,R,5,1.5,776,346,69.1622085571289,30.837791442871094,3916924136,-19.162208557128906,0,0,0,0
3916924136,2008,East Union,Township,Wayne,Property,roads,R,5,1.5,1397,822,62.9562873840332,37.0437126159668,3916924136,-12.956287384033203,0,0,0,0
3916924136,2013,East Union,Township,Wayne,Property,roads,R,5,1.5,493,197,71.44927215576172,28.55072784423828,3916924136,-21.44927215576172,0,0,0,0
3916924136,2018,East Union,Township,Wayne,Property,roads,R,5,1.5,1025,637,61.67268371582031,38.32731628417969,3916924136,-11.672683715820313,0,0,0,0
3916950666,1997,Milton,Township,Wayne,Property,roads,A,5,1.25,492,75,86.7724838256836,13.227516174316406,3916950666,-36.772483825683594,0,0,0,0
3916950666,2000,Milton,Township,Wood,Property,roads,R,5,2.5,206,12,94.49541473388672,5.504585266113281,3916950666,-44.49541473388672,0,0,0,0
3916950666,2014,Milton,Township,Wood,Property,roads,A,5,2.5,234,175,57.21271514892578,42.78728485107422,3916950666,-7.212715148925781,0,0,0,1
3916950666,2015,Milton,Township,Wood,Property,roads,R,5,2.5,237,95,71.38554382324219,28.614456176757813,3916950666,-21.385543823242188,0,0,0,0
3916950666,2020,Milton,Township,Wood,property,roads,A,cpt,1.5,271,270,50.09242248535156,49.90757751464844,3916950666,-0.0924224853515625,0,1,1,1
3916959556,1992,Paint,Township,Wayne,Property,roads,R,5,5,285,495,36.53845977783203,63.46154022216797,3916959556,13.461540222167969,1,0,0,0
3916959556,1994,Paint,Township,Wayne,Property,roads,A,5,1,209,134,60.932945251464844,39.067054748535156,3916959556,-10.932945251464844,0,0,0,0
3916959556,1996,Paint,Township,Wayne,Property,roads,A,5,2,98,222,30.625,69.375,3916959556,19.375,1,0,0,0
3916959556,1998,Paint,township,Wayne,Property,roads,A,5,5,134,138,49.264705657958984,50.735294342041016,3916959556,0.7352943420410156,1,1,1,1
3916959556,2007,Paint,Township,Wayne,Property,roads,A,5,5,149,81,64.78260803222656,35.21739196777344,3916959556,-14.782608032226563,0,0,0,0
3916959556,2011,Paint,Township,Wayne,Property,roads,R,5,5,138,113,54.980079650878906,45.019920349121094,3916959556,-4.980079650878906,0,0,1,1
3916959556,2015,Paint,Township,Wayne,Property,roads,R,5,5,216,145,59.83379364013672,40.16620635986328,3916959556,-9.833793640136719,0,0,0,0
3916959556,2021,Paint,Township,Wayne,property,roads,A,5,4,34,29,53.96825408935547,46.03174591064453,3916959556,-3.9682540893554688,0,0,1,1
3916970198,1991,Salt Creek,Township,Wayne,Property,roads,R,5,2.5,150,44,77.31958770751953,22.68041229248047,3916970198,-27.31958770751953,0,0,0,0
3916970198,1992,Salt Creek Township Road District,Road District,Wayne,Property,roads,R,5,2.5,183,82,69.05660247802734,30.943397521972656,NA,-19.056602478027344,0,0,0,0
3916970198,2004,Salt Creek,Township,Wayne,Property,roads,R,5,5,94,103,47.715736389160156,52.284263610839844,3916970198,2.2842636108398438,1,1,1,1
3916970198,2008,Salt Creek,Township,Wayne,Property,roads,R,5,5,63,171,26.923076629638672,73.07691955566406,3916970198,23.076919555664063,1,0,0,0
3916970198,2009,Salt Creek,Township,Wayne,Property,roads,R,5,2.5,220,28,88.70967864990234,11.290321350097656,3916970198,-38.709678649902344,0,0,0,0
3916970198,2014,Salt Creek,Township,Wayne,Property,roads,R,5,2.5,332,564,37.05356979370117,62.94643020629883,3916970198,12.946430206298828,1,0,0,0
3916975231,2000,Sugar Creek,Township,Wayne,Property,roads,R,4,2,1394,856,61.9555549621582,38.0444450378418,3916975231,-11.955554962158203,0,0,0,0
3916975231,2004,Sugar Creek,Township,Wayne,Property,roads,R,4,2,1568,913,63.200321197509766,36.799678802490234,3916975231,-13.200321197509766,0,0,0,0
3916975231,2008,Sugar Creek,Township,Wayne,Property,roads,R,4,2,1601,857,65.1342544555664,34.865745544433594,3916975231,-15.134254455566406,0,0,0,0
3916975231,2009,Sugar Creek,Township,Wayne,Property,roads,R,4,2,1951,1094,64.07225036621094,35.92774963378906,3916975231,-14.072250366210938,0,0,0,0
3916975231,2014,Sugar Creek,Township,Wayne,Property,roads,R,4,2,1778,2301,43.589115142822266,56.410884857177734,3916975231,6.410884857177734,1,0,0,1
3916975231,2017,Sugar Creek,Township,Wayne,Property,roads,R,4,2,1869,607,75.484649658203125,24.515350341796875,3916975231,-25.484649658203125,0,0,0,0
3916975231,2021,Sugar Creek,Township,Wayne,property,roads,R,4,2,187,28,86.97674560546875,13.02325439453125,3916975231,-36.97674560546875,0,0,0,0
3916984196,1991,West Salem,Village,Wayne,Property,roads,A,cpt,2,27,343,7.297297477722168,92.70270538330078,3984196,42.70270538330078,1,0,0,0
3916984196,2018,West Salem,Village,Wayne,Property,roads,A,5,1.5,216,67,76.32508850097656,23.674911499023438,3984196,-26.325088500976563,0,0,0,0
3917108140,1993,Brady,Township,Williams,Property,roads,R,5,1,484,149,76.46129608154297,23.53870391845703,3917108140,-26.46129608154297,0,0,0,0
3917108140,1998,Brady,Township,Williams,Property,roads,R,5,1,610,238,71.9339599609375,28.0660400390625,3917108140,-21.9339599609375,0,0,0,0
3917108140,2003,Brady,Township,Williams,Property,roads,R,5,1,645,309,67.61006164550781,32.38993835449219,3917108140,-17.610061645507813,0,0,0,0
3917108140,2008,Brady,Township,Williams,Property,roads,R,5,1,756,440,63.21070098876953,36.78929901123047,3917108140,-13.210700988769531,0,0,0,0
3917108140,2013,Brady,Township,Williams,Property,roads,R,5,1,402,116,77.6061782836914,22.393821716308594,3917108140,-27.606178283691406,0,0,0,0
3917108140,2018,Brady,Township,Williams,Property,roads,R,5,1,721,212,77.27759552001953,22.72240447998047,3917108140,-27.27759552001953,0,0,0,0
3917108630,1992,Bridgewater,Township,Williams,Property,roads,A,1000,1,188,189,49.867374420166016,50.132625579833984,3917108630,0.13262557983398438,1,1,1,1
3917109792,1994,Bryan,City,Williams,Income,roads,A,9.5,.5,1430,881,61.87797546386719,38.12202453613281,3909792,-11.877975463867188,0,0,0,0
3917109792,2014,Bryan,City,Williams,Income,roads,-999,10,.5,629,279,69.27312469482422,30.72687530517578,3909792,-19.27312469482422,0,0,0,0
3917124640,2020,Edon,Village,Williams,income,roads,A,N/A,.25,220,173,55.979644775390625,44.020355224609375,3924640,-5.979644775390625,0,0,0,1
3917174131,2016,Springfield,Township,Williams,Property,roads,A,5,1.5,604,2082,22.486968994140625,77.513031005859375,3917174131,27.513031005859375,1,0,0,0
3917174131,2020,Springfield,Township,Williams,property,roads,R,5,1.5,808,333,70.81507110595703,29.18492889404297,3917174131,-20.81507110595703,0,0,0,0
3917307020,1994,Bloom,Township,Wood,Property,roads,R,5,1,488,381,56.15650177001953,43.84349822998047,3917307020,-6.156501770019531,0,0,0,1
3917307020,1999,Bloom,Township,Wood,Property,roads,R,5,1,358,214,62.5874137878418,37.4125862121582,3917307020,-12.587413787841797,0,0,0,0
3917307020,2005,Bloom,Township,Wood,Property,roads,R,5,1,489,275,64.00523376464844,35.99476623535156,3917307020,-14.005233764648438,0,0,0,0
3917307020,2009,Bloom,Township,Wood,Property,roads,R,5,1,511,329,60.83333206176758,39.16666793823242,3917307020,-10.833332061767578,0,0,0,0
3917307020,2014,Bloom,Township,Wood,Property,roads,R,5,1,420,221,65.52262115478516,34.477378845214844,3917307020,-15.522621154785156,0,0,0,0
3917307020,2019,Bloom,Township,Wood,property,roads,R,5,1,268,114,70.15706634521484,29.842933654785156,3917307020,-20.157066345214844,0,0,0,0
3917313015,1992,Center,Township,Wood,Property,roads,R,4,2,371,203,64.63414764404297,35.36585235595703,3917313015,-14.634147644042969,0,0,0,0
3917313015,1996,Center,Township,Wood,Property,roads,R,4,2,363,246,59.60591125488281,40.39408874511719,3917313015,-9.6059112548828125,0,0,0,0
3917313015,2000,Center,Township,Wood,Property,roads,R,4,2,427,205,67.56329345703125,32.43670654296875,3917313015,-17.56329345703125,0,0,0,0
3917313015,2004,Center,Township,Wood,Property,roads,R,4,2,498,213,70.04219055175781,29.957809448242188,3917313015,-20.042190551757813,0,0,0,0
3917313015,2009,Center,Township,Wood,Property,roads,R,4,2,347,169,67.24806213378906,32.75193786621094,3917313015,-17.248062133789063,0,0,0,0
3917313015,2013,Center,Township,Wood,Property,roads,R,4,2,291,116,71.49877166748047,28.50122833251953,3917313015,-21.49877166748047,0,0,0,0
3917313015,2017,Center,Township,Wood,Property,roads,R,4,2,279,115,70.81217956542969,29.187820434570313,3917313015,-20.812179565429688,0,0,0,0
3917313015,2021,Center,Township,Wood,property,roads,R,4,2,234,92,71.779144287109375,28.220855712890625,3917313015,-21.779144287109375,0,0,0,0
3917328756,2006,Freedom,Township,Wood,Property,roads,A,5,1,400,281,58.737152099609375,41.262847900390625,3917328756,-8.737152099609375,0,0,0,0
3917328756,2010,Freedom,Township,Wood,Property,roads,R,5,1,395,180,68.6956558227539,31.304344177246094,3917328756,-18.695655822753906,0,0,0,0
3917328756,2016,Freedom,Township,Wood,Property,roads,R,5,1,567,224,71.6814193725586,28.318580627441406,3917328756,-21.681419372558594,0,0,0,0
3917328756,2021,Freedom,Township,Wood,property,roads,R,5,1,153,52,74.63414764404297,25.36585235595703,3917328756,-24.63414764404297,0,0,0,0
3917331206,1992,Grand Rapids,Village,Wood,Property,roads,R,5,2,222,135,62.18487548828125,37.81512451171875,3931206,-12.18487548828125,0,0,0,0
3917331206,1997,Grand Rapids,Village,Wood,Property,roads,R,5,2,254,149,63.02729415893555,36.97270584106445,3931206,-13.027294158935547,0,0,0,0
3917331206,2001,Grand Rapids,Village,Wood,Property,roads,R,5,2,186,119,60.98360824584961,39.01639175415039,3931206,-10.98360824584961,0,0,0,0
3917331206,2007,Grand Rapids,Village,Wood,Property,roads,R,5,2,162,121,57.24381637573242,42.75618362426758,3931206,-7.243816375732422,0,0,0,1
3917331206,2012,Grand Rapids,Village,Wood,property,roads,R,5,2,112,57,66.272186279296875,33.727813720703125,3931206,-16.272186279296875,0,0,0,0
3917331206,2016,Grand Rapids,Village,Wood,Property,roads,R,5,2,281,186,60.17130661010742,39.82869338989258,3931206,-10.171306610107422,0,0,0,0
3917331206,2021,Grand Rapids,Village,Wood,property,roads,R,5,2,115,25,82.14286041259766,17.857139587402344,3931206,-32.142860412597656,0,0,0,0
3917334412,2003,Haskins,Village,Wood,Property,roads,A,5,1,150,168,47.1698112487793,52.8301887512207,3934412,2.830188751220703,1,1,1,1
3917334412,2005,Haskins,Village,Wood,Property,roads,A,5,2,182,147,55.319149017333984,44.680850982666016,3934412,-5.319149017333984,0,0,0,1
3917334412,2009,Haskins,Village,Wood,Property,roads,R,5,2,199,178,52.7851448059082,47.2148551940918,3934412,-2.785144805908203,0,1,1,1
3917334412,2014,Haskins,Village,Wood,Property,roads,R,5,2,229,104,68.768768310546875,31.231231689453125,3934412,-18.768768310546875,0,0,0,0
3917334412,2019,Haskins,Village,Wood,property,roads,A,5,2.5,118,89,57.00482940673828,42.99517059326172,3934412,-7.004829406738281,0,0,0,1
3917334986,1995,Henry,Township,Wood,Property,roads,R,5,2,118,48,71.08433532714844,28.915664672851563,3917334986,-21.084335327148438,0,0,0,0
3917334986,2000,Henry,Township,Wood,Property,roads,R,5,2,190,77,71.16104888916016,28.838951110839844,3917334986,-21.161048889160156,0,0,0,0
3917334986,2004,Henry,Township,Wood,Property,roads,A,5,1,198,116,63.05732345581055,36.94267654418945,3917334986,-13.057323455810547,0,0,0,0
3917334986,2005,Henry,Township,Wood,Property,roads,R,5,2,150,68,68.807342529296875,31.192657470703125,3917334986,-18.807342529296875,0,0,0,0
3917334986,2009,Henry,Township,Wood,Property,roads,R,5,1,172,56,75.4385986328125,24.5614013671875,3917334986,-25.4385986328125,0,0,0,0
3917334986,2010,Henry,Township,Wood,Property,roads,R,5,2,105,59,64.0243911743164,35.975608825683594,3917334986,-14.024391174316406,0,0,0,0
3917334986,2013,Henry,Township,Wood,Property,roads,R,5,1,106,36,74.64788818359375,25.35211181640625,3917334986,-24.64788818359375,0,0,0,0
3917334986,2014,Henry,Township,Wood,Property,roads,R,5,2,133,72,64.8780517578125,35.1219482421875,3917334986,-14.8780517578125,0,0,0,0
3917334986,2019,Henry Township Road District,Township,Wood,property,roads,R,5,1,88,38,69.84127044677734,30.158729553222656,3917334986,-19.841270446777344,0,0,0,0
3917334986,2020,Henry,Township,Wood,property,roads,R,5,2,230,122,65.340911865234375,34.659088134765625,3917334986,-15.340911865234375,0,0,0,0
3917338164,1991,Jackson,Township,Wood,Property,roads,R,5,2,158,92,63.20000076293945,36.79999923706055,3917338164,-13.200000762939453,0,0,0,0
3917338164,1992,Jackson,Township,Wood,Property,roads,A,5,4,150,157,48.85993576049805,51.14006423950195,3917338164,1.1400642395019531,1,1,1,1
3917338164,1993,Jackson,Township,Wood,Property,roads,A,5,4,139,106,56.73469543457031,43.26530456542969,3917338164,-6.7346954345703125,0,0,0,1
3917338164,1997,Jackson,Township,Wood,Property,roads,R,5,2,63,33,65.625,34.375,3917338164,-15.625,0,0,0,0
3917338164,2001,Jackson,Township,Wood,Property,roads,R,5,2,198,67,74.71697998046875,25.28302001953125,3917338164,-24.71697998046875,0,0,0,0
3917338164,2006,Jackson,Township,Wood,Property,roads,R,5,2,212,89,70.43189239501953,29.56810760498047,3917338164,-20.43189239501953,0,0,0,0
3917338164,2007,Jackson,Township,Wood,Property,roads,R,5,4,170,95,64.15093994140625,35.84906005859375,3917338164,-14.15093994140625,0,0,0,0
3917338164,2011,Jackson,Township,Wood,Property,roads,R,5,2,168,83,66.9322738647461,33.067726135253906,3917338164,-16.932273864746094,0,0,0,0
3917338164,2013,Jackson,Township,Wood,Property,roads,R,5,4,130,43,75.1445083618164,24.855491638183594,3917338164,-25.144508361816406,0,0,0,0
3917338164,2017,Jackson,Township,Wood,Property,roads,A,5,3,106,53,66.66666412353516,33.333335876464844,3917338164,-16.666664123535156,0,0,0,0
3917341328,2000,Lake,Township,Wood,Property,roads,R,5,1,947,835,53.14253616333008,46.85746383666992,3917341328,-3.142536163330078,0,0,1,1
3917341328,2002,Lake,Township,Wood,Property,roads,R,5,1,1640,846,65.96942901611328,34.03057098388672,3917341328,-15.969429016113281,0,0,0,0
3917341328,2007,Lake,Township,Wood,Property,roads,R,5,1,1584,659,70.61970520019531,29.380294799804688,3917341328,-20.619705200195313,0,0,0,0
3917341328,2012,Lake,Township,Wood,Property,roads,A,1000,1,936,1207,43.67708969116211,56.32291030883789,3917341328,6.322910308837891,1,0,0,1
3917341328,2014,Lake,Township,Wood,Property,roads,R,5,1,1420,808,63.734291076660156,36.265708923339844,3917341328,-13.734291076660156,0,0,0,0
3917341328,2018,Lake,Township,Wood,Property,roads,R,5,1,1239,12022,9.343186378479004,90.65681457519531,3917341328,40.65681457519531,1,0,0,0
3917341328,2021,Lake,Township,Wood,property,roads,R,5,1,962,404,70.42459869384766,29.575401306152344,3917341328,-20.424598693847656,0,0,0,0
3917349812,1997,Middleton,Township,Wood,Property,roads,R,3,2,690,4651,12.918929100036621,87.08106994628906,3917349812,37.08106994628906,1,0,0,0
3917349812,2004,Middleton,Township,Wood,Property,roads,A,5,2,373,697,34.85981369018555,65.14018249511719,3917349812,15.140182495117188,1,0,0,0
3917349812,2011,Middleton,Township,Wood,Property,roads,R,3,2,1153,746,60.71616744995117,39.28383255004883,3917349812,-10.716167449951172,0,0,0,0
3917349812,2013,Middleton,Township,Wood,property,roads,A,3,2,379,219,63.377925872802734,36.622074127197266,3917349812,-13.377925872802734,0,0,0,0
3917349812,2017,Middleton,Township,Wood,Property,roads,R,3,2,818,1019,44.52912521362305,55.47087478637695,3917349812,5.470874786376953,1,0,0,1
3917349812,2020,Middleton,Township,Wood,property,roads,R,3,2,1820,923,66.3507080078125,33.6492919921875,3917349812,-16.3507080078125,0,0,0,0
3917350708,1991,Milton Center,Village,Wood,Property,roads,R,5,2.5,21,1845,1.1254019737243652,98.87459564208984,3950708,48.874595642089844,1,0,0,0
3917350708,2005,Milton Center,Village,Wood,Property,roads,R,5,2.5,33,20,62.26415252685547,37.73584747314453,3950708,-12.264152526855469,0,0,0,0
3917350708,2009,Milton Center,Village,Wood,Property,roads,R,5,2.5,34,14,70.83333587646484,29.166664123535156,3950708,-20.833335876464844,0,0,0,0
3917350708,2010,Milton Center,Village,Wood,Property,roads,R,5,2.5,12,12,50,50,3950708,0,0,1,1,1
3917350708,2015,Milton Center,Village,Wood,Property,roads,R,5,2.5,37,17,68.51851654052734,31.481483459472656,3950708,-18.518516540527344,0,0,0,0
3917350708,2020,Milton Center,Village,Wood,property,roads,R,5,2.5,36,34,51.42856979370117,48.57143020629883,3950708,-1.4285697937011719,0,1,1,1
3917351744,1993,Montgomery,Township,Wood,Property,roads,R,3,1,1210,1777,40.508872985839844,59.491127014160156,3917351744,9.491127014160156,1,0,0,0
3917351744,1995,Montgomery,Township,Wood,Property,roads,R,3,1,743,252,74.673370361328125,25.326629638671875,3917351744,-24.673370361328125,0,0,0,0
3917351744,1999,Montgomery,township,Wood,Property,roads,R,3,1,1093,380,74.20230865478516,25.797691345214844,3917351744,-24.202308654785156,0,0,0,0
3917351744,2002,Montgomery,Township,Wood,Property,roads,R,3,1,685,414,62.32939147949219,37.67060852050781,3917351744,-12.329391479492188,0,0,0,0
3917351744,2005,Montgomery,Township,Wood,Property,roads,R,4,1,275,86,76.17728424072266,23.822715759277344,3917351744,-26.177284240722656,0,0,0,0
3917351744,2008,Montgomery,Township,Wood,Property,roads,R,3,1,183,749,19.63519287109375,80.36480712890625,3917351744,30.36480712890625,1,0,0,0
3917351744,2010,Montgomery,Township,Wood,Property,roads,R,3,1,1179,133,89.86280822753906,10.137191772460938,3917351744,-39.86280822753906,0,0,0,0
3917351744,2014,Montgomery,Township,Wood,Property,roads,R,3,1,693,372,65.07041931152344,34.92958068847656,3917351744,-15.070419311523438,0,0,0,0
3917351744,2020,Montgomery,Township,Wood,property,roads,R,3,1,409,154,72.64653778076172,27.35346221923828,3917351744,-22.64653778076172,0,0,0,0
3917356154,1998,North Baltimore,Village,Wood,Property,roads,R,5,2,364,419,46.48786544799805,53.51213455200195,3956154,3.512134552001953,1,0,1,1
3917356154,2008,North Baltimore,Village,Wood,Property,roads,A,5,2,288,1056,21.428571701049805,78.57142639160156,3956154,28.571426391601563,1,0,0,0
3917356154,2012,North Baltimore,Village,Wood,Property,roads,R,5,2,495,634,43.84410858154297,56.15589141845703,3956154,6.155891418457031,1,0,0,1
3917356154,2019,North Baltimore,Village,Wood,property,roads,R,5,2,254,122,67.553192138671875,32.446807861328125,3956154,-17.553192138671875,0,0,0,0
3917362162,1993,Perrysburg,Township,Wood,Property,roads,A,5,1.5,3004,107,96.56059265136719,3.4394073486328125,3917362162,-46.56059265136719,0,0,0,0
3917364108,2012,Portage,Village,Wood,Property,roads,A,5,1.6,26,902,2.8017241954803467,97.198272705078125,3964108,47.198272705078125,1,0,0,0
3917364108,2015,Portage,Village,Wood,Property,roads,A,5,1.6,48,490,8.9219331741333,91.07806396484375,3964108,41.07806396484375,1,0,0,0
3917364122,1991,Portage,Township,Wood,Property,roads,R,3,1,313,369,45.89442825317383,54.10557174682617,3917364122,4.105571746826172,1,0,1,1
3917364122,1992,Portage,Township,Wood,Property,roads,R,5,1,338,395,46.11186981201172,53.88813018798828,3917364122,3.8881301879882813,1,0,1,1
3917364122,1994,Portage,Township,Wood,Property,roads,R,3,1,344,763,31.07497787475586,68.925018310546875,3917364122,18.925018310546875,1,0,0,0
3917364122,1995,Portage,Township,Wood,Property,roads,R,3,1,344,221,60.88495635986328,39.11504364013672,3917364122,-10.884956359863281,0,0,0,0
3917364122,1999,Portage,Township,Wood,Property,roads,R,3,1,327,126,72.18543243408203,27.81456756591797,3917364122,-22.18543243408203,0,0,0,0
3917364122,2003,Portage,Township,Wood,Property,roads,R,3,1,311,151,67.3160171508789,32.683982849121094,3917364122,-17.316017150878906,0,0,0,0
3917364122,2006,Portage,Township,Wood,Property,roads,R,3,1,237,235,50.21186447143555,49.78813552856445,3917364122,-0.21186447143554688,0,1,1,1
3917364122,2009,Portage,Township,Wood,Property,roads,R,3,1,441,603,42.24137878417969,57.75862121582031,3917364122,7.7586212158203125,1,0,0,0
3917364122,2012,Portage,Township,Wood,Property,roads,R,3,1,399,330,54.73250961303711,45.26749038696289,3917364122,-4.732509613037109,0,0,1,1
3917364122,2014,Portage,Township,Wood,Property,roads,R,3,1,500,61,89.126556396484375,10.873443603515625,3917364122,-39.126556396484375,0,0,0,0
3917364122,2015,Portage,Township,Wood,Property,roads,A,5,1,64,43,59.81308364868164,40.18691635131836,3917364122,-9.81308364868164,0,0,0,0
3917364122,2018,Portage,Township,Wood,Property,roads,R,3,1,83,134,38.24884796142578,61.75115203857422,3917364122,11.751152038574219,1,0,0,0
3917364122,2021,Portage,Township,Wood,property,roads,R,5,1,184,83,68.91385650634766,31.086143493652344,3917364122,-18.913856506347656,0,0,0,0
3917367314,1994,Risingsun,Village,Wood,Property,roads,R,5,2,108,11,90.75630187988281,9.2436981201171875,3967314,-40.75630187988281,0,0,0,0
3917367314,1998,Risingsun,Village,Wood,Property,roads,R,5,2,127,60,67.91443634033203,32.08556365966797,3967314,-17.91443634033203,0,0,0,0
3917367314,2002,Risingsun,Village,Wood,Property,roads,R,5,2,100,49,67.11409759521484,32.885902404785156,3967314,-17.114097595214844,0,0,0,0
3917367314,2006,Risingsun,Village,Wood,Property,roads,R,5,2,87,98,47.02702713012695,52.97297286987305,3967314,2.972972869873047,1,1,1,1
3917367314,2011,Risingsun,Village,Wood,Property,roads,R,5,2,81,62,56.64335632324219,43.35664367675781,3967314,-6.6433563232421875,0,0,0,1
3917367314,2020,Risingsun,Village,Wood,property,roads,R,5,2,131,95,57.964603424072266,42.035396575927734,3967314,-7.964603424072266,0,0,0,0
3917381704,2002,Washington,Township,Wood,Property,roads,A,1000,2,412,377,52.21799850463867,47.78200149536133,3917381704,-2.217998504638672,0,1,1,1
3917570016,2021,Salem,Township,Columbiana,property,roads,R,5,.9,728,298,70.95516204833984,29.044837951660156,3917570016,-20.955162048339844,0,0,0,0
